01812a37-ee77-4912-ab9d-d99468fe4fd7,7e249a64-9f13-47d3-a232-562a3d080198,85150212-a4ca-5b7f-93e5-befb0f9b7a58
01812a37-ee77-4912-ab9d-d99468fe4fd7,919a3f90-b681-422c-8481-fe313daa0044,bcfaffcd-7ac4-11f0-8000-bb3209de79c0
01812a37-ee77-4912-ab9d-d99468fe4fd7,972bdd5f-5f8c-42d1-a47f-1ac08d1da48e,da334c89-29ad-56a6-852b-1ab5940f21f6
01812a37-ee77-4912-ab9d-d99468fe4fd7,1a18976a-3baf-4634-83b8-d94470937202,b51ed23e-6420-4d10-a327-7603ff8c7386
01812a37-ee77-4912-ab9d-d99468fe4fd7,fe987366-a8ad-48fa-8821-73f54f6df180,8c4e2d0a-ae38-58e6-84a4-3563d3c484f4
01812a37-ee77-4912-ab9d-d99468fe4fd7,adb1c653-17d6-4e23-aeed-590290936c54,8b101cd4-ca61-4e38-8889-84470e890fc5
01812a37-ee77-4912-ab9d-d99468fe4fd7,69b0e5b9-3be2-4ec3-a9a6-bb5b523d4b32,ad27f18d-99e2-4402-8803-4825e4a439c6
01812a37-ee77-4912-ab9d-d99468fe4fd7,7e4651d9-7c1f-4dc1-b552-a24519d6c9fc,8aeafec2-2834-4874-b2a8-25604b880440
01812a37-ee77-4912-ab9d-d99468fe4fd7,916616e1-d0e2-4190-a6bb-23ebf81bc5cf,cf09d17b-a8da-4ee9-9ee6-95c5dc85810f
01812a37-ee77-4912-ab9d-d99468fe4fd7,8130458f-ae96-4ab3-89b9-21f06a2aac78,3603c6e0-605b-48a0-ad84-47c17d98bf6b
0199425b-9e4b-42e2-ab2c-fa49e43f5c36,7e249a64-9f13-47d3-a232-562a3d080198,a445d29b-2ba7-5a46-8885-5a5d11680eba
0199425b-9e4b-42e2-ab2c-fa49e43f5c36,919a3f90-b681-422c-8481-fe313daa0044,bd0d5cef-7ac4-11f0-8000-bb3209de79c0
0199425b-9e4b-42e2-ab2c-fa49e43f5c36,972bdd5f-5f8c-42d1-a47f-1ac08d1da48e,da334c89-29ad-56a6-852b-1ab5940f21f6
0199425b-9e4b-42e2-ab2c-fa49e43f5c36,fe987366-a8ad-48fa-8821-73f54f6df180,46a0ca00-3921-11ed-8000-bb3209de79c0
0199425b-9e4b-42e2-ab2c-fa49e43f5c36,c2eb2a01-e85a-40d9-b0dd-550f6be14476,8aeafec2-2834-4874-b2a8-25604b880440
0199425b-9e4b-42e2-ab2c-fa49e43f5c36,69b0e5b9-3be2-4ec3-a9a6-bb5b523d4b32,31c79380-d8c8-4304-bd35-6448e6378c41
0199425b-9e4b-42e2-ab2c-fa49e43f5c36,8130458f-ae96-4ab3-89b9-21f06a2aac78,6bb0b0b6-41cd-4bb3-a0e8-d483b25f6cf1
02684d13-cc2b-4e72-b4fc-20d1675dbc71,7e249a64-9f13-47d3-a232-562a3d080198,c37bb10c-96d3-5039-9612-6cd415ce6a23
02684d13-cc2b-4e72-b4fc-20d1675dbc71,919a3f90-b681-422c-8481-fe313daa0044,bcb81fff-7ac4-11f0-8000-bb3209de79c0
02684d13-cc2b-4e72-b4fc-20d1675dbc71,972bdd5f-5f8c-42d1-a47f-1ac08d1da48e,da334c89-29ad-56a6-852b-1ab5940f21f6
02684d13-cc2b-4e72-b4fc-20d1675dbc71,44ba72f7-f60a-4af8-b62b-7c6125e76cf2,efd37dc4-0be8-4f5d-a91e-b2c1cc24923e
02684d13-cc2b-4e72-b4fc-20d1675dbc71,163a237b-c25f-4062-84ee-695f217d6bec,945fc345-4f69-482f-a52e-cb3a2638b8cc
02684d13-cc2b-4e72-b4fc-20d1675dbc71,fe987366-a8ad-48fa-8821-73f54f6df180,b62f72ce-d958-5f90-8ab8-dd06ff30dfee
02684d13-cc2b-4e72-b4fc-20d1675dbc71,5fc998ef-6826-414c-8bfc-b2b9511f15a3,ea0ba378-6d29-46d8-84f2-6b14fca7bc16
02684d13-cc2b-4e72-b4fc-20d1675dbc71,69b0e5b9-3be2-4ec3-a9a6-bb5b523d4b32,750120c8-1d4b-4fed-8908-ce14e30d3e15
02684d13-cc2b-4e72-b4fc-20d1675dbc71,69b0e5b9-3be2-4ec3-a9a6-bb5b523d4b32,fcd7f192-b04e-4765-90cf-5cc4f6125619
02684d13-cc2b-4e72-b4fc-20d1675dbc71,6dd0f2db-ff7b-4629-a113-c5f9e12699b1,8aeafec2-2834-4874-b2a8-25604b880440
02684d13-cc2b-4e72-b4fc-20d1675dbc71,8130458f-ae96-4ab3-89b9-21f06a2aac78,a980b931-9769-4975-847a-5d81405b213b
0708f596-2082-4e1d-bcb9-2d58c87a6b92,7e249a64-9f13-47d3-a232-562a3d080198,a445d29b-2ba7-5a46-8885-5a5d11680eba
0708f596-2082-4e1d-bcb9-2d58c87a6b92,919a3f90-b681-422c-8481-fe313daa0044,bd466537-7ac4-11f0-8000-bb3209de79c0
0708f596-2082-4e1d-bcb9-2d58c87a6b92,972bdd5f-5f8c-42d1-a47f-1ac08d1da48e,da334c89-29ad-56a6-852b-1ab5940f21f6
0708f596-2082-4e1d-bcb9-2d58c87a6b92,fe987366-a8ad-48fa-8821-73f54f6df180,ae7a6a00-e600-11ed-8000-bb3209de79c0
0708f596-2082-4e1d-bcb9-2d58c87a6b92,c2eb2a01-e85a-40d9-b0dd-550f6be14476,8aeafec2-2834-4874-b2a8-25604b880440
0708f596-2082-4e1d-bcb9-2d58c87a6b92,69b0e5b9-3be2-4ec3-a9a6-bb5b523d4b32,31c79380-d8c8-4304-bd35-6448e6378c41
0708f596-2082-4e1d-bcb9-2d58c87a6b92,8130458f-ae96-4ab3-89b9-21f06a2aac78,6bb0b0b6-41cd-4bb3-a0e8-d483b25f6cf1
0bed7cb2-3fbb-4413-8a54-95e8c3275b5a,7e249a64-9f13-47d3-a232-562a3d080198,c37bb10c-96d3-5039-9612-6cd415ce6a23
0bed7cb2-3fbb-4413-8a54-95e8c3275b5a,919a3f90-b681-422c-8481-fe313daa0044,bbf2bba4-7ac4-11f0-8000-bb3209de79c0
0bed7cb2-3fbb-4413-8a54-95e8c3275b5a,972bdd5f-5f8c-42d1-a47f-1ac08d1da48e,da334c89-29ad-56a6-852b-1ab5940f21f6
0bed7cb2-3fbb-4413-8a54-95e8c3275b5a,44ba72f7-f60a-4af8-b62b-7c6125e76cf2,8ffa1546-7451-4bf8-a608-51f1daf0080f
0bed7cb2-3fbb-4413-8a54-95e8c3275b5a,163a237b-c25f-4062-84ee-695f217d6bec,e1129000-bb2d-412e-a52a-b3b6968000bb
0bed7cb2-3fbb-4413-8a54-95e8c3275b5a,fe987366-a8ad-48fa-8821-73f54f6df180,cce4cb44-9448-5b93-a091-4b8847dafebb
0bed7cb2-3fbb-4413-8a54-95e8c3275b5a,5fc998ef-6826-414c-8bfc-b2b9511f15a3,a871822b-2505-475a-bb4d-ace0588ebb35
0bed7cb2-3fbb-4413-8a54-95e8c3275b5a,69b0e5b9-3be2-4ec3-a9a6-bb5b523d4b32,6d2f2bff-94e2-483c-a279-10fdd610c55f
0bed7cb2-3fbb-4413-8a54-95e8c3275b5a,69b0e5b9-3be2-4ec3-a9a6-bb5b523d4b32,db2e8f75-21ce-43ac-b936-fb7213faae86
0bed7cb2-3fbb-4413-8a54-95e8c3275b5a,6dd0f2db-ff7b-4629-a113-c5f9e12699b1,8aeafec2-2834-4874-b2a8-25604b880440
0bed7cb2-3fbb-4413-8a54-95e8c3275b5a,8130458f-ae96-4ab3-89b9-21f06a2aac78,a980b931-9769-4975-847a-5d81405b213b
0c982eea-a510-406b-82f3-a269d70cd41f,7e249a64-9f13-47d3-a232-562a3d080198,c37bb10c-96d3-5039-9612-6cd415ce6a23
0c982eea-a510-406b-82f3-a269d70cd41f,919a3f90-b681-422c-8481-fe313daa0044,bc8f2599-7ac4-11f0-8000-bb3209de79c0
0c982eea-a510-406b-82f3-a269d70cd41f,972bdd5f-5f8c-42d1-a47f-1ac08d1da48e,da334c89-29ad-56a6-852b-1ab5940f21f6
0c982eea-a510-406b-82f3-a269d70cd41f,44ba72f7-f60a-4af8-b62b-7c6125e76cf2,efd37dc4-0be8-4f5d-a91e-b2c1cc24923e
0c982eea-a510-406b-82f3-a269d70cd41f,163a237b-c25f-4062-84ee-695f217d6bec,945fc345-4f69-482f-a52e-cb3a2638b8cc
0c982eea-a510-406b-82f3-a269d70cd41f,fe987366-a8ad-48fa-8821-73f54f6df180,68bca1e8-1834-5409-8d1e-74cb8b88c8eb
0c982eea-a510-406b-82f3-a269d70cd41f,5fc998ef-6826-414c-8bfc-b2b9511f15a3,ea0ba378-6d29-46d8-84f2-6b14fca7bc16
0c982eea-a510-406b-82f3-a269d70cd41f,69b0e5b9-3be2-4ec3-a9a6-bb5b523d4b32,750120c8-1d4b-4fed-8908-ce14e30d3e15
0c982eea-a510-406b-82f3-a269d70cd41f,69b0e5b9-3be2-4ec3-a9a6-bb5b523d4b32,fcd7f192-b04e-4765-90cf-5cc4f6125619
0c982eea-a510-406b-82f3-a269d70cd41f,6dd0f2db-ff7b-4629-a113-c5f9e12699b1,8aeafec2-2834-4874-b2a8-25604b880440
0c982eea-a510-406b-82f3-a269d70cd41f,8130458f-ae96-4ab3-89b9-21f06a2aac78,a980b931-9769-4975-847a-5d81405b213b
1060bc25-3989-48e0-a60e-76681f2af6d1,7e249a64-9f13-47d3-a232-562a3d080198,c37bb10c-96d3-5039-9612-6cd415ce6a23
1060bc25-3989-48e0-a60e-76681f2af6d1,919a3f90-b681-422c-8481-fe313daa0044,bcbb31d3-7ac4-11f0-8000-bb3209de79c0
1060bc25-3989-48e0-a60e-76681f2af6d1,972bdd5f-5f8c-42d1-a47f-1ac08d1da48e,da334c89-29ad-56a6-852b-1ab5940f21f6
1060bc25-3989-48e0-a60e-76681f2af6d1,44ba72f7-f60a-4af8-b62b-7c6125e76cf2,efd37dc4-0be8-4f5d-a91e-b2c1cc24923e
1060bc25-3989-48e0-a60e-76681f2af6d1,163a237b-c25f-4062-84ee-695f217d6bec,945fc345-4f69-482f-a52e-cb3a2638b8cc
1060bc25-3989-48e0-a60e-76681f2af6d1,fe987366-a8ad-48fa-8821-73f54f6df180,b20df521-1ea4-548e-8d4e-b151586897a6
1060bc25-3989-48e0-a60e-76681f2af6d1,5fc998ef-6826-414c-8bfc-b2b9511f15a3,ea0ba378-6d29-46d8-84f2-6b14fca7bc16
1060bc25-3989-48e0-a60e-76681f2af6d1,69b0e5b9-3be2-4ec3-a9a6-bb5b523d4b32,750120c8-1d4b-4fed-8908-ce14e30d3e15
1060bc25-3989-48e0-a60e-76681f2af6d1,69b0e5b9-3be2-4ec3-a9a6-bb5b523d4b32,fcd7f192-b04e-4765-90cf-5cc4f6125619
1060bc25-3989-48e0-a60e-76681f2af6d1,6dd0f2db-ff7b-4629-a113-c5f9e12699b1,8aeafec2-2834-4874-b2a8-25604b880440
1060bc25-3989-48e0-a60e-76681f2af6d1,8130458f-ae96-4ab3-89b9-21f06a2aac78,a980b931-9769-4975-847a-5d81405b213b
1613b67f-3317-4683-adef-0fd03ce62045,7e249a64-9f13-47d3-a232-562a3d080198,85150212-a4ca-5b7f-93e5-befb0f9b7a58
1613b67f-3317-4683-adef-0fd03ce62045,919a3f90-b681-422c-8481-fe313daa0044,bcff71b2-7ac4-11f0-8000-bb3209de79c0
1613b67f-3317-4683-adef-0fd03ce62045,972bdd5f-5f8c-42d1-a47f-1ac08d1da48e,da334c89-29ad-56a6-852b-1ab5940f21f6
1613b67f-3317-4683-adef-0fd03ce62045,1a18976a-3baf-4634-83b8-d94470937202,b51ed23e-6420-4d10-a327-7603ff8c7386
1613b67f-3317-4683-adef-0fd03ce62045,fe987366-a8ad-48fa-8821-73f54f6df180,4acfe969-d12a-56ae-b8e3-55114ebcd3d1
1613b67f-3317-4683-adef-0fd03ce62045,adb1c653-17d6-4e23-aeed-590290936c54,8b101cd4-ca61-4e38-8889-84470e890fc5
1613b67f-3317-4683-adef-0fd03ce62045,69b0e5b9-3be2-4ec3-a9a6-bb5b523d4b32,ad27f18d-99e2-4402-8803-4825e4a439c6
1613b67f-3317-4683-adef-0fd03ce62045,7e4651d9-7c1f-4dc1-b552-a24519d6c9fc,8aeafec2-2834-4874-b2a8-25604b880440
1613b67f-3317-4683-adef-0fd03ce62045,916616e1-d0e2-4190-a6bb-23ebf81bc5cf,cf09d17b-a8da-4ee9-9ee6-95c5dc85810f
1613b67f-3317-4683-adef-0fd03ce62045,8130458f-ae96-4ab3-89b9-21f06a2aac78,3603c6e0-605b-48a0-ad84-47c17d98bf6b
1a0de20b-94f8-4d2b-a60f-1055d44b8b25,7e249a64-9f13-47d3-a232-562a3d080198,c37bb10c-96d3-5039-9612-6cd415ce6a23
1a0de20b-94f8-4d2b-a60f-1055d44b8b25,919a3f90-b681-422c-8481-fe313daa0044,bca8bf6e-7ac4-11f0-8000-bb3209de79c0
1a0de20b-94f8-4d2b-a60f-1055d44b8b25,972bdd5f-5f8c-42d1-a47f-1ac08d1da48e,da334c89-29ad-56a6-852b-1ab5940f21f6
1a0de20b-94f8-4d2b-a60f-1055d44b8b25,44ba72f7-f60a-4af8-b62b-7c6125e76cf2,efd37dc4-0be8-4f5d-a91e-b2c1cc24923e
1a0de20b-94f8-4d2b-a60f-1055d44b8b25,163a237b-c25f-4062-84ee-695f217d6bec,945fc345-4f69-482f-a52e-cb3a2638b8cc
1a0de20b-94f8-4d2b-a60f-1055d44b8b25,fe987366-a8ad-48fa-8821-73f54f6df180,8ac35651-a9dc-53d8-9888-b88a8aa13a03
1a0de20b-94f8-4d2b-a60f-1055d44b8b25,5fc998ef-6826-414c-8bfc-b2b9511f15a3,ea0ba378-6d29-46d8-84f2-6b14fca7bc16
1a0de20b-94f8-4d2b-a60f-1055d44b8b25,69b0e5b9-3be2-4ec3-a9a6-bb5b523d4b32,750120c8-1d4b-4fed-8908-ce14e30d3e15
1a0de20b-94f8-4d2b-a60f-1055d44b8b25,69b0e5b9-3be2-4ec3-a9a6-bb5b523d4b32,fcd7f192-b04e-4765-90cf-5cc4f6125619
1a0de20b-94f8-4d2b-a60f-1055d44b8b25,6dd0f2db-ff7b-4629-a113-c5f9e12699b1,8aeafec2-2834-4874-b2a8-25604b880440
1a0de20b-94f8-4d2b-a60f-1055d44b8b25,8130458f-ae96-4ab3-89b9-21f06a2aac78,a980b931-9769-4975-847a-5d81405b213b
1b55c15d-3057-40ce-a897-370fc0b5e185,7e249a64-9f13-47d3-a232-562a3d080198,d08754c0-1e6a-5794-8d3c-7cbf82cfb1a0
1b55c15d-3057-40ce-a897-370fc0b5e185,919a3f90-b681-422c-8481-fe313daa0044,bcc84120-7ac4-11f0-8000-bb3209de79c0
1b55c15d-3057-40ce-a897-370fc0b5e185,972bdd5f-5f8c-42d1-a47f-1ac08d1da48e,da334c89-29ad-56a6-852b-1ab5940f21f6
1b55c15d-3057-40ce-a897-370fc0b5e185,860f3d96-477f-4cf5-9058-64b8461c6db6,287328a0-67c3-453e-969b-b978073592ba
1b55c15d-3057-40ce-a897-370fc0b5e185,fe987366-a8ad-48fa-8821-73f54f6df180,6da3ee3d-b2ec-54c2-894c-bd02e98559f1
1b55c15d-3057-40ce-a897-370fc0b5e185,34f8b8f3-0c9f-4570-aae7-fa0153a9bb3d,369adb79-a85a-408a-b259-1dadac3f9992
1b55c15d-3057-40ce-a897-370fc0b5e185,8062952a-36eb-45ff-8c39-03e659c6582f,8aeafec2-2834-4874-b2a8-25604b880440
1b55c15d-3057-40ce-a897-370fc0b5e185,ab55beb8-cf23-4525-96ce-9f5fc6f81700,b379629b-3068-47ad-b618-50bbd90b4bf5
1b55c15d-3057-40ce-a897-370fc0b5e185,69b0e5b9-3be2-4ec3-a9a6-bb5b523d4b32,04ff825a-8191-4fd1-bf47-26ab800999d1
1b55c15d-3057-40ce-a897-370fc0b5e185,707331dd-a1fb-447b-8dae-cbbf2611f62b,ba7ce278-6f7d-44ae-8321-ce967340d7c7
1b55c15d-3057-40ce-a897-370fc0b5e185,8130458f-ae96-4ab3-89b9-21f06a2aac78,20a6c495-a478-4b18-83b1-ab97ef909665
1bd7f99c-0122-4a3e-8d6c-7ce992102fd1,7e249a64-9f13-47d3-a232-562a3d080198,c37bb10c-96d3-5039-9612-6cd415ce6a23
1bd7f99c-0122-4a3e-8d6c-7ce992102fd1,919a3f90-b681-422c-8481-fe313daa0044,bc921fca-7ac4-11f0-8000-bb3209de79c0
1bd7f99c-0122-4a3e-8d6c-7ce992102fd1,972bdd5f-5f8c-42d1-a47f-1ac08d1da48e,da334c89-29ad-56a6-852b-1ab5940f21f6
1bd7f99c-0122-4a3e-8d6c-7ce992102fd1,44ba72f7-f60a-4af8-b62b-7c6125e76cf2,efd37dc4-0be8-4f5d-a91e-b2c1cc24923e
1bd7f99c-0122-4a3e-8d6c-7ce992102fd1,163a237b-c25f-4062-84ee-695f217d6bec,945fc345-4f69-482f-a52e-cb3a2638b8cc
1bd7f99c-0122-4a3e-8d6c-7ce992102fd1,fe987366-a8ad-48fa-8821-73f54f6df180,5934201c-d3ab-5115-9d93-6c434a47429b
1bd7f99c-0122-4a3e-8d6c-7ce992102fd1,5fc998ef-6826-414c-8bfc-b2b9511f15a3,ea0ba378-6d29-46d8-84f2-6b14fca7bc16
1bd7f99c-0122-4a3e-8d6c-7ce992102fd1,69b0e5b9-3be2-4ec3-a9a6-bb5b523d4b32,750120c8-1d4b-4fed-8908-ce14e30d3e15
1bd7f99c-0122-4a3e-8d6c-7ce992102fd1,69b0e5b9-3be2-4ec3-a9a6-bb5b523d4b32,fcd7f192-b04e-4765-90cf-5cc4f6125619
1bd7f99c-0122-4a3e-8d6c-7ce992102fd1,6dd0f2db-ff7b-4629-a113-c5f9e12699b1,8aeafec2-2834-4874-b2a8-25604b880440
1bd7f99c-0122-4a3e-8d6c-7ce992102fd1,8130458f-ae96-4ab3-89b9-21f06a2aac78,a980b931-9769-4975-847a-5d81405b213b
1f38694b-ddc6-4bea-b28b-3ed845ad18dc,7e249a64-9f13-47d3-a232-562a3d080198,5efa2f5e-5f8b-5e1c-93c6-77327c916e5f
1f38694b-ddc6-4bea-b28b-3ed845ad18dc,919a3f90-b681-422c-8481-fe313daa0044,bd40ec5b-7ac4-11f0-8000-bb3209de79c0
1f38694b-ddc6-4bea-b28b-3ed845ad18dc,972bdd5f-5f8c-42d1-a47f-1ac08d1da48e,da334c89-29ad-56a6-852b-1ab5940f21f6
1f38694b-ddc6-4bea-b28b-3ed845ad18dc,43ef7747-f80d-4680-8590-db3f88c343fa,f8bfd149-33e9-4adc-a4a6-c2dbd6f1bd07
1f38694b-ddc6-4bea-b28b-3ed845ad18dc,fe987366-a8ad-48fa-8821-73f54f6df180,d910e8a7-b29a-5ed2-854b-f15ad5cfc2a1
1f38694b-ddc6-4bea-b28b-3ed845ad18dc,22f3c0da-faa1-48f4-b10d-5429f16ba9c0,62575694-4b96-4a93-910f-e8f35d5a918e
1f38694b-ddc6-4bea-b28b-3ed845ad18dc,69b0e5b9-3be2-4ec3-a9a6-bb5b523d4b32,7fd08eec-b03b-4245-8b77-4e8e2e92f347
1f38694b-ddc6-4bea-b28b-3ed845ad18dc,0afc734b-8120-4ae9-987f-e497deeef694,8aeafec2-2834-4874-b2a8-25604b880440
1f38694b-ddc6-4bea-b28b-3ed845ad18dc,b3ff6026-5379-4bff-85df-1dac465bff7e,6ec6c867-0c1f-4a57-bf6d-6a02fa66f1c5
1f38694b-ddc6-4bea-b28b-3ed845ad18dc,06560314-4e85-48f9-85bb-178b4cdc5064,b2ece876-b022-4393-850b-fe89293eeb67
1f38694b-ddc6-4bea-b28b-3ed845ad18dc,8130458f-ae96-4ab3-89b9-21f06a2aac78,fcae9992-8838-447e-a530-5f63aab304b2
287328a0-67c3-453e-969b-b978073592ba,7e249a64-9f13-47d3-a232-562a3d080198,a445d29b-2ba7-5a46-8885-5a5d11680eba
287328a0-67c3-453e-969b-b978073592ba,919a3f90-b681-422c-8481-fe313daa0044,bcbf9d07-7ac4-11f0-8000-bb3209de79c0
287328a0-67c3-453e-969b-b978073592ba,972bdd5f-5f8c-42d1-a47f-1ac08d1da48e,da334c89-29ad-56a6-852b-1ab5940f21f6
287328a0-67c3-453e-969b-b978073592ba,fe987366-a8ad-48fa-8821-73f54f6df180,5e376a00-d649-11ed-8000-bb3209de79c0
287328a0-67c3-453e-969b-b978073592ba,c2eb2a01-e85a-40d9-b0dd-550f6be14476,8aeafec2-2834-4874-b2a8-25604b880440
287328a0-67c3-453e-969b-b978073592ba,69b0e5b9-3be2-4ec3-a9a6-bb5b523d4b32,31c79380-d8c8-4304-bd35-6448e6378c41
287328a0-67c3-453e-969b-b978073592ba,8130458f-ae96-4ab3-89b9-21f06a2aac78,6bb0b0b6-41cd-4bb3-a0e8-d483b25f6cf1
308c9c65-3cdd-4c5e-a9d1-2f3deb4697e3,7e249a64-9f13-47d3-a232-562a3d080198,a445d29b-2ba7-5a46-8885-5a5d11680eba
308c9c65-3cdd-4c5e-a9d1-2f3deb4697e3,919a3f90-b681-422c-8481-fe313daa0044,bcbe4834-7ac4-11f0-8000-bb3209de79c0
308c9c65-3cdd-4c5e-a9d1-2f3deb4697e3,972bdd5f-5f8c-42d1-a47f-1ac08d1da48e,da334c89-29ad-56a6-852b-1ab5940f21f6
308c9c65-3cdd-4c5e-a9d1-2f3deb4697e3,fe987366-a8ad-48fa-8821-73f54f6df180,bc6a6380-4ec8-11f0-8000-bb3209de79c0
308c9c65-3cdd-4c5e-a9d1-2f3deb4697e3,c2eb2a01-e85a-40d9-b0dd-550f6be14476,8aeafec2-2834-4874-b2a8-25604b880440
308c9c65-3cdd-4c5e-a9d1-2f3deb4697e3,69b0e5b9-3be2-4ec3-a9a6-bb5b523d4b32,31c79380-d8c8-4304-bd35-6448e6378c41
308c9c65-3cdd-4c5e-a9d1-2f3deb4697e3,8130458f-ae96-4ab3-89b9-21f06a2aac78,6bb0b0b6-41cd-4bb3-a0e8-d483b25f6cf1
3371af15-7aec-41aa-97aa-cb51ff101d03,7e249a64-9f13-47d3-a232-562a3d080198,c37bb10c-96d3-5039-9612-6cd415ce6a23
3371af15-7aec-41aa-97aa-cb51ff101d03,919a3f90-b681-422c-8481-fe313daa0044,bcb92e3f-7ac4-11f0-8000-bb3209de79c0
3371af15-7aec-41aa-97aa-cb51ff101d03,972bdd5f-5f8c-42d1-a47f-1ac08d1da48e,da334c89-29ad-56a6-852b-1ab5940f21f6
3371af15-7aec-41aa-97aa-cb51ff101d03,44ba72f7-f60a-4af8-b62b-7c6125e76cf2,efd37dc4-0be8-4f5d-a91e-b2c1cc24923e
3371af15-7aec-41aa-97aa-cb51ff101d03,163a237b-c25f-4062-84ee-695f217d6bec,945fc345-4f69-482f-a52e-cb3a2638b8cc
3371af15-7aec-41aa-97aa-cb51ff101d03,fe987366-a8ad-48fa-8821-73f54f6df180,e07b4849-03eb-54f2-b0d2-91a1df0f3d73
3371af15-7aec-41aa-97aa-cb51ff101d03,5fc998ef-6826-414c-8bfc-b2b9511f15a3,ea0ba378-6d29-46d8-84f2-6b14fca7bc16
3371af15-7aec-41aa-97aa-cb51ff101d03,69b0e5b9-3be2-4ec3-a9a6-bb5b523d4b32,750120c8-1d4b-4fed-8908-ce14e30d3e15
3371af15-7aec-41aa-97aa-cb51ff101d03,69b0e5b9-3be2-4ec3-a9a6-bb5b523d4b32,fcd7f192-b04e-4765-90cf-5cc4f6125619
3371af15-7aec-41aa-97aa-cb51ff101d03,6dd0f2db-ff7b-4629-a113-c5f9e12699b1,8aeafec2-2834-4874-b2a8-25604b880440
3371af15-7aec-41aa-97aa-cb51ff101d03,8130458f-ae96-4ab3-89b9-21f06a2aac78,a980b931-9769-4975-847a-5d81405b213b
369adb79-a85a-408a-b259-1dadac3f9992,7e249a64-9f13-47d3-a232-562a3d080198,a445d29b-2ba7-5a46-8885-5a5d11680eba
369adb79-a85a-408a-b259-1dadac3f9992,919a3f90-b681-422c-8481-fe313daa0044,bcc82f25-7ac4-11f0-8000-bb3209de79c0
369adb79-a85a-408a-b259-1dadac3f9992,972bdd5f-5f8c-42d1-a47f-1ac08d1da48e,da334c89-29ad-56a6-852b-1ab5940f21f6
369adb79-a85a-408a-b259-1dadac3f9992,fe987366-a8ad-48fa-8821-73f54f6df180,ea64c480-bd3a-11ef-8000-bb3209de79c0
369adb79-a85a-408a-b259-1dadac3f9992,c2eb2a01-e85a-40d9-b0dd-550f6be14476,8aeafec2-2834-4874-b2a8-25604b880440
369adb79-a85a-408a-b259-1dadac3f9992,69b0e5b9-3be2-4ec3-a9a6-bb5b523d4b32,31c79380-d8c8-4304-bd35-6448e6378c41
369adb79-a85a-408a-b259-1dadac3f9992,8130458f-ae96-4ab3-89b9-21f06a2aac78,6bb0b0b6-41cd-4bb3-a0e8-d483b25f6cf1
3d9f8a77-39ad-4f01-8ed4-ba53353b3390,7e249a64-9f13-47d3-a232-562a3d080198,94a67c11-7e60-5557-8a7c-3fb7883d3b9a
3d9f8a77-39ad-4f01-8ed4-ba53353b3390,919a3f90-b681-422c-8481-fe313daa0044,bd76cfac-7ac4-11f0-8000-bb3209de79c0
3d9f8a77-39ad-4f01-8ed4-ba53353b3390,972bdd5f-5f8c-42d1-a47f-1ac08d1da48e,da334c89-29ad-56a6-852b-1ab5940f21f6
3d9f8a77-39ad-4f01-8ed4-ba53353b3390,88a0ff67-682f-4e5c-ac5f-055b3595864d,a4549ab2-3393-472e-af18-aa5bc23f3b53
3d9f8a77-39ad-4f01-8ed4-ba53353b3390,fe987366-a8ad-48fa-8821-73f54f6df180,4434b643-41f7-5372-972a-85c22d1060e6
3d9f8a77-39ad-4f01-8ed4-ba53353b3390,aa0b457e-7310-443b-8c3a-b990b50bda8a,308c9c65-3cdd-4c5e-a9d1-2f3deb4697e3
3d9f8a77-39ad-4f01-8ed4-ba53353b3390,f4063f4b-8ae5-428d-bb90-fbf41629f765,8aeafec2-2834-4874-b2a8-25604b880440
3d9f8a77-39ad-4f01-8ed4-ba53353b3390,69b0e5b9-3be2-4ec3-a9a6-bb5b523d4b32,518f088d-1e08-4ee9-bada-620d0b8d069d
3d9f8a77-39ad-4f01-8ed4-ba53353b3390,20e0f8a8-7527-47d6-9755-402851231b9f,8ca5a636-b8af-40a0-ab67-3ffb779aa1ba
3d9f8a77-39ad-4f01-8ed4-ba53353b3390,69b0e5b9-3be2-4ec3-a9a6-bb5b523d4b32,8c4e2d0a-ae38-58e6-84a4-3563d3c484f4
3d9f8a77-39ad-4f01-8ed4-ba53353b3390,8130458f-ae96-4ab3-89b9-21f06a2aac78,4e292a65-9a0d-4bfa-9e4f-16ae238c2627
3e19fe8f-b6e2-4c77-94c9-9f349e3bf429,7e249a64-9f13-47d3-a232-562a3d080198,3e0947c8-f450-5455-a019-2b8d08e46527
3e19fe8f-b6e2-4c77-94c9-9f349e3bf429,919a3f90-b681-422c-8481-fe313daa0044,bd72cdca-7ac4-11f0-8000-bb3209de79c0
3e19fe8f-b6e2-4c77-94c9-9f349e3bf429,972bdd5f-5f8c-42d1-a47f-1ac08d1da48e,da334c89-29ad-56a6-852b-1ab5940f21f6
3e19fe8f-b6e2-4c77-94c9-9f349e3bf429,318bac7c-2966-4901-ae27-dd5ce31a0d38,a4549ab2-3393-472e-af18-aa5bc23f3b53
3e19fe8f-b6e2-4c77-94c9-9f349e3bf429,fe987366-a8ad-48fa-8821-73f54f6df180,91977ba9-24c3-54af-97d4-6d91b791fa19
3e19fe8f-b6e2-4c77-94c9-9f349e3bf429,5f88e79f-6355-4160-8101-d20ca687eeac,308c9c65-3cdd-4c5e-a9d1-2f3deb4697e3
3e19fe8f-b6e2-4c77-94c9-9f349e3bf429,195daf12-3e0a-4c1c-baa3-915294f3682f,8aeafec2-2834-4874-b2a8-25604b880440
3e19fe8f-b6e2-4c77-94c9-9f349e3bf429,f7c8c901-6147-4a58-bf88-0fdd32dc9faa,448a40b7-6355-4c38-89dc-0fad3aa1362d
3e19fe8f-b6e2-4c77-94c9-9f349e3bf429,69b0e5b9-3be2-4ec3-a9a6-bb5b523d4b32,45a88bec-1c88-4bfa-bbf0-a2dd12caf401
3e19fe8f-b6e2-4c77-94c9-9f349e3bf429,8130458f-ae96-4ab3-89b9-21f06a2aac78,7be2a6bd-cdd1-4730-a1a5-3540aae7f139
3f57e952-a0fc-4936-aa87-ed31d6dff1fd,7e249a64-9f13-47d3-a232-562a3d080198,a445d29b-2ba7-5a46-8885-5a5d11680eba
3f57e952-a0fc-4936-aa87-ed31d6dff1fd,919a3f90-b681-422c-8481-fe313daa0044,bd4a3050-7ac4-11f0-8000-bb3209de79c0
3f57e952-a0fc-4936-aa87-ed31d6dff1fd,972bdd5f-5f8c-42d1-a47f-1ac08d1da48e,da334c89-29ad-56a6-852b-1ab5940f21f6
3f57e952-a0fc-4936-aa87-ed31d6dff1fd,fe987366-a8ad-48fa-8821-73f54f6df180,3e6a0480-bd64-11f0-8000-bb3209de79c0
3f57e952-a0fc-4936-aa87-ed31d6dff1fd,c2eb2a01-e85a-40d9-b0dd-550f6be14476,8aeafec2-2834-4874-b2a8-25604b880440
3f57e952-a0fc-4936-aa87-ed31d6dff1fd,69b0e5b9-3be2-4ec3-a9a6-bb5b523d4b32,31c79380-d8c8-4304-bd35-6448e6378c41
3f57e952-a0fc-4936-aa87-ed31d6dff1fd,8130458f-ae96-4ab3-89b9-21f06a2aac78,6bb0b0b6-41cd-4bb3-a0e8-d483b25f6cf1
41a4db31-e6bc-453a-8a06-b10977db4689,7e249a64-9f13-47d3-a232-562a3d080198,c37bb10c-96d3-5039-9612-6cd415ce6a23
41a4db31-e6bc-453a-8a06-b10977db4689,919a3f90-b681-422c-8481-fe313daa0044,bc61a386-7ac4-11f0-8000-bb3209de79c0
41a4db31-e6bc-453a-8a06-b10977db4689,972bdd5f-5f8c-42d1-a47f-1ac08d1da48e,da334c89-29ad-56a6-852b-1ab5940f21f6
41a4db31-e6bc-453a-8a06-b10977db4689,44ba72f7-f60a-4af8-b62b-7c6125e76cf2,cea3eb96-6086-417a-8659-59657ff22e84
41a4db31-e6bc-453a-8a06-b10977db4689,163a237b-c25f-4062-84ee-695f217d6bec,6f15b8dc-5f82-4e9a-89f3-f2a6953db72d
41a4db31-e6bc-453a-8a06-b10977db4689,fe987366-a8ad-48fa-8821-73f54f6df180,6b98b919-1252-5a53-bdcc-a85e9f75babb
41a4db31-e6bc-453a-8a06-b10977db4689,5fc998ef-6826-414c-8bfc-b2b9511f15a3,ea0ba378-6d29-46d8-84f2-6b14fca7bc16
41a4db31-e6bc-453a-8a06-b10977db4689,69b0e5b9-3be2-4ec3-a9a6-bb5b523d4b32,750120c8-1d4b-4fed-8908-ce14e30d3e15
41a4db31-e6bc-453a-8a06-b10977db4689,69b0e5b9-3be2-4ec3-a9a6-bb5b523d4b32,fcd7f192-b04e-4765-90cf-5cc4f6125619
41a4db31-e6bc-453a-8a06-b10977db4689,6dd0f2db-ff7b-4629-a113-c5f9e12699b1,8aeafec2-2834-4874-b2a8-25604b880440
41a4db31-e6bc-453a-8a06-b10977db4689,8130458f-ae96-4ab3-89b9-21f06a2aac78,a980b931-9769-4975-847a-5d81405b213b
448a40b7-6355-4c38-89dc-0fad3aa1362d,7e249a64-9f13-47d3-a232-562a3d080198,c37bb10c-96d3-5039-9612-6cd415ce6a23
448a40b7-6355-4c38-89dc-0fad3aa1362d,919a3f90-b681-422c-8481-fe313daa0044,bc26436e-7ac4-11f0-8000-bb3209de79c0
448a40b7-6355-4c38-89dc-0fad3aa1362d,972bdd5f-5f8c-42d1-a47f-1ac08d1da48e,da334c89-29ad-56a6-852b-1ab5940f21f6
448a40b7-6355-4c38-89dc-0fad3aa1362d,44ba72f7-f60a-4af8-b62b-7c6125e76cf2,cea3eb96-6086-417a-8659-59657ff22e84
448a40b7-6355-4c38-89dc-0fad3aa1362d,163a237b-c25f-4062-84ee-695f217d6bec,6f15b8dc-5f82-4e9a-89f3-f2a6953db72d
448a40b7-6355-4c38-89dc-0fad3aa1362d,fe987366-a8ad-48fa-8821-73f54f6df180,2d5b2923-27b2-5298-bfe0-35cc0a8397af
448a40b7-6355-4c38-89dc-0fad3aa1362d,5fc998ef-6826-414c-8bfc-b2b9511f15a3,ea0ba378-6d29-46d8-84f2-6b14fca7bc16
448a40b7-6355-4c38-89dc-0fad3aa1362d,69b0e5b9-3be2-4ec3-a9a6-bb5b523d4b32,750120c8-1d4b-4fed-8908-ce14e30d3e15
448a40b7-6355-4c38-89dc-0fad3aa1362d,69b0e5b9-3be2-4ec3-a9a6-bb5b523d4b32,fcd7f192-b04e-4765-90cf-5cc4f6125619
448a40b7-6355-4c38-89dc-0fad3aa1362d,6dd0f2db-ff7b-4629-a113-c5f9e12699b1,8aeafec2-2834-4874-b2a8-25604b880440
448a40b7-6355-4c38-89dc-0fad3aa1362d,8130458f-ae96-4ab3-89b9-21f06a2aac78,a980b931-9769-4975-847a-5d81405b213b
463071e4-a94a-49c3-9ba2-bc0166843875,7e249a64-9f13-47d3-a232-562a3d080198,c37bb10c-96d3-5039-9612-6cd415ce6a23
463071e4-a94a-49c3-9ba2-bc0166843875,919a3f90-b681-422c-8481-fe313daa0044,bc9f285e-7ac4-11f0-8000-bb3209de79c0
463071e4-a94a-49c3-9ba2-bc0166843875,972bdd5f-5f8c-42d1-a47f-1ac08d1da48e,da334c89-29ad-56a6-852b-1ab5940f21f6
463071e4-a94a-49c3-9ba2-bc0166843875,44ba72f7-f60a-4af8-b62b-7c6125e76cf2,efd37dc4-0be8-4f5d-a91e-b2c1cc24923e
463071e4-a94a-49c3-9ba2-bc0166843875,163a237b-c25f-4062-84ee-695f217d6bec,945fc345-4f69-482f-a52e-cb3a2638b8cc
463071e4-a94a-49c3-9ba2-bc0166843875,fe987366-a8ad-48fa-8821-73f54f6df180,79deb1c9-4ff4-5905-9e50-5a37e9cd56fb
463071e4-a94a-49c3-9ba2-bc0166843875,5fc998ef-6826-414c-8bfc-b2b9511f15a3,ea0ba378-6d29-46d8-84f2-6b14fca7bc16
463071e4-a94a-49c3-9ba2-bc0166843875,69b0e5b9-3be2-4ec3-a9a6-bb5b523d4b32,750120c8-1d4b-4fed-8908-ce14e30d3e15
463071e4-a94a-49c3-9ba2-bc0166843875,69b0e5b9-3be2-4ec3-a9a6-bb5b523d4b32,fcd7f192-b04e-4765-90cf-5cc4f6125619
463071e4-a94a-49c3-9ba2-bc0166843875,8130458f-ae96-4ab3-89b9-21f06a2aac78,a980b931-9769-4975-847a-5d81405b213b
4785c2c9-0b88-403d-a736-dfc77ecb0a64,7e249a64-9f13-47d3-a232-562a3d080198,c8fd011e-1c18-5fc9-93d9-08af2a6fd210
4785c2c9-0b88-403d-a736-dfc77ecb0a64,919a3f90-b681-422c-8481-fe313daa0044,bd0f34f9-7ac4-11f0-8000-bb3209de79c0
4785c2c9-0b88-403d-a736-dfc77ecb0a64,972bdd5f-5f8c-42d1-a47f-1ac08d1da48e,da334c89-29ad-56a6-852b-1ab5940f21f6
4785c2c9-0b88-403d-a736-dfc77ecb0a64,555fd3fe-3e5e-4076-8fb6-81f05ae53007,0199425b-9e4b-42e2-ab2c-fa49e43f5c36
4785c2c9-0b88-403d-a736-dfc77ecb0a64,fe987366-a8ad-48fa-8821-73f54f6df180,da9cb5b4-4849-531d-ace8-ac04bae78bae
4785c2c9-0b88-403d-a736-dfc77ecb0a64,5dda2da3-7fe1-4351-a3e4-0687d0a92c02,cfe1d713-0ffa-4ece-b723-7bf67ea98b34
4785c2c9-0b88-403d-a736-dfc77ecb0a64,69b0e5b9-3be2-4ec3-a9a6-bb5b523d4b32,187fa880-21ee-41b8-b365-b27cd1d2b8a0
4785c2c9-0b88-403d-a736-dfc77ecb0a64,812834e1-e112-4565-bbeb-bef5067bf69b,8aeafec2-2834-4874-b2a8-25604b880440
4785c2c9-0b88-403d-a736-dfc77ecb0a64,ebb8de78-9ec0-4375-acb9-15f3646ae9f0,d8f3b730-564b-40c8-94d4-c9440ef7d570
4785c2c9-0b88-403d-a736-dfc77ecb0a64,ebb8de78-9ec0-4375-acb9-15f3646ae9f0,a4735409-56f7-409c-a297-b07358cf1c21
4785c2c9-0b88-403d-a736-dfc77ecb0a64,8130458f-ae96-4ab3-89b9-21f06a2aac78,07d5cfb9-1dc5-41ca-bd9c-a298a16e6767
4bc96fec-8cd1-4cc1-9480-9199b6831eb5,7e249a64-9f13-47d3-a232-562a3d080198,c37bb10c-96d3-5039-9612-6cd415ce6a23
4bc96fec-8cd1-4cc1-9480-9199b6831eb5,919a3f90-b681-422c-8481-fe313daa0044,bc345af0-7ac4-11f0-8000-bb3209de79c0
4bc96fec-8cd1-4cc1-9480-9199b6831eb5,972bdd5f-5f8c-42d1-a47f-1ac08d1da48e,da334c89-29ad-56a6-852b-1ab5940f21f6
4bc96fec-8cd1-4cc1-9480-9199b6831eb5,44ba72f7-f60a-4af8-b62b-7c6125e76cf2,cea3eb96-6086-417a-8659-59657ff22e84
4bc96fec-8cd1-4cc1-9480-9199b6831eb5,163a237b-c25f-4062-84ee-695f217d6bec,6f15b8dc-5f82-4e9a-89f3-f2a6953db72d
4bc96fec-8cd1-4cc1-9480-9199b6831eb5,fe987366-a8ad-48fa-8821-73f54f6df180,b0d02882-9aa3-541d-8dc0-838b7378362d
4bc96fec-8cd1-4cc1-9480-9199b6831eb5,5fc998ef-6826-414c-8bfc-b2b9511f15a3,ea0ba378-6d29-46d8-84f2-6b14fca7bc16
4bc96fec-8cd1-4cc1-9480-9199b6831eb5,69b0e5b9-3be2-4ec3-a9a6-bb5b523d4b32,750120c8-1d4b-4fed-8908-ce14e30d3e15
4bc96fec-8cd1-4cc1-9480-9199b6831eb5,69b0e5b9-3be2-4ec3-a9a6-bb5b523d4b32,fcd7f192-b04e-4765-90cf-5cc4f6125619
4bc96fec-8cd1-4cc1-9480-9199b6831eb5,6dd0f2db-ff7b-4629-a113-c5f9e12699b1,8aeafec2-2834-4874-b2a8-25604b880440
4bc96fec-8cd1-4cc1-9480-9199b6831eb5,8130458f-ae96-4ab3-89b9-21f06a2aac78,a980b931-9769-4975-847a-5d81405b213b
5207fadf-de2a-4527-a07f-b395d8107b2a,7e249a64-9f13-47d3-a232-562a3d080198,c37bb10c-96d3-5039-9612-6cd415ce6a23
5207fadf-de2a-4527-a07f-b395d8107b2a,919a3f90-b681-422c-8481-fe313daa0044,bcadd868-7ac4-11f0-8000-bb3209de79c0
5207fadf-de2a-4527-a07f-b395d8107b2a,972bdd5f-5f8c-42d1-a47f-1ac08d1da48e,da334c89-29ad-56a6-852b-1ab5940f21f6
5207fadf-de2a-4527-a07f-b395d8107b2a,44ba72f7-f60a-4af8-b62b-7c6125e76cf2,efd37dc4-0be8-4f5d-a91e-b2c1cc24923e
5207fadf-de2a-4527-a07f-b395d8107b2a,163a237b-c25f-4062-84ee-695f217d6bec,945fc345-4f69-482f-a52e-cb3a2638b8cc
5207fadf-de2a-4527-a07f-b395d8107b2a,fe987366-a8ad-48fa-8821-73f54f6df180,065cb2f4-310e-5f63-8973-894eba5bc816
5207fadf-de2a-4527-a07f-b395d8107b2a,5fc998ef-6826-414c-8bfc-b2b9511f15a3,ea0ba378-6d29-46d8-84f2-6b14fca7bc16
5207fadf-de2a-4527-a07f-b395d8107b2a,69b0e5b9-3be2-4ec3-a9a6-bb5b523d4b32,750120c8-1d4b-4fed-8908-ce14e30d3e15
5207fadf-de2a-4527-a07f-b395d8107b2a,69b0e5b9-3be2-4ec3-a9a6-bb5b523d4b32,fcd7f192-b04e-4765-90cf-5cc4f6125619
5207fadf-de2a-4527-a07f-b395d8107b2a,6dd0f2db-ff7b-4629-a113-c5f9e12699b1,8aeafec2-2834-4874-b2a8-25604b880440
5207fadf-de2a-4527-a07f-b395d8107b2a,8130458f-ae96-4ab3-89b9-21f06a2aac78,a980b931-9769-4975-847a-5d81405b213b
5265dbcc-6af6-48a0-8898-8b98c8c2ea48,7e249a64-9f13-47d3-a232-562a3d080198,a445d29b-2ba7-5a46-8885-5a5d11680eba
5265dbcc-6af6-48a0-8898-8b98c8c2ea48,919a3f90-b681-422c-8481-fe313daa0044,bbd565dc-7ac4-11f0-8000-bb3209de79c0
5265dbcc-6af6-48a0-8898-8b98c8c2ea48,972bdd5f-5f8c-42d1-a47f-1ac08d1da48e,da334c89-29ad-56a6-852b-1ab5940f21f6
5265dbcc-6af6-48a0-8898-8b98c8c2ea48,fe987366-a8ad-48fa-8821-73f54f6df180,01044a00-0869-11ed-8000-bb3209de79c0
5265dbcc-6af6-48a0-8898-8b98c8c2ea48,c2eb2a01-e85a-40d9-b0dd-550f6be14476,8aeafec2-2834-4874-b2a8-25604b880440
5265dbcc-6af6-48a0-8898-8b98c8c2ea48,69b0e5b9-3be2-4ec3-a9a6-bb5b523d4b32,31c79380-d8c8-4304-bd35-6448e6378c41
5265dbcc-6af6-48a0-8898-8b98c8c2ea48,8130458f-ae96-4ab3-89b9-21f06a2aac78,6bb0b0b6-41cd-4bb3-a0e8-d483b25f6cf1
527eb406-e5ef-4ef6-8b7b-06bfba0c9d06,7e249a64-9f13-47d3-a232-562a3d080198,5f9589c3-555e-588b-9761-5b468ad3838d
527eb406-e5ef-4ef6-8b7b-06bfba0c9d06,919a3f90-b681-422c-8481-fe313daa0044,bbed54dd-7ac4-11f0-8000-bb3209de79c0
527eb406-e5ef-4ef6-8b7b-06bfba0c9d06,972bdd5f-5f8c-42d1-a47f-1ac08d1da48e,da334c89-29ad-56a6-852b-1ab5940f21f6
527eb406-e5ef-4ef6-8b7b-06bfba0c9d06,d5dd9fd5-bdd9-4919-a98d-9a272ccec39d,5265dbcc-6af6-48a0-8898-8b98c8c2ea48
527eb406-e5ef-4ef6-8b7b-06bfba0c9d06,fe987366-a8ad-48fa-8821-73f54f6df180,4d90d8e2-4829-5373-80ea-226738e65dd1
527eb406-e5ef-4ef6-8b7b-06bfba0c9d06,d8572331-a2cc-4165-8817-17d8abb9a648,55dc26e5-65b0-4de0-8377-149612fd43ac
527eb406-e5ef-4ef6-8b7b-06bfba0c9d06,69b0e5b9-3be2-4ec3-a9a6-bb5b523d4b32,b818e531-faa1-484a-9fd6-4a603e383e2a
527eb406-e5ef-4ef6-8b7b-06bfba0c9d06,69b0e5b9-3be2-4ec3-a9a6-bb5b523d4b32,23f80012-4aca-485f-a307-eaefd31fee56
527eb406-e5ef-4ef6-8b7b-06bfba0c9d06,733bdff0-3f5a-4814-8494-40de5b02567a,8aeafec2-2834-4874-b2a8-25604b880440
527eb406-e5ef-4ef6-8b7b-06bfba0c9d06,30987397-9526-4096-8c1a-166d51809342,b83c207c-96a1-4e37-bdc7-aa8d4ad19acd
527eb406-e5ef-4ef6-8b7b-06bfba0c9d06,8130458f-ae96-4ab3-89b9-21f06a2aac78,130e95f1-ebc4-46f1-90ba-3f9fa21cb77b
53ce5cd0-29ae-4efb-8f96-32fad539fe03,7e249a64-9f13-47d3-a232-562a3d080198,c37bb10c-96d3-5039-9612-6cd415ce6a23
53ce5cd0-29ae-4efb-8f96-32fad539fe03,919a3f90-b681-422c-8481-fe313daa0044,bc239913-7ac4-11f0-8000-bb3209de79c0
53ce5cd0-29ae-4efb-8f96-32fad539fe03,972bdd5f-5f8c-42d1-a47f-1ac08d1da48e,da334c89-29ad-56a6-852b-1ab5940f21f6
53ce5cd0-29ae-4efb-8f96-32fad539fe03,44ba72f7-f60a-4af8-b62b-7c6125e76cf2,cea3eb96-6086-417a-8659-59657ff22e84
53ce5cd0-29ae-4efb-8f96-32fad539fe03,163a237b-c25f-4062-84ee-695f217d6bec,6f15b8dc-5f82-4e9a-89f3-f2a6953db72d
53ce5cd0-29ae-4efb-8f96-32fad539fe03,fe987366-a8ad-48fa-8821-73f54f6df180,fb798f35-9036-59bb-a06d-36fb2781c1c1
53ce5cd0-29ae-4efb-8f96-32fad539fe03,5fc998ef-6826-414c-8bfc-b2b9511f15a3,ea0ba378-6d29-46d8-84f2-6b14fca7bc16
53ce5cd0-29ae-4efb-8f96-32fad539fe03,69b0e5b9-3be2-4ec3-a9a6-bb5b523d4b32,750120c8-1d4b-4fed-8908-ce14e30d3e15
53ce5cd0-29ae-4efb-8f96-32fad539fe03,69b0e5b9-3be2-4ec3-a9a6-bb5b523d4b32,fcd7f192-b04e-4765-90cf-5cc4f6125619
53ce5cd0-29ae-4efb-8f96-32fad539fe03,6dd0f2db-ff7b-4629-a113-c5f9e12699b1,8aeafec2-2834-4874-b2a8-25604b880440
53ce5cd0-29ae-4efb-8f96-32fad539fe03,8130458f-ae96-4ab3-89b9-21f06a2aac78,a980b931-9769-4975-847a-5d81405b213b
54890cc7-258e-43b3-a444-3ad428ef3c93,7e249a64-9f13-47d3-a232-562a3d080198,c37bb10c-96d3-5039-9612-6cd415ce6a23
54890cc7-258e-43b3-a444-3ad428ef3c93,919a3f90-b681-422c-8481-fe313daa0044,bc5f4684-7ac4-11f0-8000-bb3209de79c0
54890cc7-258e-43b3-a444-3ad428ef3c93,972bdd5f-5f8c-42d1-a47f-1ac08d1da48e,da334c89-29ad-56a6-852b-1ab5940f21f6
54890cc7-258e-43b3-a444-3ad428ef3c93,44ba72f7-f60a-4af8-b62b-7c6125e76cf2,cea3eb96-6086-417a-8659-59657ff22e84
54890cc7-258e-43b3-a444-3ad428ef3c93,163a237b-c25f-4062-84ee-695f217d6bec,6f15b8dc-5f82-4e9a-89f3-f2a6953db72d
54890cc7-258e-43b3-a444-3ad428ef3c93,fe987366-a8ad-48fa-8821-73f54f6df180,1de64b36-2c7b-5fe3-b4d2-638bede0c000
54890cc7-258e-43b3-a444-3ad428ef3c93,5fc998ef-6826-414c-8bfc-b2b9511f15a3,ea0ba378-6d29-46d8-84f2-6b14fca7bc16
54890cc7-258e-43b3-a444-3ad428ef3c93,69b0e5b9-3be2-4ec3-a9a6-bb5b523d4b32,750120c8-1d4b-4fed-8908-ce14e30d3e15
54890cc7-258e-43b3-a444-3ad428ef3c93,69b0e5b9-3be2-4ec3-a9a6-bb5b523d4b32,fcd7f192-b04e-4765-90cf-5cc4f6125619
54890cc7-258e-43b3-a444-3ad428ef3c93,6dd0f2db-ff7b-4629-a113-c5f9e12699b1,8aeafec2-2834-4874-b2a8-25604b880440
54890cc7-258e-43b3-a444-3ad428ef3c93,8130458f-ae96-4ab3-89b9-21f06a2aac78,a980b931-9769-4975-847a-5d81405b213b
5526bb8c-a052-4846-af96-b7b7e713208b,7e249a64-9f13-47d3-a232-562a3d080198,c37bb10c-96d3-5039-9612-6cd415ce6a23
5526bb8c-a052-4846-af96-b7b7e713208b,919a3f90-b681-422c-8481-fe313daa0044,bc522769-7ac4-11f0-8000-bb3209de79c0
5526bb8c-a052-4846-af96-b7b7e713208b,972bdd5f-5f8c-42d1-a47f-1ac08d1da48e,da334c89-29ad-56a6-852b-1ab5940f21f6
5526bb8c-a052-4846-af96-b7b7e713208b,44ba72f7-f60a-4af8-b62b-7c6125e76cf2,cea3eb96-6086-417a-8659-59657ff22e84
5526bb8c-a052-4846-af96-b7b7e713208b,163a237b-c25f-4062-84ee-695f217d6bec,6f15b8dc-5f82-4e9a-89f3-f2a6953db72d
5526bb8c-a052-4846-af96-b7b7e713208b,fe987366-a8ad-48fa-8821-73f54f6df180,980f6c69-8b5d-567d-8d1a-6d9882b2163c
5526bb8c-a052-4846-af96-b7b7e713208b,5fc998ef-6826-414c-8bfc-b2b9511f15a3,ea0ba378-6d29-46d8-84f2-6b14fca7bc16
5526bb8c-a052-4846-af96-b7b7e713208b,69b0e5b9-3be2-4ec3-a9a6-bb5b523d4b32,750120c8-1d4b-4fed-8908-ce14e30d3e15
5526bb8c-a052-4846-af96-b7b7e713208b,69b0e5b9-3be2-4ec3-a9a6-bb5b523d4b32,fcd7f192-b04e-4765-90cf-5cc4f6125619
5526bb8c-a052-4846-af96-b7b7e713208b,6dd0f2db-ff7b-4629-a113-c5f9e12699b1,8aeafec2-2834-4874-b2a8-25604b880440
5526bb8c-a052-4846-af96-b7b7e713208b,8130458f-ae96-4ab3-89b9-21f06a2aac78,a980b931-9769-4975-847a-5d81405b213b
5587a49c-04b0-4ba5-8f5a-235771ca95f9,7e249a64-9f13-47d3-a232-562a3d080198,c37bb10c-96d3-5039-9612-6cd415ce6a23
5587a49c-04b0-4ba5-8f5a-235771ca95f9,919a3f90-b681-422c-8481-fe313daa0044,bc6a2266-7ac4-11f0-8000-bb3209de79c0
5587a49c-04b0-4ba5-8f5a-235771ca95f9,972bdd5f-5f8c-42d1-a47f-1ac08d1da48e,da334c89-29ad-56a6-852b-1ab5940f21f6
5587a49c-04b0-4ba5-8f5a-235771ca95f9,44ba72f7-f60a-4af8-b62b-7c6125e76cf2,cea3eb96-6086-417a-8659-59657ff22e84
5587a49c-04b0-4ba5-8f5a-235771ca95f9,163a237b-c25f-4062-84ee-695f217d6bec,6f15b8dc-5f82-4e9a-89f3-f2a6953db72d
5587a49c-04b0-4ba5-8f5a-235771ca95f9,fe987366-a8ad-48fa-8821-73f54f6df180,b89ff65d-0af7-581c-b10d-f95fc3e07f95
5587a49c-04b0-4ba5-8f5a-235771ca95f9,5fc998ef-6826-414c-8bfc-b2b9511f15a3,ea0ba378-6d29-46d8-84f2-6b14fca7bc16
5587a49c-04b0-4ba5-8f5a-235771ca95f9,69b0e5b9-3be2-4ec3-a9a6-bb5b523d4b32,750120c8-1d4b-4fed-8908-ce14e30d3e15
5587a49c-04b0-4ba5-8f5a-235771ca95f9,69b0e5b9-3be2-4ec3-a9a6-bb5b523d4b32,fcd7f192-b04e-4765-90cf-5cc4f6125619
5587a49c-04b0-4ba5-8f5a-235771ca95f9,6dd0f2db-ff7b-4629-a113-c5f9e12699b1,8aeafec2-2834-4874-b2a8-25604b880440
5587a49c-04b0-4ba5-8f5a-235771ca95f9,8130458f-ae96-4ab3-89b9-21f06a2aac78,a980b931-9769-4975-847a-5d81405b213b
55dc26e5-65b0-4de0-8377-149612fd43ac,7e249a64-9f13-47d3-a232-562a3d080198,a445d29b-2ba7-5a46-8885-5a5d11680eba
55dc26e5-65b0-4de0-8377-149612fd43ac,919a3f90-b681-422c-8481-fe313daa0044,bbd73e80-7ac4-11f0-8000-bb3209de79c0
55dc26e5-65b0-4de0-8377-149612fd43ac,972bdd5f-5f8c-42d1-a47f-1ac08d1da48e,da334c89-29ad-56a6-852b-1ab5940f21f6
55dc26e5-65b0-4de0-8377-149612fd43ac,fe987366-a8ad-48fa-8821-73f54f6df180,b4cee380-665b-11f0-8000-bb3209de79c0
55dc26e5-65b0-4de0-8377-149612fd43ac,c2eb2a01-e85a-40d9-b0dd-550f6be14476,8aeafec2-2834-4874-b2a8-25604b880440
55dc26e5-65b0-4de0-8377-149612fd43ac,69b0e5b9-3be2-4ec3-a9a6-bb5b523d4b32,31c79380-d8c8-4304-bd35-6448e6378c41
55dc26e5-65b0-4de0-8377-149612fd43ac,8130458f-ae96-4ab3-89b9-21f06a2aac78,6bb0b0b6-41cd-4bb3-a0e8-d483b25f6cf1
5762f4de-9053-4512-a048-228f0abe29c8,7e249a64-9f13-47d3-a232-562a3d080198,a38a618d-86f2-52ee-abf2-03feefe10c7d
5762f4de-9053-4512-a048-228f0abe29c8,919a3f90-b681-422c-8481-fe313daa0044,bd06237a-7ac4-11f0-8000-bb3209de79c0
5762f4de-9053-4512-a048-228f0abe29c8,972bdd5f-5f8c-42d1-a47f-1ac08d1da48e,da334c89-29ad-56a6-852b-1ab5940f21f6
5762f4de-9053-4512-a048-228f0abe29c8,2091792b-0112-4059-923a-456ab16702da,bf3e18c6-6d97-4d95-bf85-062d00bd171f
5762f4de-9053-4512-a048-228f0abe29c8,fe987366-a8ad-48fa-8821-73f54f6df180,3db376c1-3949-5241-a28d-95d849a81dfd
5762f4de-9053-4512-a048-228f0abe29c8,a86d73d2-ad7e-4db8-966f-46848dc8cb40,8b101cd4-ca61-4e38-8889-84470e890fc5
5762f4de-9053-4512-a048-228f0abe29c8,69b0e5b9-3be2-4ec3-a9a6-bb5b523d4b32,fba565f5-e89e-40f3-bb1d-32805e835d89
5762f4de-9053-4512-a048-228f0abe29c8,98f87087-8958-40d0-9d26-7234b0c65825,8aeafec2-2834-4874-b2a8-25604b880440
5762f4de-9053-4512-a048-228f0abe29c8,bf7c7e55-9543-4496-9ac8-b80a582d7290,f28d2a78-1539-43c8-9f03-2f372c2638b0
5762f4de-9053-4512-a048-228f0abe29c8,69b0e5b9-3be2-4ec3-a9a6-bb5b523d4b32,2f476d95-7185-4b13-aa15-e50d42203f8b
5762f4de-9053-4512-a048-228f0abe29c8,5a5c0f42-84e9-45b4-a84a-a0853d35d9dd,86574e9d-ccd8-45a5-adf3-621b130ced9e
5762f4de-9053-4512-a048-228f0abe29c8,8130458f-ae96-4ab3-89b9-21f06a2aac78,f9d69eb8-9ab7-44da-b9d0-8256de2b4497
5ec80a3b-89e3-4951-a64d-1bc295d8e283,7e249a64-9f13-47d3-a232-562a3d080198,c37bb10c-96d3-5039-9612-6cd415ce6a23
5ec80a3b-89e3-4951-a64d-1bc295d8e283,919a3f90-b681-422c-8481-fe313daa0044,bc3f728b-7ac4-11f0-8000-bb3209de79c0
5ec80a3b-89e3-4951-a64d-1bc295d8e283,972bdd5f-5f8c-42d1-a47f-1ac08d1da48e,da334c89-29ad-56a6-852b-1ab5940f21f6
5ec80a3b-89e3-4951-a64d-1bc295d8e283,44ba72f7-f60a-4af8-b62b-7c6125e76cf2,cea3eb96-6086-417a-8659-59657ff22e84
5ec80a3b-89e3-4951-a64d-1bc295d8e283,163a237b-c25f-4062-84ee-695f217d6bec,6f15b8dc-5f82-4e9a-89f3-f2a6953db72d
5ec80a3b-89e3-4951-a64d-1bc295d8e283,fe987366-a8ad-48fa-8821-73f54f6df180,27c8e248-58e1-5e27-8316-73a151d5f671
5ec80a3b-89e3-4951-a64d-1bc295d8e283,5fc998ef-6826-414c-8bfc-b2b9511f15a3,ea0ba378-6d29-46d8-84f2-6b14fca7bc16
5ec80a3b-89e3-4951-a64d-1bc295d8e283,69b0e5b9-3be2-4ec3-a9a6-bb5b523d4b32,750120c8-1d4b-4fed-8908-ce14e30d3e15
5ec80a3b-89e3-4951-a64d-1bc295d8e283,69b0e5b9-3be2-4ec3-a9a6-bb5b523d4b32,fcd7f192-b04e-4765-90cf-5cc4f6125619
5ec80a3b-89e3-4951-a64d-1bc295d8e283,6dd0f2db-ff7b-4629-a113-c5f9e12699b1,8aeafec2-2834-4874-b2a8-25604b880440
5ec80a3b-89e3-4951-a64d-1bc295d8e283,8130458f-ae96-4ab3-89b9-21f06a2aac78,a980b931-9769-4975-847a-5d81405b213b
5eec6dfb-de03-479e-9108-4fe724e936e3,7e249a64-9f13-47d3-a232-562a3d080198,5f9589c3-555e-588b-9761-5b468ad3838d
5eec6dfb-de03-479e-9108-4fe724e936e3,919a3f90-b681-422c-8481-fe313daa0044,bcef5ffe-7ac4-11f0-8000-bb3209de79c0
5eec6dfb-de03-479e-9108-4fe724e936e3,972bdd5f-5f8c-42d1-a47f-1ac08d1da48e,da334c89-29ad-56a6-852b-1ab5940f21f6
5eec6dfb-de03-479e-9108-4fe724e936e3,d5dd9fd5-bdd9-4919-a98d-9a272ccec39d,bf3e18c6-6d97-4d95-bf85-062d00bd171f
5eec6dfb-de03-479e-9108-4fe724e936e3,fe987366-a8ad-48fa-8821-73f54f6df180,43e0db25-6a60-54f1-ae6b-00031ff94b8b
5eec6dfb-de03-479e-9108-4fe724e936e3,69b0e5b9-3be2-4ec3-a9a6-bb5b523d4b32,2699b39d-7e68-4850-be72-d76c17355d48
5eec6dfb-de03-479e-9108-4fe724e936e3,733bdff0-3f5a-4814-8494-40de5b02567a,8aeafec2-2834-4874-b2a8-25604b880440
5eec6dfb-de03-479e-9108-4fe724e936e3,8130458f-ae96-4ab3-89b9-21f06a2aac78,130e95f1-ebc4-46f1-90ba-3f9fa21cb77b
5f200423-611c-44db-a378-14034e5e4cff,7e249a64-9f13-47d3-a232-562a3d080198,c37bb10c-96d3-5039-9612-6cd415ce6a23
5f200423-611c-44db-a378-14034e5e4cff,919a3f90-b681-422c-8481-fe313daa0044,bc45370a-7ac4-11f0-8000-bb3209de79c0
5f200423-611c-44db-a378-14034e5e4cff,972bdd5f-5f8c-42d1-a47f-1ac08d1da48e,da334c89-29ad-56a6-852b-1ab5940f21f6
5f200423-611c-44db-a378-14034e5e4cff,44ba72f7-f60a-4af8-b62b-7c6125e76cf2,cea3eb96-6086-417a-8659-59657ff22e84
5f200423-611c-44db-a378-14034e5e4cff,163a237b-c25f-4062-84ee-695f217d6bec,6f15b8dc-5f82-4e9a-89f3-f2a6953db72d
5f200423-611c-44db-a378-14034e5e4cff,fe987366-a8ad-48fa-8821-73f54f6df180,cd6a102d-9181-58e6-9bdd-017accb10113
5f200423-611c-44db-a378-14034e5e4cff,5fc998ef-6826-414c-8bfc-b2b9511f15a3,ea0ba378-6d29-46d8-84f2-6b14fca7bc16
5f200423-611c-44db-a378-14034e5e4cff,69b0e5b9-3be2-4ec3-a9a6-bb5b523d4b32,750120c8-1d4b-4fed-8908-ce14e30d3e15
5f200423-611c-44db-a378-14034e5e4cff,69b0e5b9-3be2-4ec3-a9a6-bb5b523d4b32,fcd7f192-b04e-4765-90cf-5cc4f6125619
5f200423-611c-44db-a378-14034e5e4cff,6dd0f2db-ff7b-4629-a113-c5f9e12699b1,8aeafec2-2834-4874-b2a8-25604b880440
5f200423-611c-44db-a378-14034e5e4cff,8130458f-ae96-4ab3-89b9-21f06a2aac78,a980b931-9769-4975-847a-5d81405b213b
5f57aa8b-5211-4f6f-ad25-a37bd7dab47f,7e249a64-9f13-47d3-a232-562a3d080198,d08754c0-1e6a-5794-8d3c-7cbf82cfb1a0
5f57aa8b-5211-4f6f-ad25-a37bd7dab47f,919a3f90-b681-422c-8481-fe313daa0044,bcbe5f0a-7ac4-11f0-8000-bb3209de79c0
5f57aa8b-5211-4f6f-ad25-a37bd7dab47f,972bdd5f-5f8c-42d1-a47f-1ac08d1da48e,da334c89-29ad-56a6-852b-1ab5940f21f6
5f57aa8b-5211-4f6f-ad25-a37bd7dab47f,860f3d96-477f-4cf5-9058-64b8461c6db6,a4549ab2-3393-472e-af18-aa5bc23f3b53
5f57aa8b-5211-4f6f-ad25-a37bd7dab47f,fe987366-a8ad-48fa-8821-73f54f6df180,c4da44f5-62e8-5066-a7e6-c85b22e36622
5f57aa8b-5211-4f6f-ad25-a37bd7dab47f,34f8b8f3-0c9f-4570-aae7-fa0153a9bb3d,308c9c65-3cdd-4c5e-a9d1-2f3deb4697e3
5f57aa8b-5211-4f6f-ad25-a37bd7dab47f,8062952a-36eb-45ff-8c39-03e659c6582f,8aeafec2-2834-4874-b2a8-25604b880440
5f57aa8b-5211-4f6f-ad25-a37bd7dab47f,ab55beb8-cf23-4525-96ce-9f5fc6f81700,69432388-f88b-419e-b945-5295b56f4954
5f57aa8b-5211-4f6f-ad25-a37bd7dab47f,69b0e5b9-3be2-4ec3-a9a6-bb5b523d4b32,a21b3955-8490-44ba-96e7-1f7524dd8d25
5f57aa8b-5211-4f6f-ad25-a37bd7dab47f,707331dd-a1fb-447b-8dae-cbbf2611f62b,6f15b8dc-5f82-4e9a-89f3-f2a6953db72d
5f57aa8b-5211-4f6f-ad25-a37bd7dab47f,8130458f-ae96-4ab3-89b9-21f06a2aac78,20a6c495-a478-4b18-83b1-ab97ef909665
618cf5a2-e09d-4b84-98d1-36aa8cf24e70,7e249a64-9f13-47d3-a232-562a3d080198,d08754c0-1e6a-5794-8d3c-7cbf82cfb1a0
618cf5a2-e09d-4b84-98d1-36aa8cf24e70,919a3f90-b681-422c-8481-fe313daa0044,bcc0c205-7ac4-11f0-8000-bb3209de79c0
618cf5a2-e09d-4b84-98d1-36aa8cf24e70,972bdd5f-5f8c-42d1-a47f-1ac08d1da48e,da334c89-29ad-56a6-852b-1ab5940f21f6
618cf5a2-e09d-4b84-98d1-36aa8cf24e70,860f3d96-477f-4cf5-9058-64b8461c6db6,287328a0-67c3-453e-969b-b978073592ba
618cf5a2-e09d-4b84-98d1-36aa8cf24e70,fe987366-a8ad-48fa-8821-73f54f6df180,0001b11a-9b9b-5845-9142-52f0af9af8fd
618cf5a2-e09d-4b84-98d1-36aa8cf24e70,34f8b8f3-0c9f-4570-aae7-fa0153a9bb3d,964230f4-85b0-40a1-b7e9-f483c2048d3a
618cf5a2-e09d-4b84-98d1-36aa8cf24e70,8062952a-36eb-45ff-8c39-03e659c6582f,8aeafec2-2834-4874-b2a8-25604b880440
618cf5a2-e09d-4b84-98d1-36aa8cf24e70,ab55beb8-cf23-4525-96ce-9f5fc6f81700,0bed7cb2-3fbb-4413-8a54-95e8c3275b5a
618cf5a2-e09d-4b84-98d1-36aa8cf24e70,69b0e5b9-3be2-4ec3-a9a6-bb5b523d4b32,a21b3955-8490-44ba-96e7-1f7524dd8d25
618cf5a2-e09d-4b84-98d1-36aa8cf24e70,707331dd-a1fb-447b-8dae-cbbf2611f62b,945fc345-4f69-482f-a52e-cb3a2638b8cc
618cf5a2-e09d-4b84-98d1-36aa8cf24e70,8130458f-ae96-4ab3-89b9-21f06a2aac78,20a6c495-a478-4b18-83b1-ab97ef909665
61e53e78-5ca7-465e-a75f-0f228987db5f,7e249a64-9f13-47d3-a232-562a3d080198,d08754c0-1e6a-5794-8d3c-7cbf82cfb1a0
61e53e78-5ca7-465e-a75f-0f228987db5f,919a3f90-b681-422c-8481-fe313daa0044,bcc66642-7ac4-11f0-8000-bb3209de79c0
61e53e78-5ca7-465e-a75f-0f228987db5f,972bdd5f-5f8c-42d1-a47f-1ac08d1da48e,da334c89-29ad-56a6-852b-1ab5940f21f6
61e53e78-5ca7-465e-a75f-0f228987db5f,860f3d96-477f-4cf5-9058-64b8461c6db6,a4549ab2-3393-472e-af18-aa5bc23f3b53
61e53e78-5ca7-465e-a75f-0f228987db5f,fe987366-a8ad-48fa-8821-73f54f6df180,ddd60cac-0de3-5f85-9fe6-831d6c965b52
61e53e78-5ca7-465e-a75f-0f228987db5f,34f8b8f3-0c9f-4570-aae7-fa0153a9bb3d,308c9c65-3cdd-4c5e-a9d1-2f3deb4697e3
61e53e78-5ca7-465e-a75f-0f228987db5f,8062952a-36eb-45ff-8c39-03e659c6582f,8aeafec2-2834-4874-b2a8-25604b880440
61e53e78-5ca7-465e-a75f-0f228987db5f,ab55beb8-cf23-4525-96ce-9f5fc6f81700,448a40b7-6355-4c38-89dc-0fad3aa1362d
61e53e78-5ca7-465e-a75f-0f228987db5f,69b0e5b9-3be2-4ec3-a9a6-bb5b523d4b32,04ff825a-8191-4fd1-bf47-26ab800999d1
61e53e78-5ca7-465e-a75f-0f228987db5f,707331dd-a1fb-447b-8dae-cbbf2611f62b,75d9dad9-60bd-4ea0-9ad8-0524d837cac9
61e53e78-5ca7-465e-a75f-0f228987db5f,8130458f-ae96-4ab3-89b9-21f06a2aac78,20a6c495-a478-4b18-83b1-ab97ef909665
62575694-4b96-4a93-910f-e8f35d5a918e,7e249a64-9f13-47d3-a232-562a3d080198,a445d29b-2ba7-5a46-8885-5a5d11680eba
62575694-4b96-4a93-910f-e8f35d5a918e,919a3f90-b681-422c-8481-fe313daa0044,bd33cdb3-7ac4-11f0-8000-bb3209de79c0
62575694-4b96-4a93-910f-e8f35d5a918e,972bdd5f-5f8c-42d1-a47f-1ac08d1da48e,da334c89-29ad-56a6-852b-1ab5940f21f6
62575694-4b96-4a93-910f-e8f35d5a918e,fe987366-a8ad-48fa-8821-73f54f6df180,eff52380-3347-11f0-8000-bb3209de79c0
62575694-4b96-4a93-910f-e8f35d5a918e,c2eb2a01-e85a-40d9-b0dd-550f6be14476,8aeafec2-2834-4874-b2a8-25604b880440
62575694-4b96-4a93-910f-e8f35d5a918e,69b0e5b9-3be2-4ec3-a9a6-bb5b523d4b32,31c79380-d8c8-4304-bd35-6448e6378c41
62575694-4b96-4a93-910f-e8f35d5a918e,8130458f-ae96-4ab3-89b9-21f06a2aac78,6bb0b0b6-41cd-4bb3-a0e8-d483b25f6cf1
64b9d7d4-5b5b-406d-be41-6320fd6d15b1,7e249a64-9f13-47d3-a232-562a3d080198,c37bb10c-96d3-5039-9612-6cd415ce6a23
64b9d7d4-5b5b-406d-be41-6320fd6d15b1,919a3f90-b681-422c-8481-fe313daa0044,bc438008-7ac4-11f0-8000-bb3209de79c0
64b9d7d4-5b5b-406d-be41-6320fd6d15b1,972bdd5f-5f8c-42d1-a47f-1ac08d1da48e,da334c89-29ad-56a6-852b-1ab5940f21f6
64b9d7d4-5b5b-406d-be41-6320fd6d15b1,44ba72f7-f60a-4af8-b62b-7c6125e76cf2,cea3eb96-6086-417a-8659-59657ff22e84
64b9d7d4-5b5b-406d-be41-6320fd6d15b1,163a237b-c25f-4062-84ee-695f217d6bec,6f15b8dc-5f82-4e9a-89f3-f2a6953db72d
64b9d7d4-5b5b-406d-be41-6320fd6d15b1,fe987366-a8ad-48fa-8821-73f54f6df180,43038aa8-0d2b-58aa-8466-764711e7b771
64b9d7d4-5b5b-406d-be41-6320fd6d15b1,5fc998ef-6826-414c-8bfc-b2b9511f15a3,ea0ba378-6d29-46d8-84f2-6b14fca7bc16
64b9d7d4-5b5b-406d-be41-6320fd6d15b1,69b0e5b9-3be2-4ec3-a9a6-bb5b523d4b32,750120c8-1d4b-4fed-8908-ce14e30d3e15
64b9d7d4-5b5b-406d-be41-6320fd6d15b1,69b0e5b9-3be2-4ec3-a9a6-bb5b523d4b32,fcd7f192-b04e-4765-90cf-5cc4f6125619
64b9d7d4-5b5b-406d-be41-6320fd6d15b1,6dd0f2db-ff7b-4629-a113-c5f9e12699b1,8aeafec2-2834-4874-b2a8-25604b880440
64b9d7d4-5b5b-406d-be41-6320fd6d15b1,8130458f-ae96-4ab3-89b9-21f06a2aac78,a980b931-9769-4975-847a-5d81405b213b
65957a36-7954-4c16-b4b8-dbc6fbd3bd0a,7e249a64-9f13-47d3-a232-562a3d080198,5efa2f5e-5f8b-5e1c-93c6-77327c916e5f
65957a36-7954-4c16-b4b8-dbc6fbd3bd0a,919a3f90-b681-422c-8481-fe313daa0044,bbb19314-7ac4-11f0-8000-bb3209de79c0
65957a36-7954-4c16-b4b8-dbc6fbd3bd0a,972bdd5f-5f8c-42d1-a47f-1ac08d1da48e,da334c89-29ad-56a6-852b-1ab5940f21f6
65957a36-7954-4c16-b4b8-dbc6fbd3bd0a,fe987366-a8ad-48fa-8821-73f54f6df180,c3729353-d31c-5b95-b7ca-a1213110dc27
65957a36-7954-4c16-b4b8-dbc6fbd3bd0a,69b0e5b9-3be2-4ec3-a9a6-bb5b523d4b32,9aa96187-b66b-4730-a110-d06287e3680a
65957a36-7954-4c16-b4b8-dbc6fbd3bd0a,0afc734b-8120-4ae9-987f-e497deeef694,8aeafec2-2834-4874-b2a8-25604b880440
65957a36-7954-4c16-b4b8-dbc6fbd3bd0a,b3ff6026-5379-4bff-85df-1dac465bff7e,6ec6c867-0c1f-4a57-bf6d-6a02fa66f1c5
65957a36-7954-4c16-b4b8-dbc6fbd3bd0a,8130458f-ae96-4ab3-89b9-21f06a2aac78,fcae9992-8838-447e-a530-5f63aab304b2
66c6f282-59d7-4039-a4a6-77805d63aac8,7e249a64-9f13-47d3-a232-562a3d080198,38b27976-0842-5f8f-a2e6-9718002b14ad
66c6f282-59d7-4039-a4a6-77805d63aac8,919a3f90-b681-422c-8481-fe313daa0044,bd35051b-7ac4-11f0-8000-bb3209de79c0
66c6f282-59d7-4039-a4a6-77805d63aac8,972bdd5f-5f8c-42d1-a47f-1ac08d1da48e,da334c89-29ad-56a6-852b-1ab5940f21f6
66c6f282-59d7-4039-a4a6-77805d63aac8,7c8701dc-318f-46a1-8bf3-94b88c4fb5ca,f8bfd149-33e9-4adc-a4a6-c2dbd6f1bd07
66c6f282-59d7-4039-a4a6-77805d63aac8,fe987366-a8ad-48fa-8821-73f54f6df180,469996a5-df8b-5307-9ccd-0095a441225e
66c6f282-59d7-4039-a4a6-77805d63aac8,6d5f5b75-da43-430e-97ac-6c40ed459808,62575694-4b96-4a93-910f-e8f35d5a918e
66c6f282-59d7-4039-a4a6-77805d63aac8,0d2f36bd-93c6-4b17-a066-47242f6477ee,8aeafec2-2834-4874-b2a8-25604b880440
66c6f282-59d7-4039-a4a6-77805d63aac8,c61d7746-0177-4e93-9e5e-c3d0053e9082,b83c207c-96a1-4e37-bdc7-aa8d4ad19acd
66c6f282-59d7-4039-a4a6-77805d63aac8,69b0e5b9-3be2-4ec3-a9a6-bb5b523d4b32,338d45df-ba19-4abf-812e-2930d41e7bf7
66c6f282-59d7-4039-a4a6-77805d63aac8,8130458f-ae96-4ab3-89b9-21f06a2aac78,5c790afa-c116-4721-8e7c-83624d1dd4bc
674aad5b-34d2-4428-bc62-4b36141afe7a,7e249a64-9f13-47d3-a232-562a3d080198,c37bb10c-96d3-5039-9612-6cd415ce6a23
674aad5b-34d2-4428-bc62-4b36141afe7a,919a3f90-b681-422c-8481-fe313daa0044,bc830681-7ac4-11f0-8000-bb3209de79c0
674aad5b-34d2-4428-bc62-4b36141afe7a,972bdd5f-5f8c-42d1-a47f-1ac08d1da48e,da334c89-29ad-56a6-852b-1ab5940f21f6
674aad5b-34d2-4428-bc62-4b36141afe7a,44ba72f7-f60a-4af8-b62b-7c6125e76cf2,efd37dc4-0be8-4f5d-a91e-b2c1cc24923e
674aad5b-34d2-4428-bc62-4b36141afe7a,163a237b-c25f-4062-84ee-695f217d6bec,945fc345-4f69-482f-a52e-cb3a2638b8cc
674aad5b-34d2-4428-bc62-4b36141afe7a,fe987366-a8ad-48fa-8821-73f54f6df180,6dbade48-d71c-519f-a013-ea7e70fbd8f8
674aad5b-34d2-4428-bc62-4b36141afe7a,5fc998ef-6826-414c-8bfc-b2b9511f15a3,ea0ba378-6d29-46d8-84f2-6b14fca7bc16
674aad5b-34d2-4428-bc62-4b36141afe7a,69b0e5b9-3be2-4ec3-a9a6-bb5b523d4b32,750120c8-1d4b-4fed-8908-ce14e30d3e15
674aad5b-34d2-4428-bc62-4b36141afe7a,69b0e5b9-3be2-4ec3-a9a6-bb5b523d4b32,fcd7f192-b04e-4765-90cf-5cc4f6125619
674aad5b-34d2-4428-bc62-4b36141afe7a,6dd0f2db-ff7b-4629-a113-c5f9e12699b1,8aeafec2-2834-4874-b2a8-25604b880440
674aad5b-34d2-4428-bc62-4b36141afe7a,8130458f-ae96-4ab3-89b9-21f06a2aac78,a980b931-9769-4975-847a-5d81405b213b
67cf3f13-9750-4750-b2e9-168d28e3ade8,7e249a64-9f13-47d3-a232-562a3d080198,94a67c11-7e60-5557-8a7c-3fb7883d3b9a
67cf3f13-9750-4750-b2e9-168d28e3ade8,919a3f90-b681-422c-8481-fe313daa0044,bd41c439-7ac4-11f0-8000-bb3209de79c0
67cf3f13-9750-4750-b2e9-168d28e3ade8,972bdd5f-5f8c-42d1-a47f-1ac08d1da48e,da334c89-29ad-56a6-852b-1ab5940f21f6
67cf3f13-9750-4750-b2e9-168d28e3ade8,88a0ff67-682f-4e5c-ac5f-055b3595864d,f8bfd149-33e9-4adc-a4a6-c2dbd6f1bd07
67cf3f13-9750-4750-b2e9-168d28e3ade8,fe987366-a8ad-48fa-8821-73f54f6df180,9206d3db-4ae1-58e4-a2cd-159e7f832e0b
67cf3f13-9750-4750-b2e9-168d28e3ade8,aa0b457e-7310-443b-8c3a-b990b50bda8a,62575694-4b96-4a93-910f-e8f35d5a918e
67cf3f13-9750-4750-b2e9-168d28e3ade8,f4063f4b-8ae5-428d-bb90-fbf41629f765,8aeafec2-2834-4874-b2a8-25604b880440
67cf3f13-9750-4750-b2e9-168d28e3ade8,69b0e5b9-3be2-4ec3-a9a6-bb5b523d4b32,5d372230-d516-45bd-94f4-0064f09f1f67
67cf3f13-9750-4750-b2e9-168d28e3ade8,20e0f8a8-7527-47d6-9755-402851231b9f,b2ece876-b022-4393-850b-fe89293eeb67
67cf3f13-9750-4750-b2e9-168d28e3ade8,69b0e5b9-3be2-4ec3-a9a6-bb5b523d4b32,e29523ff-13ff-5704-9868-4d47526a556d
67cf3f13-9750-4750-b2e9-168d28e3ade8,8130458f-ae96-4ab3-89b9-21f06a2aac78,4e292a65-9a0d-4bfa-9e4f-16ae238c2627
687f4dd8-2631-423d-8cf3-e49f694a8937,7e249a64-9f13-47d3-a232-562a3d080198,c37bb10c-96d3-5039-9612-6cd415ce6a23
687f4dd8-2631-423d-8cf3-e49f694a8937,919a3f90-b681-422c-8481-fe313daa0044,bc36ce06-7ac4-11f0-8000-bb3209de79c0
687f4dd8-2631-423d-8cf3-e49f694a8937,972bdd5f-5f8c-42d1-a47f-1ac08d1da48e,da334c89-29ad-56a6-852b-1ab5940f21f6
687f4dd8-2631-423d-8cf3-e49f694a8937,44ba72f7-f60a-4af8-b62b-7c6125e76cf2,cea3eb96-6086-417a-8659-59657ff22e84
687f4dd8-2631-423d-8cf3-e49f694a8937,163a237b-c25f-4062-84ee-695f217d6bec,6f15b8dc-5f82-4e9a-89f3-f2a6953db72d
687f4dd8-2631-423d-8cf3-e49f694a8937,fe987366-a8ad-48fa-8821-73f54f6df180,0d09cfcd-13e4-5cb0-8b26-d18f527e655a
687f4dd8-2631-423d-8cf3-e49f694a8937,5fc998ef-6826-414c-8bfc-b2b9511f15a3,ea0ba378-6d29-46d8-84f2-6b14fca7bc16
687f4dd8-2631-423d-8cf3-e49f694a8937,69b0e5b9-3be2-4ec3-a9a6-bb5b523d4b32,750120c8-1d4b-4fed-8908-ce14e30d3e15
687f4dd8-2631-423d-8cf3-e49f694a8937,69b0e5b9-3be2-4ec3-a9a6-bb5b523d4b32,fcd7f192-b04e-4765-90cf-5cc4f6125619
687f4dd8-2631-423d-8cf3-e49f694a8937,6dd0f2db-ff7b-4629-a113-c5f9e12699b1,8aeafec2-2834-4874-b2a8-25604b880440
687f4dd8-2631-423d-8cf3-e49f694a8937,8130458f-ae96-4ab3-89b9-21f06a2aac78,a980b931-9769-4975-847a-5d81405b213b
693062f4-3f0e-4a76-b075-fddbc0a8d665,7e249a64-9f13-47d3-a232-562a3d080198,c37bb10c-96d3-5039-9612-6cd415ce6a23
693062f4-3f0e-4a76-b075-fddbc0a8d665,919a3f90-b681-422c-8481-fe313daa0044,bc2bdf26-7ac4-11f0-8000-bb3209de79c0
693062f4-3f0e-4a76-b075-fddbc0a8d665,972bdd5f-5f8c-42d1-a47f-1ac08d1da48e,da334c89-29ad-56a6-852b-1ab5940f21f6
693062f4-3f0e-4a76-b075-fddbc0a8d665,44ba72f7-f60a-4af8-b62b-7c6125e76cf2,cea3eb96-6086-417a-8659-59657ff22e84
693062f4-3f0e-4a76-b075-fddbc0a8d665,163a237b-c25f-4062-84ee-695f217d6bec,6f15b8dc-5f82-4e9a-89f3-f2a6953db72d
693062f4-3f0e-4a76-b075-fddbc0a8d665,fe987366-a8ad-48fa-8821-73f54f6df180,eb042972-77ee-50b6-94c6-5d129090860d
693062f4-3f0e-4a76-b075-fddbc0a8d665,5fc998ef-6826-414c-8bfc-b2b9511f15a3,ea0ba378-6d29-46d8-84f2-6b14fca7bc16
693062f4-3f0e-4a76-b075-fddbc0a8d665,69b0e5b9-3be2-4ec3-a9a6-bb5b523d4b32,750120c8-1d4b-4fed-8908-ce14e30d3e15
693062f4-3f0e-4a76-b075-fddbc0a8d665,69b0e5b9-3be2-4ec3-a9a6-bb5b523d4b32,fcd7f192-b04e-4765-90cf-5cc4f6125619
693062f4-3f0e-4a76-b075-fddbc0a8d665,6dd0f2db-ff7b-4629-a113-c5f9e12699b1,8aeafec2-2834-4874-b2a8-25604b880440
693062f4-3f0e-4a76-b075-fddbc0a8d665,8130458f-ae96-4ab3-89b9-21f06a2aac78,a980b931-9769-4975-847a-5d81405b213b
69432388-f88b-419e-b945-5295b56f4954,7e249a64-9f13-47d3-a232-562a3d080198,c37bb10c-96d3-5039-9612-6cd415ce6a23
69432388-f88b-419e-b945-5295b56f4954,919a3f90-b681-422c-8481-fe313daa0044,bbdb9d48-7ac4-11f0-8000-bb3209de79c0
69432388-f88b-419e-b945-5295b56f4954,972bdd5f-5f8c-42d1-a47f-1ac08d1da48e,da334c89-29ad-56a6-852b-1ab5940f21f6
69432388-f88b-419e-b945-5295b56f4954,44ba72f7-f60a-4af8-b62b-7c6125e76cf2,5265dbcc-6af6-48a0-8898-8b98c8c2ea48
69432388-f88b-419e-b945-5295b56f4954,163a237b-c25f-4062-84ee-695f217d6bec,b83c207c-96a1-4e37-bdc7-aa8d4ad19acd
69432388-f88b-419e-b945-5295b56f4954,fe987366-a8ad-48fa-8821-73f54f6df180,5bd14162-3580-5e58-a8e2-99724a849888
69432388-f88b-419e-b945-5295b56f4954,5fc998ef-6826-414c-8bfc-b2b9511f15a3,55dc26e5-65b0-4de0-8377-149612fd43ac
69432388-f88b-419e-b945-5295b56f4954,69b0e5b9-3be2-4ec3-a9a6-bb5b523d4b32,6d2f2bff-94e2-483c-a279-10fdd610c55f
69432388-f88b-419e-b945-5295b56f4954,69b0e5b9-3be2-4ec3-a9a6-bb5b523d4b32,db2e8f75-21ce-43ac-b936-fb7213faae86
69432388-f88b-419e-b945-5295b56f4954,6dd0f2db-ff7b-4629-a113-c5f9e12699b1,8aeafec2-2834-4874-b2a8-25604b880440
69432388-f88b-419e-b945-5295b56f4954,8130458f-ae96-4ab3-89b9-21f06a2aac78,a980b931-9769-4975-847a-5d81405b213b
6a6780c5-70b3-4224-8df9-f5d61054cd81,7e249a64-9f13-47d3-a232-562a3d080198,c37bb10c-96d3-5039-9612-6cd415ce6a23
6a6780c5-70b3-4224-8df9-f5d61054cd81,919a3f90-b681-422c-8481-fe313daa0044,bc423320-7ac4-11f0-8000-bb3209de79c0
6a6780c5-70b3-4224-8df9-f5d61054cd81,972bdd5f-5f8c-42d1-a47f-1ac08d1da48e,da334c89-29ad-56a6-852b-1ab5940f21f6
6a6780c5-70b3-4224-8df9-f5d61054cd81,44ba72f7-f60a-4af8-b62b-7c6125e76cf2,cea3eb96-6086-417a-8659-59657ff22e84
6a6780c5-70b3-4224-8df9-f5d61054cd81,163a237b-c25f-4062-84ee-695f217d6bec,6f15b8dc-5f82-4e9a-89f3-f2a6953db72d
6a6780c5-70b3-4224-8df9-f5d61054cd81,fe987366-a8ad-48fa-8821-73f54f6df180,d2fa009a-7ef3-59cb-b0ce-ca1d0c8743af
6a6780c5-70b3-4224-8df9-f5d61054cd81,5fc998ef-6826-414c-8bfc-b2b9511f15a3,ea0ba378-6d29-46d8-84f2-6b14fca7bc16
6a6780c5-70b3-4224-8df9-f5d61054cd81,69b0e5b9-3be2-4ec3-a9a6-bb5b523d4b32,750120c8-1d4b-4fed-8908-ce14e30d3e15
6a6780c5-70b3-4224-8df9-f5d61054cd81,69b0e5b9-3be2-4ec3-a9a6-bb5b523d4b32,fcd7f192-b04e-4765-90cf-5cc4f6125619
6a6780c5-70b3-4224-8df9-f5d61054cd81,6dd0f2db-ff7b-4629-a113-c5f9e12699b1,8aeafec2-2834-4874-b2a8-25604b880440
6a6780c5-70b3-4224-8df9-f5d61054cd81,8130458f-ae96-4ab3-89b9-21f06a2aac78,a980b931-9769-4975-847a-5d81405b213b
6afae470-ca6a-46b7-8fdc-16a179d9fb9a,7e249a64-9f13-47d3-a232-562a3d080198,c37bb10c-96d3-5039-9612-6cd415ce6a23
6afae470-ca6a-46b7-8fdc-16a179d9fb9a,919a3f90-b681-422c-8481-fe313daa0044,bc48cd52-7ac4-11f0-8000-bb3209de79c0
6afae470-ca6a-46b7-8fdc-16a179d9fb9a,972bdd5f-5f8c-42d1-a47f-1ac08d1da48e,da334c89-29ad-56a6-852b-1ab5940f21f6
6afae470-ca6a-46b7-8fdc-16a179d9fb9a,44ba72f7-f60a-4af8-b62b-7c6125e76cf2,cea3eb96-6086-417a-8659-59657ff22e84
6afae470-ca6a-46b7-8fdc-16a179d9fb9a,163a237b-c25f-4062-84ee-695f217d6bec,6f15b8dc-5f82-4e9a-89f3-f2a6953db72d
6afae470-ca6a-46b7-8fdc-16a179d9fb9a,fe987366-a8ad-48fa-8821-73f54f6df180,2d50c4b2-50f7-5407-a1a4-a36dcfc57149
6afae470-ca6a-46b7-8fdc-16a179d9fb9a,5fc998ef-6826-414c-8bfc-b2b9511f15a3,ea0ba378-6d29-46d8-84f2-6b14fca7bc16
6afae470-ca6a-46b7-8fdc-16a179d9fb9a,69b0e5b9-3be2-4ec3-a9a6-bb5b523d4b32,750120c8-1d4b-4fed-8908-ce14e30d3e15
6afae470-ca6a-46b7-8fdc-16a179d9fb9a,69b0e5b9-3be2-4ec3-a9a6-bb5b523d4b32,fcd7f192-b04e-4765-90cf-5cc4f6125619
6afae470-ca6a-46b7-8fdc-16a179d9fb9a,6dd0f2db-ff7b-4629-a113-c5f9e12699b1,8aeafec2-2834-4874-b2a8-25604b880440
6afae470-ca6a-46b7-8fdc-16a179d9fb9a,8130458f-ae96-4ab3-89b9-21f06a2aac78,a980b931-9769-4975-847a-5d81405b213b
6daf61ac-ecdd-4a1a-b356-30bb63becb95,7e249a64-9f13-47d3-a232-562a3d080198,5f9589c3-555e-588b-9761-5b468ad3838d
6daf61ac-ecdd-4a1a-b356-30bb63becb95,919a3f90-b681-422c-8481-fe313daa0044,bbf697ed-7ac4-11f0-8000-bb3209de79c0
6daf61ac-ecdd-4a1a-b356-30bb63becb95,972bdd5f-5f8c-42d1-a47f-1ac08d1da48e,da334c89-29ad-56a6-852b-1ab5940f21f6
6daf61ac-ecdd-4a1a-b356-30bb63becb95,d5dd9fd5-bdd9-4919-a98d-9a272ccec39d,8ffa1546-7451-4bf8-a608-51f1daf0080f
6daf61ac-ecdd-4a1a-b356-30bb63becb95,fe987366-a8ad-48fa-8821-73f54f6df180,c1879cf1-2fb2-5a24-a95c-218232b53e15
6daf61ac-ecdd-4a1a-b356-30bb63becb95,d8572331-a2cc-4165-8817-17d8abb9a648,a871822b-2505-475a-bb4d-ace0588ebb35
6daf61ac-ecdd-4a1a-b356-30bb63becb95,69b0e5b9-3be2-4ec3-a9a6-bb5b523d4b32,b818e531-faa1-484a-9fd6-4a603e383e2a
6daf61ac-ecdd-4a1a-b356-30bb63becb95,69b0e5b9-3be2-4ec3-a9a6-bb5b523d4b32,23f80012-4aca-485f-a307-eaefd31fee56
6daf61ac-ecdd-4a1a-b356-30bb63becb95,733bdff0-3f5a-4814-8494-40de5b02567a,8aeafec2-2834-4874-b2a8-25604b880440
6daf61ac-ecdd-4a1a-b356-30bb63becb95,30987397-9526-4096-8c1a-166d51809342,e1129000-bb2d-412e-a52a-b3b6968000bb
6daf61ac-ecdd-4a1a-b356-30bb63becb95,8130458f-ae96-4ab3-89b9-21f06a2aac78,130e95f1-ebc4-46f1-90ba-3f9fa21cb77b
6ec6c867-0c1f-4a57-bf6d-6a02fa66f1c5,7e249a64-9f13-47d3-a232-562a3d080198,f94a8adf-d196-585f-b786-793a96c643a5
6ec6c867-0c1f-4a57-bf6d-6a02fa66f1c5,919a3f90-b681-422c-8481-fe313daa0044,bbb14c24-7ac4-11f0-8000-bb3209de79c0
6ec6c867-0c1f-4a57-bf6d-6a02fa66f1c5,972bdd5f-5f8c-42d1-a47f-1ac08d1da48e,da334c89-29ad-56a6-852b-1ab5940f21f6
6ec6c867-0c1f-4a57-bf6d-6a02fa66f1c5,fe987366-a8ad-48fa-8821-73f54f6df180,733fb66f-7a80-5290-92b7-fcecc21da04d
6ec6c867-0c1f-4a57-bf6d-6a02fa66f1c5,69b0e5b9-3be2-4ec3-a9a6-bb5b523d4b32,0e93a422-4402-4a2b-aa06-6a0740bc5489
6ec6c867-0c1f-4a57-bf6d-6a02fa66f1c5,4ff32a0b-8fb2-41f4-9063-f6c24ab62c0f,8aeafec2-2834-4874-b2a8-25604b880440
6ec6c867-0c1f-4a57-bf6d-6a02fa66f1c5,8130458f-ae96-4ab3-89b9-21f06a2aac78,c951c5a0-4228-4c90-af97-38be3a1cd2a4
6f15b8dc-5f82-4e9a-89f3-f2a6953db72d,7e249a64-9f13-47d3-a232-562a3d080198,fa02ca91-ae28-5513-bdae-4bc44229b991
6f15b8dc-5f82-4e9a-89f3-f2a6953db72d,919a3f90-b681-422c-8481-fe313daa0044,bc20831e-7ac4-11f0-8000-bb3209de79c0
6f15b8dc-5f82-4e9a-89f3-f2a6953db72d,972bdd5f-5f8c-42d1-a47f-1ac08d1da48e,da334c89-29ad-56a6-852b-1ab5940f21f6
6f15b8dc-5f82-4e9a-89f3-f2a6953db72d,55ca955b-c202-4f5c-9e38-04828d571761,cea3eb96-6086-417a-8659-59657ff22e84
6f15b8dc-5f82-4e9a-89f3-f2a6953db72d,fe987366-a8ad-48fa-8821-73f54f6df180,635ecaec-615c-56f7-8dc5-6425d0c85b5b
6f15b8dc-5f82-4e9a-89f3-f2a6953db72d,f54b6340-1a97-4101-b7d9-0ae727796730,ea0ba378-6d29-46d8-84f2-6b14fca7bc16
6f15b8dc-5f82-4e9a-89f3-f2a6953db72d,69b0e5b9-3be2-4ec3-a9a6-bb5b523d4b32,f2fa28ac-1aef-4b86-9a27-8ba4ad802e60
6f15b8dc-5f82-4e9a-89f3-f2a6953db72d,69b0e5b9-3be2-4ec3-a9a6-bb5b523d4b32,9a6cfc6f-45ab-4247-a794-efe73e71f049
6f15b8dc-5f82-4e9a-89f3-f2a6953db72d,5ee256b3-5cbe-4e46-a8d2-badc6fad59b6,8aeafec2-2834-4874-b2a8-25604b880440
6f15b8dc-5f82-4e9a-89f3-f2a6953db72d,8130458f-ae96-4ab3-89b9-21f06a2aac78,dabf85cb-c1e7-489b-aa66-0572dd1bd1dd
708d9125-d24d-4961-8685-1a7adcb53c5a,7e249a64-9f13-47d3-a232-562a3d080198,c37bb10c-96d3-5039-9612-6cd415ce6a23
708d9125-d24d-4961-8685-1a7adcb53c5a,919a3f90-b681-422c-8481-fe313daa0044,bca99598-7ac4-11f0-8000-bb3209de79c0
708d9125-d24d-4961-8685-1a7adcb53c5a,972bdd5f-5f8c-42d1-a47f-1ac08d1da48e,da334c89-29ad-56a6-852b-1ab5940f21f6
708d9125-d24d-4961-8685-1a7adcb53c5a,44ba72f7-f60a-4af8-b62b-7c6125e76cf2,efd37dc4-0be8-4f5d-a91e-b2c1cc24923e
708d9125-d24d-4961-8685-1a7adcb53c5a,163a237b-c25f-4062-84ee-695f217d6bec,945fc345-4f69-482f-a52e-cb3a2638b8cc
708d9125-d24d-4961-8685-1a7adcb53c5a,fe987366-a8ad-48fa-8821-73f54f6df180,1d03e1ec-43a9-5187-b76f-6f9add1d12e4
708d9125-d24d-4961-8685-1a7adcb53c5a,5fc998ef-6826-414c-8bfc-b2b9511f15a3,ea0ba378-6d29-46d8-84f2-6b14fca7bc16
708d9125-d24d-4961-8685-1a7adcb53c5a,69b0e5b9-3be2-4ec3-a9a6-bb5b523d4b32,750120c8-1d4b-4fed-8908-ce14e30d3e15
708d9125-d24d-4961-8685-1a7adcb53c5a,69b0e5b9-3be2-4ec3-a9a6-bb5b523d4b32,fcd7f192-b04e-4765-90cf-5cc4f6125619
708d9125-d24d-4961-8685-1a7adcb53c5a,6dd0f2db-ff7b-4629-a113-c5f9e12699b1,8aeafec2-2834-4874-b2a8-25604b880440
708d9125-d24d-4961-8685-1a7adcb53c5a,8130458f-ae96-4ab3-89b9-21f06a2aac78,a980b931-9769-4975-847a-5d81405b213b
749a1fb2-c396-48b3-8b7f-7a55ebdfb191,7e249a64-9f13-47d3-a232-562a3d080198,c8fd011e-1c18-5fc9-93d9-08af2a6fd210
749a1fb2-c396-48b3-8b7f-7a55ebdfb191,919a3f90-b681-422c-8481-fe313daa0044,bd93abed-7ac4-11f0-8000-bb3209de79c0
749a1fb2-c396-48b3-8b7f-7a55ebdfb191,972bdd5f-5f8c-42d1-a47f-1ac08d1da48e,da334c89-29ad-56a6-852b-1ab5940f21f6
749a1fb2-c396-48b3-8b7f-7a55ebdfb191,555fd3fe-3e5e-4076-8fb6-81f05ae53007,287328a0-67c3-453e-969b-b978073592ba
749a1fb2-c396-48b3-8b7f-7a55ebdfb191,fe987366-a8ad-48fa-8821-73f54f6df180,0e5a9700-d4d8-5a5e-a658-888bcd23d289
749a1fb2-c396-48b3-8b7f-7a55ebdfb191,5dda2da3-7fe1-4351-a3e4-0687d0a92c02,369adb79-a85a-408a-b259-1dadac3f9992
749a1fb2-c396-48b3-8b7f-7a55ebdfb191,69b0e5b9-3be2-4ec3-a9a6-bb5b523d4b32,6376fb84-847c-46b5-a782-2fc1e4e29e83
749a1fb2-c396-48b3-8b7f-7a55ebdfb191,812834e1-e112-4565-bbeb-bef5067bf69b,8aeafec2-2834-4874-b2a8-25604b880440
749a1fb2-c396-48b3-8b7f-7a55ebdfb191,ebb8de78-9ec0-4375-acb9-15f3646ae9f0,f88f8cf6-ebcc-4abb-9a82-12eb573fc1d1
749a1fb2-c396-48b3-8b7f-7a55ebdfb191,ebb8de78-9ec0-4375-acb9-15f3646ae9f0,8f2dc571-bdff-483a-9c87-1c4122e81314
749a1fb2-c396-48b3-8b7f-7a55ebdfb191,8130458f-ae96-4ab3-89b9-21f06a2aac78,07d5cfb9-1dc5-41ca-bd9c-a298a16e6767
75d9dad9-60bd-4ea0-9ad8-0524d837cac9,7e249a64-9f13-47d3-a232-562a3d080198,fa02ca91-ae28-5513-bdae-4bc44229b991
75d9dad9-60bd-4ea0-9ad8-0524d837cac9,919a3f90-b681-422c-8481-fe313daa0044,bcc25e19-7ac4-11f0-8000-bb3209de79c0
75d9dad9-60bd-4ea0-9ad8-0524d837cac9,972bdd5f-5f8c-42d1-a47f-1ac08d1da48e,da334c89-29ad-56a6-852b-1ab5940f21f6
75d9dad9-60bd-4ea0-9ad8-0524d837cac9,55ca955b-c202-4f5c-9e38-04828d571761,f94dbad9-c6f4-4813-87ca-e309bd934464
75d9dad9-60bd-4ea0-9ad8-0524d837cac9,fe987366-a8ad-48fa-8821-73f54f6df180,91db0078-539b-5493-acf4-7868ac367f3d
75d9dad9-60bd-4ea0-9ad8-0524d837cac9,f54b6340-1a97-4101-b7d9-0ae727796730,ea0ba378-6d29-46d8-84f2-6b14fca7bc16
75d9dad9-60bd-4ea0-9ad8-0524d837cac9,69b0e5b9-3be2-4ec3-a9a6-bb5b523d4b32,50c731fe-148f-4c67-b15b-e368cee39949
75d9dad9-60bd-4ea0-9ad8-0524d837cac9,69b0e5b9-3be2-4ec3-a9a6-bb5b523d4b32,077dc199-9332-4edf-bd08-65fa320614c1
75d9dad9-60bd-4ea0-9ad8-0524d837cac9,5ee256b3-5cbe-4e46-a8d2-badc6fad59b6,8aeafec2-2834-4874-b2a8-25604b880440
75d9dad9-60bd-4ea0-9ad8-0524d837cac9,8130458f-ae96-4ab3-89b9-21f06a2aac78,dabf85cb-c1e7-489b-aa66-0572dd1bd1dd
77671041-dfad-4756-bb07-fd568f8b9bde,7e249a64-9f13-47d3-a232-562a3d080198,c37bb10c-96d3-5039-9612-6cd415ce6a23
77671041-dfad-4756-bb07-fd568f8b9bde,919a3f90-b681-422c-8481-fe313daa0044,bca22ef6-7ac4-11f0-8000-bb3209de79c0
77671041-dfad-4756-bb07-fd568f8b9bde,972bdd5f-5f8c-42d1-a47f-1ac08d1da48e,da334c89-29ad-56a6-852b-1ab5940f21f6
77671041-dfad-4756-bb07-fd568f8b9bde,44ba72f7-f60a-4af8-b62b-7c6125e76cf2,efd37dc4-0be8-4f5d-a91e-b2c1cc24923e
77671041-dfad-4756-bb07-fd568f8b9bde,163a237b-c25f-4062-84ee-695f217d6bec,945fc345-4f69-482f-a52e-cb3a2638b8cc
77671041-dfad-4756-bb07-fd568f8b9bde,fe987366-a8ad-48fa-8821-73f54f6df180,06c99bfe-2825-500a-b29c-ed8993057cef
77671041-dfad-4756-bb07-fd568f8b9bde,5fc998ef-6826-414c-8bfc-b2b9511f15a3,ea0ba378-6d29-46d8-84f2-6b14fca7bc16
77671041-dfad-4756-bb07-fd568f8b9bde,69b0e5b9-3be2-4ec3-a9a6-bb5b523d4b32,750120c8-1d4b-4fed-8908-ce14e30d3e15
77671041-dfad-4756-bb07-fd568f8b9bde,69b0e5b9-3be2-4ec3-a9a6-bb5b523d4b32,fcd7f192-b04e-4765-90cf-5cc4f6125619
77671041-dfad-4756-bb07-fd568f8b9bde,6dd0f2db-ff7b-4629-a113-c5f9e12699b1,8aeafec2-2834-4874-b2a8-25604b880440
77671041-dfad-4756-bb07-fd568f8b9bde,8130458f-ae96-4ab3-89b9-21f06a2aac78,a980b931-9769-4975-847a-5d81405b213b
78adf340-c352-440b-b7b3-2e7818bf63ee,7e249a64-9f13-47d3-a232-562a3d080198,c37bb10c-96d3-5039-9612-6cd415ce6a23
78adf340-c352-440b-b7b3-2e7818bf63ee,919a3f90-b681-422c-8481-fe313daa0044,bc97826a-7ac4-11f0-8000-bb3209de79c0
78adf340-c352-440b-b7b3-2e7818bf63ee,972bdd5f-5f8c-42d1-a47f-1ac08d1da48e,da334c89-29ad-56a6-852b-1ab5940f21f6
78adf340-c352-440b-b7b3-2e7818bf63ee,44ba72f7-f60a-4af8-b62b-7c6125e76cf2,efd37dc4-0be8-4f5d-a91e-b2c1cc24923e
78adf340-c352-440b-b7b3-2e7818bf63ee,163a237b-c25f-4062-84ee-695f217d6bec,945fc345-4f69-482f-a52e-cb3a2638b8cc
78adf340-c352-440b-b7b3-2e7818bf63ee,fe987366-a8ad-48fa-8821-73f54f6df180,565a6506-f9a3-5ef7-8f15-92c6e5e011ce
78adf340-c352-440b-b7b3-2e7818bf63ee,5fc998ef-6826-414c-8bfc-b2b9511f15a3,ea0ba378-6d29-46d8-84f2-6b14fca7bc16
78adf340-c352-440b-b7b3-2e7818bf63ee,69b0e5b9-3be2-4ec3-a9a6-bb5b523d4b32,750120c8-1d4b-4fed-8908-ce14e30d3e15
78adf340-c352-440b-b7b3-2e7818bf63ee,69b0e5b9-3be2-4ec3-a9a6-bb5b523d4b32,fcd7f192-b04e-4765-90cf-5cc4f6125619
78adf340-c352-440b-b7b3-2e7818bf63ee,6dd0f2db-ff7b-4629-a113-c5f9e12699b1,8aeafec2-2834-4874-b2a8-25604b880440
78adf340-c352-440b-b7b3-2e7818bf63ee,8130458f-ae96-4ab3-89b9-21f06a2aac78,a980b931-9769-4975-847a-5d81405b213b
792a67e8-2f32-427d-8c68-eda0e53b25dd,7e249a64-9f13-47d3-a232-562a3d080198,c37bb10c-96d3-5039-9612-6cd415ce6a23
792a67e8-2f32-427d-8c68-eda0e53b25dd,919a3f90-b681-422c-8481-fe313daa0044,bcaee305-7ac4-11f0-8000-bb3209de79c0
792a67e8-2f32-427d-8c68-eda0e53b25dd,972bdd5f-5f8c-42d1-a47f-1ac08d1da48e,da334c89-29ad-56a6-852b-1ab5940f21f6
792a67e8-2f32-427d-8c68-eda0e53b25dd,44ba72f7-f60a-4af8-b62b-7c6125e76cf2,efd37dc4-0be8-4f5d-a91e-b2c1cc24923e
792a67e8-2f32-427d-8c68-eda0e53b25dd,163a237b-c25f-4062-84ee-695f217d6bec,945fc345-4f69-482f-a52e-cb3a2638b8cc
792a67e8-2f32-427d-8c68-eda0e53b25dd,fe987366-a8ad-48fa-8821-73f54f6df180,a407f258-31a2-56cc-a5fd-e2d32243de2b
792a67e8-2f32-427d-8c68-eda0e53b25dd,5fc998ef-6826-414c-8bfc-b2b9511f15a3,ea0ba378-6d29-46d8-84f2-6b14fca7bc16
792a67e8-2f32-427d-8c68-eda0e53b25dd,69b0e5b9-3be2-4ec3-a9a6-bb5b523d4b32,750120c8-1d4b-4fed-8908-ce14e30d3e15
792a67e8-2f32-427d-8c68-eda0e53b25dd,69b0e5b9-3be2-4ec3-a9a6-bb5b523d4b32,fcd7f192-b04e-4765-90cf-5cc4f6125619
792a67e8-2f32-427d-8c68-eda0e53b25dd,6dd0f2db-ff7b-4629-a113-c5f9e12699b1,8aeafec2-2834-4874-b2a8-25604b880440
792a67e8-2f32-427d-8c68-eda0e53b25dd,8130458f-ae96-4ab3-89b9-21f06a2aac78,a980b931-9769-4975-847a-5d81405b213b
79f5170e-377d-45fc-93a2-e52914d77b03,7e249a64-9f13-47d3-a232-562a3d080198,c37bb10c-96d3-5039-9612-6cd415ce6a23
79f5170e-377d-45fc-93a2-e52914d77b03,919a3f90-b681-422c-8481-fe313daa0044,bc4d14f1-7ac4-11f0-8000-bb3209de79c0
79f5170e-377d-45fc-93a2-e52914d77b03,972bdd5f-5f8c-42d1-a47f-1ac08d1da48e,da334c89-29ad-56a6-852b-1ab5940f21f6
79f5170e-377d-45fc-93a2-e52914d77b03,44ba72f7-f60a-4af8-b62b-7c6125e76cf2,cea3eb96-6086-417a-8659-59657ff22e84
79f5170e-377d-45fc-93a2-e52914d77b03,163a237b-c25f-4062-84ee-695f217d6bec,6f15b8dc-5f82-4e9a-89f3-f2a6953db72d
79f5170e-377d-45fc-93a2-e52914d77b03,fe987366-a8ad-48fa-8821-73f54f6df180,36a332c4-03e4-53d1-8486-d0cb65b40357
79f5170e-377d-45fc-93a2-e52914d77b03,5fc998ef-6826-414c-8bfc-b2b9511f15a3,ea0ba378-6d29-46d8-84f2-6b14fca7bc16
79f5170e-377d-45fc-93a2-e52914d77b03,69b0e5b9-3be2-4ec3-a9a6-bb5b523d4b32,750120c8-1d4b-4fed-8908-ce14e30d3e15
79f5170e-377d-45fc-93a2-e52914d77b03,69b0e5b9-3be2-4ec3-a9a6-bb5b523d4b32,fcd7f192-b04e-4765-90cf-5cc4f6125619
79f5170e-377d-45fc-93a2-e52914d77b03,6dd0f2db-ff7b-4629-a113-c5f9e12699b1,8aeafec2-2834-4874-b2a8-25604b880440
79f5170e-377d-45fc-93a2-e52914d77b03,8130458f-ae96-4ab3-89b9-21f06a2aac78,a980b931-9769-4975-847a-5d81405b213b
7d2386c6-9d3d-473f-9e8f-1411cc84ea98,7e249a64-9f13-47d3-a232-562a3d080198,c37bb10c-96d3-5039-9612-6cd415ce6a23
7d2386c6-9d3d-473f-9e8f-1411cc84ea98,919a3f90-b681-422c-8481-fe313daa0044,bcba3d4e-7ac4-11f0-8000-bb3209de79c0
7d2386c6-9d3d-473f-9e8f-1411cc84ea98,972bdd5f-5f8c-42d1-a47f-1ac08d1da48e,da334c89-29ad-56a6-852b-1ab5940f21f6
7d2386c6-9d3d-473f-9e8f-1411cc84ea98,44ba72f7-f60a-4af8-b62b-7c6125e76cf2,efd37dc4-0be8-4f5d-a91e-b2c1cc24923e
7d2386c6-9d3d-473f-9e8f-1411cc84ea98,163a237b-c25f-4062-84ee-695f217d6bec,945fc345-4f69-482f-a52e-cb3a2638b8cc
7d2386c6-9d3d-473f-9e8f-1411cc84ea98,fe987366-a8ad-48fa-8821-73f54f6df180,b8db26d0-f697-55b2-a4dd-ce5b274bf2b8
7d2386c6-9d3d-473f-9e8f-1411cc84ea98,5fc998ef-6826-414c-8bfc-b2b9511f15a3,ea0ba378-6d29-46d8-84f2-6b14fca7bc16
7d2386c6-9d3d-473f-9e8f-1411cc84ea98,69b0e5b9-3be2-4ec3-a9a6-bb5b523d4b32,750120c8-1d4b-4fed-8908-ce14e30d3e15
7d2386c6-9d3d-473f-9e8f-1411cc84ea98,69b0e5b9-3be2-4ec3-a9a6-bb5b523d4b32,fcd7f192-b04e-4765-90cf-5cc4f6125619
7d2386c6-9d3d-473f-9e8f-1411cc84ea98,6dd0f2db-ff7b-4629-a113-c5f9e12699b1,8aeafec2-2834-4874-b2a8-25604b880440
7d2386c6-9d3d-473f-9e8f-1411cc84ea98,8130458f-ae96-4ab3-89b9-21f06a2aac78,a980b931-9769-4975-847a-5d81405b213b
811ff03d-8dc4-4184-90a5-a0bf439c0103,7e249a64-9f13-47d3-a232-562a3d080198,c37bb10c-96d3-5039-9612-6cd415ce6a23
811ff03d-8dc4-4184-90a5-a0bf439c0103,919a3f90-b681-422c-8481-fe313daa0044,bc6ecdef-7ac4-11f0-8000-bb3209de79c0
811ff03d-8dc4-4184-90a5-a0bf439c0103,972bdd5f-5f8c-42d1-a47f-1ac08d1da48e,da334c89-29ad-56a6-852b-1ab5940f21f6
811ff03d-8dc4-4184-90a5-a0bf439c0103,44ba72f7-f60a-4af8-b62b-7c6125e76cf2,cea3eb96-6086-417a-8659-59657ff22e84
811ff03d-8dc4-4184-90a5-a0bf439c0103,163a237b-c25f-4062-84ee-695f217d6bec,6f15b8dc-5f82-4e9a-89f3-f2a6953db72d
811ff03d-8dc4-4184-90a5-a0bf439c0103,fe987366-a8ad-48fa-8821-73f54f6df180,57c8958f-f01f-5e68-99a3-f98ffe624d06
811ff03d-8dc4-4184-90a5-a0bf439c0103,5fc998ef-6826-414c-8bfc-b2b9511f15a3,ea0ba378-6d29-46d8-84f2-6b14fca7bc16
811ff03d-8dc4-4184-90a5-a0bf439c0103,69b0e5b9-3be2-4ec3-a9a6-bb5b523d4b32,750120c8-1d4b-4fed-8908-ce14e30d3e15
811ff03d-8dc4-4184-90a5-a0bf439c0103,69b0e5b9-3be2-4ec3-a9a6-bb5b523d4b32,fcd7f192-b04e-4765-90cf-5cc4f6125619
811ff03d-8dc4-4184-90a5-a0bf439c0103,6dd0f2db-ff7b-4629-a113-c5f9e12699b1,8aeafec2-2834-4874-b2a8-25604b880440
811ff03d-8dc4-4184-90a5-a0bf439c0103,8130458f-ae96-4ab3-89b9-21f06a2aac78,a980b931-9769-4975-847a-5d81405b213b
8654d566-55f5-49c9-a59f-a35d8d940f9f,7e249a64-9f13-47d3-a232-562a3d080198,c37bb10c-96d3-5039-9612-6cd415ce6a23
8654d566-55f5-49c9-a59f-a35d8d940f9f,919a3f90-b681-422c-8481-fe313daa0044,bc866f23-7ac4-11f0-8000-bb3209de79c0
8654d566-55f5-49c9-a59f-a35d8d940f9f,972bdd5f-5f8c-42d1-a47f-1ac08d1da48e,da334c89-29ad-56a6-852b-1ab5940f21f6
8654d566-55f5-49c9-a59f-a35d8d940f9f,44ba72f7-f60a-4af8-b62b-7c6125e76cf2,efd37dc4-0be8-4f5d-a91e-b2c1cc24923e
8654d566-55f5-49c9-a59f-a35d8d940f9f,163a237b-c25f-4062-84ee-695f217d6bec,945fc345-4f69-482f-a52e-cb3a2638b8cc
8654d566-55f5-49c9-a59f-a35d8d940f9f,fe987366-a8ad-48fa-8821-73f54f6df180,a67fd8dc-66f9-59d6-9fb8-6eb0509a6dc1
8654d566-55f5-49c9-a59f-a35d8d940f9f,5fc998ef-6826-414c-8bfc-b2b9511f15a3,ea0ba378-6d29-46d8-84f2-6b14fca7bc16
8654d566-55f5-49c9-a59f-a35d8d940f9f,69b0e5b9-3be2-4ec3-a9a6-bb5b523d4b32,750120c8-1d4b-4fed-8908-ce14e30d3e15
8654d566-55f5-49c9-a59f-a35d8d940f9f,69b0e5b9-3be2-4ec3-a9a6-bb5b523d4b32,fcd7f192-b04e-4765-90cf-5cc4f6125619
8654d566-55f5-49c9-a59f-a35d8d940f9f,6dd0f2db-ff7b-4629-a113-c5f9e12699b1,8aeafec2-2834-4874-b2a8-25604b880440
8654d566-55f5-49c9-a59f-a35d8d940f9f,8130458f-ae96-4ab3-89b9-21f06a2aac78,a980b931-9769-4975-847a-5d81405b213b
86574e9d-ccd8-45a5-adf3-621b130ced9e,7e249a64-9f13-47d3-a232-562a3d080198,c8fd011e-1c18-5fc9-93d9-08af2a6fd210
86574e9d-ccd8-45a5-adf3-621b130ced9e,919a3f90-b681-422c-8481-fe313daa0044,bd062a10-7ac4-11f0-8000-bb3209de79c0
86574e9d-ccd8-45a5-adf3-621b130ced9e,972bdd5f-5f8c-42d1-a47f-1ac08d1da48e,da334c89-29ad-56a6-852b-1ab5940f21f6
86574e9d-ccd8-45a5-adf3-621b130ced9e,555fd3fe-3e5e-4076-8fb6-81f05ae53007,bf3e18c6-6d97-4d95-bf85-062d00bd171f
86574e9d-ccd8-45a5-adf3-621b130ced9e,fe987366-a8ad-48fa-8821-73f54f6df180,613e3da2-2d92-5654-a7c6-523d4e46cc03
86574e9d-ccd8-45a5-adf3-621b130ced9e,5dda2da3-7fe1-4351-a3e4-0687d0a92c02,8b101cd4-ca61-4e38-8889-84470e890fc5
86574e9d-ccd8-45a5-adf3-621b130ced9e,69b0e5b9-3be2-4ec3-a9a6-bb5b523d4b32,58b06ec5-b9df-437d-9ebb-a338dbd9a1ab
86574e9d-ccd8-45a5-adf3-621b130ced9e,812834e1-e112-4565-bbeb-bef5067bf69b,8aeafec2-2834-4874-b2a8-25604b880440
86574e9d-ccd8-45a5-adf3-621b130ced9e,ebb8de78-9ec0-4375-acb9-15f3646ae9f0,c47fc2d6-d633-437b-a13f-18c874d01616
86574e9d-ccd8-45a5-adf3-621b130ced9e,ebb8de78-9ec0-4375-acb9-15f3646ae9f0,5762f4de-9053-4512-a048-228f0abe29c8
86574e9d-ccd8-45a5-adf3-621b130ced9e,8130458f-ae96-4ab3-89b9-21f06a2aac78,07d5cfb9-1dc5-41ca-bd9c-a298a16e6767
8aeafec2-2834-4874-b2a8-25604b880440,7e249a64-9f13-47d3-a232-562a3d080198,10788939-5f03-5c97-9d02-f5a982ce9838
8aeafec2-2834-4874-b2a8-25604b880440,919a3f90-b681-422c-8481-fe313daa0044,bb9e81b3-7ac4-11f0-8000-bb3209de79c0
8aeafec2-2834-4874-b2a8-25604b880440,972bdd5f-5f8c-42d1-a47f-1ac08d1da48e,da334c89-29ad-56a6-852b-1ab5940f21f6
8aeafec2-2834-4874-b2a8-25604b880440,fe987366-a8ad-48fa-8821-73f54f6df180,da5a919c-5d94-504f-a7cd-8ed5da8d3d30
8aeafec2-2834-4874-b2a8-25604b880440,69b0e5b9-3be2-4ec3-a9a6-bb5b523d4b32,988ced22-d631-42c1-95ca-d20088990723
8aeafec2-2834-4874-b2a8-25604b880440,8130458f-ae96-4ab3-89b9-21f06a2aac78,a5dc8c36-56fc-44c2-909b-7592b1f44fd7
8b101cd4-ca61-4e38-8889-84470e890fc5,7e249a64-9f13-47d3-a232-562a3d080198,a445d29b-2ba7-5a46-8885-5a5d11680eba
8b101cd4-ca61-4e38-8889-84470e890fc5,919a3f90-b681-422c-8481-fe313daa0044,bcf391ba-7ac4-11f0-8000-bb3209de79c0
8b101cd4-ca61-4e38-8889-84470e890fc5,972bdd5f-5f8c-42d1-a47f-1ac08d1da48e,da334c89-29ad-56a6-852b-1ab5940f21f6
8b101cd4-ca61-4e38-8889-84470e890fc5,fe987366-a8ad-48fa-8821-73f54f6df180,498ce380-c399-11f3-8000-bb3209de79c0
8b101cd4-ca61-4e38-8889-84470e890fc5,c2eb2a01-e85a-40d9-b0dd-550f6be14476,8aeafec2-2834-4874-b2a8-25604b880440
8b101cd4-ca61-4e38-8889-84470e890fc5,69b0e5b9-3be2-4ec3-a9a6-bb5b523d4b32,31c79380-d8c8-4304-bd35-6448e6378c41
8b101cd4-ca61-4e38-8889-84470e890fc5,8130458f-ae96-4ab3-89b9-21f06a2aac78,6bb0b0b6-41cd-4bb3-a0e8-d483b25f6cf1
8b53a8c5-cfe7-43f0-be63-38ae5b0679fd,7e249a64-9f13-47d3-a232-562a3d080198,c37bb10c-96d3-5039-9612-6cd415ce6a23
8b53a8c5-cfe7-43f0-be63-38ae5b0679fd,919a3f90-b681-422c-8481-fe313daa0044,bc9a0bae-7ac4-11f0-8000-bb3209de79c0
8b53a8c5-cfe7-43f0-be63-38ae5b0679fd,972bdd5f-5f8c-42d1-a47f-1ac08d1da48e,da334c89-29ad-56a6-852b-1ab5940f21f6
8b53a8c5-cfe7-43f0-be63-38ae5b0679fd,44ba72f7-f60a-4af8-b62b-7c6125e76cf2,efd37dc4-0be8-4f5d-a91e-b2c1cc24923e
8b53a8c5-cfe7-43f0-be63-38ae5b0679fd,163a237b-c25f-4062-84ee-695f217d6bec,945fc345-4f69-482f-a52e-cb3a2638b8cc
8b53a8c5-cfe7-43f0-be63-38ae5b0679fd,fe987366-a8ad-48fa-8821-73f54f6df180,c2d880b0-c4ca-5578-9f43-2581ea7e5b49
8b53a8c5-cfe7-43f0-be63-38ae5b0679fd,5fc998ef-6826-414c-8bfc-b2b9511f15a3,ea0ba378-6d29-46d8-84f2-6b14fca7bc16
8b53a8c5-cfe7-43f0-be63-38ae5b0679fd,69b0e5b9-3be2-4ec3-a9a6-bb5b523d4b32,750120c8-1d4b-4fed-8908-ce14e30d3e15
8b53a8c5-cfe7-43f0-be63-38ae5b0679fd,69b0e5b9-3be2-4ec3-a9a6-bb5b523d4b32,fcd7f192-b04e-4765-90cf-5cc4f6125619
8b53a8c5-cfe7-43f0-be63-38ae5b0679fd,6dd0f2db-ff7b-4629-a113-c5f9e12699b1,8aeafec2-2834-4874-b2a8-25604b880440
8b53a8c5-cfe7-43f0-be63-38ae5b0679fd,8130458f-ae96-4ab3-89b9-21f06a2aac78,a980b931-9769-4975-847a-5d81405b213b
8ca5a636-b8af-40a0-ab67-3ffb779aa1ba,7e249a64-9f13-47d3-a232-562a3d080198,c99d8861-1c48-5bde-96c3-c95dcb2419aa
8ca5a636-b8af-40a0-ab67-3ffb779aa1ba,919a3f90-b681-422c-8481-fe313daa0044,bd76ce16-7ac4-11f0-8000-bb3209de79c0
8ca5a636-b8af-40a0-ab67-3ffb779aa1ba,972bdd5f-5f8c-42d1-a47f-1ac08d1da48e,da334c89-29ad-56a6-852b-1ab5940f21f6
8ca5a636-b8af-40a0-ab67-3ffb779aa1ba,bc08b179-d6a6-4447-b3c7-80f456c9e990,a4549ab2-3393-472e-af18-aa5bc23f3b53
8ca5a636-b8af-40a0-ab67-3ffb779aa1ba,fe987366-a8ad-48fa-8821-73f54f6df180,1622b644-a49e-5e28-b19a-41c5b3ae72a3
8ca5a636-b8af-40a0-ab67-3ffb779aa1ba,18144400-eceb-40bb-8b7d-a5f5941ef5e9,308c9c65-3cdd-4c5e-a9d1-2f3deb4697e3
8ca5a636-b8af-40a0-ab67-3ffb779aa1ba,69b0e5b9-3be2-4ec3-a9a6-bb5b523d4b32,77d4fc38-3fe8-4f50-87d8-599c77ab880d
8ca5a636-b8af-40a0-ab67-3ffb779aa1ba,8c1273b9-049f-4372-a93d-55343b60f32e,8aeafec2-2834-4874-b2a8-25604b880440
8ca5a636-b8af-40a0-ab67-3ffb779aa1ba,ec24f103-2881-4a97-998a-1ab836896a5d,9cc09469-c9f3-49b1-aec5-900f8aa694d7
8ca5a636-b8af-40a0-ab67-3ffb779aa1ba,ec24f103-2881-4a97-998a-1ab836896a5d,3d9f8a77-39ad-4f01-8ed4-ba53353b3390
8ca5a636-b8af-40a0-ab67-3ffb779aa1ba,69b0e5b9-3be2-4ec3-a9a6-bb5b523d4b32,c3937857-bb3f-478b-9701-41b1c34dcc44
8ca5a636-b8af-40a0-ab67-3ffb779aa1ba,e24858f8-1966-41e8-8e07-ccfe138c4757,3e19fe8f-b6e2-4c77-94c9-9f349e3bf429
8ca5a636-b8af-40a0-ab67-3ffb779aa1ba,8130458f-ae96-4ab3-89b9-21f06a2aac78,b2471599-92bc-494d-8108-6be9895128a7
8cdd748f-43c6-420d-9b40-1918e342d2d6,7e249a64-9f13-47d3-a232-562a3d080198,c37bb10c-96d3-5039-9612-6cd415ce6a23
8cdd748f-43c6-420d-9b40-1918e342d2d6,919a3f90-b681-422c-8481-fe313daa0044,bcaa4848-7ac4-11f0-8000-bb3209de79c0
8cdd748f-43c6-420d-9b40-1918e342d2d6,972bdd5f-5f8c-42d1-a47f-1ac08d1da48e,da334c89-29ad-56a6-852b-1ab5940f21f6
8cdd748f-43c6-420d-9b40-1918e342d2d6,44ba72f7-f60a-4af8-b62b-7c6125e76cf2,efd37dc4-0be8-4f5d-a91e-b2c1cc24923e
8cdd748f-43c6-420d-9b40-1918e342d2d6,163a237b-c25f-4062-84ee-695f217d6bec,945fc345-4f69-482f-a52e-cb3a2638b8cc
8cdd748f-43c6-420d-9b40-1918e342d2d6,fe987366-a8ad-48fa-8821-73f54f6df180,779888a3-d01c-54eb-8e23-438f3e093712
8cdd748f-43c6-420d-9b40-1918e342d2d6,5fc998ef-6826-414c-8bfc-b2b9511f15a3,ea0ba378-6d29-46d8-84f2-6b14fca7bc16
8cdd748f-43c6-420d-9b40-1918e342d2d6,69b0e5b9-3be2-4ec3-a9a6-bb5b523d4b32,750120c8-1d4b-4fed-8908-ce14e30d3e15
8cdd748f-43c6-420d-9b40-1918e342d2d6,69b0e5b9-3be2-4ec3-a9a6-bb5b523d4b32,fcd7f192-b04e-4765-90cf-5cc4f6125619
8cdd748f-43c6-420d-9b40-1918e342d2d6,6dd0f2db-ff7b-4629-a113-c5f9e12699b1,8aeafec2-2834-4874-b2a8-25604b880440
8cdd748f-43c6-420d-9b40-1918e342d2d6,8130458f-ae96-4ab3-89b9-21f06a2aac78,a980b931-9769-4975-847a-5d81405b213b
8d45f921-72ad-4669-b372-21c56c81d62d,7e249a64-9f13-47d3-a232-562a3d080198,c37bb10c-96d3-5039-9612-6cd415ce6a23
8d45f921-72ad-4669-b372-21c56c81d62d,919a3f90-b681-422c-8481-fe313daa0044,bcab27b3-7ac4-11f0-8000-bb3209de79c0
8d45f921-72ad-4669-b372-21c56c81d62d,972bdd5f-5f8c-42d1-a47f-1ac08d1da48e,da334c89-29ad-56a6-852b-1ab5940f21f6
8d45f921-72ad-4669-b372-21c56c81d62d,44ba72f7-f60a-4af8-b62b-7c6125e76cf2,efd37dc4-0be8-4f5d-a91e-b2c1cc24923e
8d45f921-72ad-4669-b372-21c56c81d62d,163a237b-c25f-4062-84ee-695f217d6bec,945fc345-4f69-482f-a52e-cb3a2638b8cc
8d45f921-72ad-4669-b372-21c56c81d62d,fe987366-a8ad-48fa-8821-73f54f6df180,8ef0b042-5043-5a67-ba71-1d63ed236117
8d45f921-72ad-4669-b372-21c56c81d62d,5fc998ef-6826-414c-8bfc-b2b9511f15a3,ea0ba378-6d29-46d8-84f2-6b14fca7bc16
8d45f921-72ad-4669-b372-21c56c81d62d,69b0e5b9-3be2-4ec3-a9a6-bb5b523d4b32,750120c8-1d4b-4fed-8908-ce14e30d3e15
8d45f921-72ad-4669-b372-21c56c81d62d,69b0e5b9-3be2-4ec3-a9a6-bb5b523d4b32,fcd7f192-b04e-4765-90cf-5cc4f6125619
8d45f921-72ad-4669-b372-21c56c81d62d,6dd0f2db-ff7b-4629-a113-c5f9e12699b1,8aeafec2-2834-4874-b2a8-25604b880440
8d45f921-72ad-4669-b372-21c56c81d62d,8130458f-ae96-4ab3-89b9-21f06a2aac78,a980b931-9769-4975-847a-5d81405b213b
8f2dc571-bdff-483a-9c87-1c4122e81314,7e249a64-9f13-47d3-a232-562a3d080198,a38a618d-86f2-52ee-abf2-03feefe10c7d
8f2dc571-bdff-483a-9c87-1c4122e81314,919a3f90-b681-422c-8481-fe313daa0044,bd93a63b-7ac4-11f0-8000-bb3209de79c0
8f2dc571-bdff-483a-9c87-1c4122e81314,972bdd5f-5f8c-42d1-a47f-1ac08d1da48e,da334c89-29ad-56a6-852b-1ab5940f21f6
8f2dc571-bdff-483a-9c87-1c4122e81314,2091792b-0112-4059-923a-456ab16702da,287328a0-67c3-453e-969b-b978073592ba
8f2dc571-bdff-483a-9c87-1c4122e81314,fe987366-a8ad-48fa-8821-73f54f6df180,43da926b-ea4d-5f18-8fd0-0f6edc0c4628
8f2dc571-bdff-483a-9c87-1c4122e81314,a86d73d2-ad7e-4db8-966f-46848dc8cb40,369adb79-a85a-408a-b259-1dadac3f9992
8f2dc571-bdff-483a-9c87-1c4122e81314,69b0e5b9-3be2-4ec3-a9a6-bb5b523d4b32,bffc603e-a460-42a9-b283-d1eb45c554cb
8f2dc571-bdff-483a-9c87-1c4122e81314,98f87087-8958-40d0-9d26-7234b0c65825,8aeafec2-2834-4874-b2a8-25604b880440
8f2dc571-bdff-483a-9c87-1c4122e81314,bf7c7e55-9543-4496-9ac8-b80a582d7290,527eb406-e5ef-4ef6-8b7b-06bfba0c9d06
8f2dc571-bdff-483a-9c87-1c4122e81314,69b0e5b9-3be2-4ec3-a9a6-bb5b523d4b32,c6f51ca5-f12e-4519-8aaa-d52298bdd431
8f2dc571-bdff-483a-9c87-1c4122e81314,5a5c0f42-84e9-45b4-a84a-a0853d35d9dd,749a1fb2-c396-48b3-8b7f-7a55ebdfb191
8f2dc571-bdff-483a-9c87-1c4122e81314,8130458f-ae96-4ab3-89b9-21f06a2aac78,f9d69eb8-9ab7-44da-b9d0-8256de2b4497
8fb43d3c-9678-47dd-ab00-8463d6ce80ec,7e249a64-9f13-47d3-a232-562a3d080198,c37bb10c-96d3-5039-9612-6cd415ce6a23
8fb43d3c-9678-47dd-ab00-8463d6ce80ec,919a3f90-b681-422c-8481-fe313daa0044,bc89c8cc-7ac4-11f0-8000-bb3209de79c0
8fb43d3c-9678-47dd-ab00-8463d6ce80ec,972bdd5f-5f8c-42d1-a47f-1ac08d1da48e,da334c89-29ad-56a6-852b-1ab5940f21f6
8fb43d3c-9678-47dd-ab00-8463d6ce80ec,44ba72f7-f60a-4af8-b62b-7c6125e76cf2,efd37dc4-0be8-4f5d-a91e-b2c1cc24923e
8fb43d3c-9678-47dd-ab00-8463d6ce80ec,163a237b-c25f-4062-84ee-695f217d6bec,945fc345-4f69-482f-a52e-cb3a2638b8cc
8fb43d3c-9678-47dd-ab00-8463d6ce80ec,fe987366-a8ad-48fa-8821-73f54f6df180,563ebf49-8b75-5816-82d5-0bf2e97b595e
8fb43d3c-9678-47dd-ab00-8463d6ce80ec,5fc998ef-6826-414c-8bfc-b2b9511f15a3,ea0ba378-6d29-46d8-84f2-6b14fca7bc16
8fb43d3c-9678-47dd-ab00-8463d6ce80ec,69b0e5b9-3be2-4ec3-a9a6-bb5b523d4b32,750120c8-1d4b-4fed-8908-ce14e30d3e15
8fb43d3c-9678-47dd-ab00-8463d6ce80ec,69b0e5b9-3be2-4ec3-a9a6-bb5b523d4b32,fcd7f192-b04e-4765-90cf-5cc4f6125619
8fb43d3c-9678-47dd-ab00-8463d6ce80ec,6dd0f2db-ff7b-4629-a113-c5f9e12699b1,8aeafec2-2834-4874-b2a8-25604b880440
8fb43d3c-9678-47dd-ab00-8463d6ce80ec,8130458f-ae96-4ab3-89b9-21f06a2aac78,a980b931-9769-4975-847a-5d81405b213b
8ffa1546-7451-4bf8-a608-51f1daf0080f,7e249a64-9f13-47d3-a232-562a3d080198,a445d29b-2ba7-5a46-8885-5a5d11680eba
8ffa1546-7451-4bf8-a608-51f1daf0080f,919a3f90-b681-422c-8481-fe313daa0044,bbeecd06-7ac4-11f0-8000-bb3209de79c0
8ffa1546-7451-4bf8-a608-51f1daf0080f,972bdd5f-5f8c-42d1-a47f-1ac08d1da48e,da334c89-29ad-56a6-852b-1ab5940f21f6
8ffa1546-7451-4bf8-a608-51f1daf0080f,fe987366-a8ad-48fa-8821-73f54f6df180,3b692a00-bded-11ed-8000-bb3209de79c0
8ffa1546-7451-4bf8-a608-51f1daf0080f,c2eb2a01-e85a-40d9-b0dd-550f6be14476,8aeafec2-2834-4874-b2a8-25604b880440
8ffa1546-7451-4bf8-a608-51f1daf0080f,69b0e5b9-3be2-4ec3-a9a6-bb5b523d4b32,31c79380-d8c8-4304-bd35-6448e6378c41
8ffa1546-7451-4bf8-a608-51f1daf0080f,8130458f-ae96-4ab3-89b9-21f06a2aac78,6bb0b0b6-41cd-4bb3-a0e8-d483b25f6cf1
945fc345-4f69-482f-a52e-cb3a2638b8cc,7e249a64-9f13-47d3-a232-562a3d080198,fa02ca91-ae28-5513-bdae-4bc44229b991
945fc345-4f69-482f-a52e-cb3a2638b8cc,919a3f90-b681-422c-8481-fe313daa0044,bc7ef47d-7ac4-11f0-8000-bb3209de79c0
945fc345-4f69-482f-a52e-cb3a2638b8cc,972bdd5f-5f8c-42d1-a47f-1ac08d1da48e,da334c89-29ad-56a6-852b-1ab5940f21f6
945fc345-4f69-482f-a52e-cb3a2638b8cc,55ca955b-c202-4f5c-9e38-04828d571761,efd37dc4-0be8-4f5d-a91e-b2c1cc24923e
945fc345-4f69-482f-a52e-cb3a2638b8cc,fe987366-a8ad-48fa-8821-73f54f6df180,38439d71-00a4-57e6-b346-e7f5ac82fe8d
945fc345-4f69-482f-a52e-cb3a2638b8cc,f54b6340-1a97-4101-b7d9-0ae727796730,ea0ba378-6d29-46d8-84f2-6b14fca7bc16
945fc345-4f69-482f-a52e-cb3a2638b8cc,69b0e5b9-3be2-4ec3-a9a6-bb5b523d4b32,f2fa28ac-1aef-4b86-9a27-8ba4ad802e60
945fc345-4f69-482f-a52e-cb3a2638b8cc,69b0e5b9-3be2-4ec3-a9a6-bb5b523d4b32,9a6cfc6f-45ab-4247-a794-efe73e71f049
945fc345-4f69-482f-a52e-cb3a2638b8cc,5ee256b3-5cbe-4e46-a8d2-badc6fad59b6,8aeafec2-2834-4874-b2a8-25604b880440
945fc345-4f69-482f-a52e-cb3a2638b8cc,8130458f-ae96-4ab3-89b9-21f06a2aac78,dabf85cb-c1e7-489b-aa66-0572dd1bd1dd
95d6df72-b9f5-49cf-ae9d-dc4a138a15ee,7e249a64-9f13-47d3-a232-562a3d080198,c37bb10c-96d3-5039-9612-6cd415ce6a23
95d6df72-b9f5-49cf-ae9d-dc4a138a15ee,919a3f90-b681-422c-8481-fe313daa0044,bcb7435a-7ac4-11f0-8000-bb3209de79c0
95d6df72-b9f5-49cf-ae9d-dc4a138a15ee,972bdd5f-5f8c-42d1-a47f-1ac08d1da48e,da334c89-29ad-56a6-852b-1ab5940f21f6
95d6df72-b9f5-49cf-ae9d-dc4a138a15ee,44ba72f7-f60a-4af8-b62b-7c6125e76cf2,efd37dc4-0be8-4f5d-a91e-b2c1cc24923e
95d6df72-b9f5-49cf-ae9d-dc4a138a15ee,163a237b-c25f-4062-84ee-695f217d6bec,945fc345-4f69-482f-a52e-cb3a2638b8cc
95d6df72-b9f5-49cf-ae9d-dc4a138a15ee,fe987366-a8ad-48fa-8821-73f54f6df180,352cb89c-a986-5572-9bb8-de8f76f6f1ff
95d6df72-b9f5-49cf-ae9d-dc4a138a15ee,5fc998ef-6826-414c-8bfc-b2b9511f15a3,ea0ba378-6d29-46d8-84f2-6b14fca7bc16
95d6df72-b9f5-49cf-ae9d-dc4a138a15ee,69b0e5b9-3be2-4ec3-a9a6-bb5b523d4b32,750120c8-1d4b-4fed-8908-ce14e30d3e15
95d6df72-b9f5-49cf-ae9d-dc4a138a15ee,69b0e5b9-3be2-4ec3-a9a6-bb5b523d4b32,fcd7f192-b04e-4765-90cf-5cc4f6125619
95d6df72-b9f5-49cf-ae9d-dc4a138a15ee,6dd0f2db-ff7b-4629-a113-c5f9e12699b1,8aeafec2-2834-4874-b2a8-25604b880440
95d6df72-b9f5-49cf-ae9d-dc4a138a15ee,8130458f-ae96-4ab3-89b9-21f06a2aac78,a980b931-9769-4975-847a-5d81405b213b
964230f4-85b0-40a1-b7e9-f483c2048d3a,7e249a64-9f13-47d3-a232-562a3d080198,a445d29b-2ba7-5a46-8885-5a5d11680eba
964230f4-85b0-40a1-b7e9-f483c2048d3a,919a3f90-b681-422c-8481-fe313daa0044,bcc0b38a-7ac4-11f0-8000-bb3209de79c0
964230f4-85b0-40a1-b7e9-f483c2048d3a,972bdd5f-5f8c-42d1-a47f-1ac08d1da48e,da334c89-29ad-56a6-852b-1ab5940f21f6
964230f4-85b0-40a1-b7e9-f483c2048d3a,fe987366-a8ad-48fa-8821-73f54f6df180,064ec480-e70a-11f0-8000-bb3209de79c0
964230f4-85b0-40a1-b7e9-f483c2048d3a,c2eb2a01-e85a-40d9-b0dd-550f6be14476,8aeafec2-2834-4874-b2a8-25604b880440
964230f4-85b0-40a1-b7e9-f483c2048d3a,69b0e5b9-3be2-4ec3-a9a6-bb5b523d4b32,31c79380-d8c8-4304-bd35-6448e6378c41
964230f4-85b0-40a1-b7e9-f483c2048d3a,8130458f-ae96-4ab3-89b9-21f06a2aac78,6bb0b0b6-41cd-4bb3-a0e8-d483b25f6cf1
99e6626b-e1c8-430b-a3ac-cebf860ab8a5,7e249a64-9f13-47d3-a232-562a3d080198,3e0947c8-f450-5455-a019-2b8d08e46527
99e6626b-e1c8-430b-a3ac-cebf860ab8a5,318bac7c-2966-4901-ae27-dd5ce31a0d38,287328a0-67c3-453e-969b-b978073592ba
99e6626b-e1c8-430b-a3ac-cebf860ab8a5,5f88e79f-6355-4160-8101-d20ca687eeac,369adb79-a85a-408a-b259-1dadac3f9992
99e6626b-e1c8-430b-a3ac-cebf860ab8a5,195daf12-3e0a-4c1c-baa3-915294f3682f,8aeafec2-2834-4874-b2a8-25604b880440
99e6626b-e1c8-430b-a3ac-cebf860ab8a5,f7c8c901-6147-4a58-bf88-0fdd32dc9faa,b379629b-3068-47ad-b618-50bbd90b4bf5
99e6626b-e1c8-430b-a3ac-cebf860ab8a5,69b0e5b9-3be2-4ec3-a9a6-bb5b523d4b32,45a88bec-1c88-4bfa-bbf0-a2dd12caf401
99e6626b-e1c8-430b-a3ac-cebf860ab8a5,8130458f-ae96-4ab3-89b9-21f06a2aac78,7be2a6bd-cdd1-4730-a1a5-3540aae7f139
9cc09469-c9f3-49b1-aec5-900f8aa694d7,7e249a64-9f13-47d3-a232-562a3d080198,5efa2f5e-5f8b-5e1c-93c6-77327c916e5f
9cc09469-c9f3-49b1-aec5-900f8aa694d7,919a3f90-b681-422c-8481-fe313daa0044,bd76cb2b-7ac4-11f0-8000-bb3209de79c0
9cc09469-c9f3-49b1-aec5-900f8aa694d7,972bdd5f-5f8c-42d1-a47f-1ac08d1da48e,da334c89-29ad-56a6-852b-1ab5940f21f6
9cc09469-c9f3-49b1-aec5-900f8aa694d7,43ef7747-f80d-4680-8590-db3f88c343fa,a4549ab2-3393-472e-af18-aa5bc23f3b53
9cc09469-c9f3-49b1-aec5-900f8aa694d7,fe987366-a8ad-48fa-8821-73f54f6df180,791b8f82-bad5-5628-b256-a2341de2d347
9cc09469-c9f3-49b1-aec5-900f8aa694d7,22f3c0da-faa1-48f4-b10d-5429f16ba9c0,308c9c65-3cdd-4c5e-a9d1-2f3deb4697e3
9cc09469-c9f3-49b1-aec5-900f8aa694d7,69b0e5b9-3be2-4ec3-a9a6-bb5b523d4b32,3e1ea4e4-bd2e-4624-bcf5-35d345b2c64b
9cc09469-c9f3-49b1-aec5-900f8aa694d7,0afc734b-8120-4ae9-987f-e497deeef694,8aeafec2-2834-4874-b2a8-25604b880440
9cc09469-c9f3-49b1-aec5-900f8aa694d7,b3ff6026-5379-4bff-85df-1dac465bff7e,6ec6c867-0c1f-4a57-bf6d-6a02fa66f1c5
9cc09469-c9f3-49b1-aec5-900f8aa694d7,06560314-4e85-48f9-85bb-178b4cdc5064,8ca5a636-b8af-40a0-ab67-3ffb779aa1ba
9cc09469-c9f3-49b1-aec5-900f8aa694d7,8130458f-ae96-4ab3-89b9-21f06a2aac78,fcae9992-8838-447e-a530-5f63aab304b2
9d687644-f982-4111-9591-3e519a463754,7e249a64-9f13-47d3-a232-562a3d080198,c37bb10c-96d3-5039-9612-6cd415ce6a23
9d687644-f982-4111-9591-3e519a463754,919a3f90-b681-422c-8481-fe313daa0044,bc57e17d-7ac4-11f0-8000-bb3209de79c0
9d687644-f982-4111-9591-3e519a463754,972bdd5f-5f8c-42d1-a47f-1ac08d1da48e,da334c89-29ad-56a6-852b-1ab5940f21f6
9d687644-f982-4111-9591-3e519a463754,44ba72f7-f60a-4af8-b62b-7c6125e76cf2,cea3eb96-6086-417a-8659-59657ff22e84
9d687644-f982-4111-9591-3e519a463754,163a237b-c25f-4062-84ee-695f217d6bec,6f15b8dc-5f82-4e9a-89f3-f2a6953db72d
9d687644-f982-4111-9591-3e519a463754,fe987366-a8ad-48fa-8821-73f54f6df180,74a27b08-a727-54bb-b594-5449ae330bb0
9d687644-f982-4111-9591-3e519a463754,5fc998ef-6826-414c-8bfc-b2b9511f15a3,ea0ba378-6d29-46d8-84f2-6b14fca7bc16
9d687644-f982-4111-9591-3e519a463754,69b0e5b9-3be2-4ec3-a9a6-bb5b523d4b32,750120c8-1d4b-4fed-8908-ce14e30d3e15
9d687644-f982-4111-9591-3e519a463754,69b0e5b9-3be2-4ec3-a9a6-bb5b523d4b32,fcd7f192-b04e-4765-90cf-5cc4f6125619
9d687644-f982-4111-9591-3e519a463754,6dd0f2db-ff7b-4629-a113-c5f9e12699b1,8aeafec2-2834-4874-b2a8-25604b880440
9d687644-f982-4111-9591-3e519a463754,8130458f-ae96-4ab3-89b9-21f06a2aac78,a980b931-9769-4975-847a-5d81405b213b
9e295faa-6658-4464-8653-440e2c292c0b,7e249a64-9f13-47d3-a232-562a3d080198,c37bb10c-96d3-5039-9612-6cd415ce6a23
9e295faa-6658-4464-8653-440e2c292c0b,919a3f90-b681-422c-8481-fe313daa0044,bc64304b-7ac4-11f0-8000-bb3209de79c0
9e295faa-6658-4464-8653-440e2c292c0b,972bdd5f-5f8c-42d1-a47f-1ac08d1da48e,da334c89-29ad-56a6-852b-1ab5940f21f6
9e295faa-6658-4464-8653-440e2c292c0b,44ba72f7-f60a-4af8-b62b-7c6125e76cf2,cea3eb96-6086-417a-8659-59657ff22e84
9e295faa-6658-4464-8653-440e2c292c0b,163a237b-c25f-4062-84ee-695f217d6bec,6f15b8dc-5f82-4e9a-89f3-f2a6953db72d
9e295faa-6658-4464-8653-440e2c292c0b,fe987366-a8ad-48fa-8821-73f54f6df180,2627629b-340f-5209-8b62-f9bcce28828c
9e295faa-6658-4464-8653-440e2c292c0b,5fc998ef-6826-414c-8bfc-b2b9511f15a3,ea0ba378-6d29-46d8-84f2-6b14fca7bc16
9e295faa-6658-4464-8653-440e2c292c0b,69b0e5b9-3be2-4ec3-a9a6-bb5b523d4b32,750120c8-1d4b-4fed-8908-ce14e30d3e15
9e295faa-6658-4464-8653-440e2c292c0b,69b0e5b9-3be2-4ec3-a9a6-bb5b523d4b32,fcd7f192-b04e-4765-90cf-5cc4f6125619
9e295faa-6658-4464-8653-440e2c292c0b,6dd0f2db-ff7b-4629-a113-c5f9e12699b1,8aeafec2-2834-4874-b2a8-25604b880440
9e295faa-6658-4464-8653-440e2c292c0b,8130458f-ae96-4ab3-89b9-21f06a2aac78,a980b931-9769-4975-847a-5d81405b213b
a4549ab2-3393-472e-af18-aa5bc23f3b53,7e249a64-9f13-47d3-a232-562a3d080198,a445d29b-2ba7-5a46-8885-5a5d11680eba
a4549ab2-3393-472e-af18-aa5bc23f3b53,919a3f90-b681-422c-8481-fe313daa0044,bcbd705e-7ac4-11f0-8000-bb3209de79c0
a4549ab2-3393-472e-af18-aa5bc23f3b53,972bdd5f-5f8c-42d1-a47f-1ac08d1da48e,da334c89-29ad-56a6-852b-1ab5940f21f6
a4549ab2-3393-472e-af18-aa5bc23f3b53,fe987366-a8ad-48fa-8821-73f54f6df180,23d28a00-20c5-11ed-8000-bb3209de79c0
a4549ab2-3393-472e-af18-aa5bc23f3b53,c2eb2a01-e85a-40d9-b0dd-550f6be14476,8aeafec2-2834-4874-b2a8-25604b880440
a4549ab2-3393-472e-af18-aa5bc23f3b53,69b0e5b9-3be2-4ec3-a9a6-bb5b523d4b32,31c79380-d8c8-4304-bd35-6448e6378c41
a4549ab2-3393-472e-af18-aa5bc23f3b53,8130458f-ae96-4ab3-89b9-21f06a2aac78,6bb0b0b6-41cd-4bb3-a0e8-d483b25f6cf1
a4735409-56f7-409c-a297-b07358cf1c21,7e249a64-9f13-47d3-a232-562a3d080198,a38a618d-86f2-52ee-abf2-03feefe10c7d
a4735409-56f7-409c-a297-b07358cf1c21,919a3f90-b681-422c-8481-fe313daa0044,bd0f2ec7-7ac4-11f0-8000-bb3209de79c0
a4735409-56f7-409c-a297-b07358cf1c21,972bdd5f-5f8c-42d1-a47f-1ac08d1da48e,da334c89-29ad-56a6-852b-1ab5940f21f6
a4735409-56f7-409c-a297-b07358cf1c21,2091792b-0112-4059-923a-456ab16702da,0199425b-9e4b-42e2-ab2c-fa49e43f5c36
a4735409-56f7-409c-a297-b07358cf1c21,fe987366-a8ad-48fa-8821-73f54f6df180,15f5c02c-5d83-523d-b968-1264204704b1
a4735409-56f7-409c-a297-b07358cf1c21,a86d73d2-ad7e-4db8-966f-46848dc8cb40,cfe1d713-0ffa-4ece-b723-7bf67ea98b34
a4735409-56f7-409c-a297-b07358cf1c21,69b0e5b9-3be2-4ec3-a9a6-bb5b523d4b32,59c211c5-337c-4a25-8a31-919f7dd37314
a4735409-56f7-409c-a297-b07358cf1c21,98f87087-8958-40d0-9d26-7234b0c65825,8aeafec2-2834-4874-b2a8-25604b880440
a4735409-56f7-409c-a297-b07358cf1c21,bf7c7e55-9543-4496-9ac8-b80a582d7290,b83c207c-96a1-4e37-bdc7-aa8d4ad19acd
a4735409-56f7-409c-a297-b07358cf1c21,69b0e5b9-3be2-4ec3-a9a6-bb5b523d4b32,338d45df-ba19-4abf-812e-2930d41e7bf7
a4735409-56f7-409c-a297-b07358cf1c21,5a5c0f42-84e9-45b4-a84a-a0853d35d9dd,4785c2c9-0b88-403d-a736-dfc77ecb0a64
a4735409-56f7-409c-a297-b07358cf1c21,8130458f-ae96-4ab3-89b9-21f06a2aac78,f9d69eb8-9ab7-44da-b9d0-8256de2b4497
a871822b-2505-475a-bb4d-ace0588ebb35,7e249a64-9f13-47d3-a232-562a3d080198,a445d29b-2ba7-5a46-8885-5a5d11680eba
a871822b-2505-475a-bb4d-ace0588ebb35,919a3f90-b681-422c-8481-fe313daa0044,bbefdbc8-7ac4-11f0-8000-bb3209de79c0
a871822b-2505-475a-bb4d-ace0588ebb35,972bdd5f-5f8c-42d1-a47f-1ac08d1da48e,da334c89-29ad-56a6-852b-1ab5940f21f6
a871822b-2505-475a-bb4d-ace0588ebb35,fe987366-a8ad-48fa-8821-73f54f6df180,feb34480-fe9c-11f0-8000-bb3209de79c0
a871822b-2505-475a-bb4d-ace0588ebb35,c2eb2a01-e85a-40d9-b0dd-550f6be14476,8aeafec2-2834-4874-b2a8-25604b880440
a871822b-2505-475a-bb4d-ace0588ebb35,69b0e5b9-3be2-4ec3-a9a6-bb5b523d4b32,31c79380-d8c8-4304-bd35-6448e6378c41
a871822b-2505-475a-bb4d-ace0588ebb35,8130458f-ae96-4ab3-89b9-21f06a2aac78,6bb0b0b6-41cd-4bb3-a0e8-d483b25f6cf1
a931556f-a6f2-4a15-8341-0104ea2159d8,7e249a64-9f13-47d3-a232-562a3d080198,c37bb10c-96d3-5039-9612-6cd415ce6a23
a931556f-a6f2-4a15-8341-0104ea2159d8,919a3f90-b681-422c-8481-fe313daa0044,bcace7c9-7ac4-11f0-8000-bb3209de79c0
a931556f-a6f2-4a15-8341-0104ea2159d8,972bdd5f-5f8c-42d1-a47f-1ac08d1da48e,da334c89-29ad-56a6-852b-1ab5940f21f6
a931556f-a6f2-4a15-8341-0104ea2159d8,44ba72f7-f60a-4af8-b62b-7c6125e76cf2,efd37dc4-0be8-4f5d-a91e-b2c1cc24923e
a931556f-a6f2-4a15-8341-0104ea2159d8,163a237b-c25f-4062-84ee-695f217d6bec,945fc345-4f69-482f-a52e-cb3a2638b8cc
a931556f-a6f2-4a15-8341-0104ea2159d8,fe987366-a8ad-48fa-8821-73f54f6df180,86e1195c-ecc0-52f6-ae9b-fcf925d41d97
a931556f-a6f2-4a15-8341-0104ea2159d8,5fc998ef-6826-414c-8bfc-b2b9511f15a3,ea0ba378-6d29-46d8-84f2-6b14fca7bc16
a931556f-a6f2-4a15-8341-0104ea2159d8,69b0e5b9-3be2-4ec3-a9a6-bb5b523d4b32,750120c8-1d4b-4fed-8908-ce14e30d3e15
a931556f-a6f2-4a15-8341-0104ea2159d8,69b0e5b9-3be2-4ec3-a9a6-bb5b523d4b32,fcd7f192-b04e-4765-90cf-5cc4f6125619
a931556f-a6f2-4a15-8341-0104ea2159d8,6dd0f2db-ff7b-4629-a113-c5f9e12699b1,8aeafec2-2834-4874-b2a8-25604b880440
a931556f-a6f2-4a15-8341-0104ea2159d8,8130458f-ae96-4ab3-89b9-21f06a2aac78,a980b931-9769-4975-847a-5d81405b213b
aa552dc9-a8e1-4297-bbb2-0f012e903997,7e249a64-9f13-47d3-a232-562a3d080198,c37bb10c-96d3-5039-9612-6cd415ce6a23
aa552dc9-a8e1-4297-bbb2-0f012e903997,919a3f90-b681-422c-8481-fe313daa0044,bc759a47-7ac4-11f0-8000-bb3209de79c0
aa552dc9-a8e1-4297-bbb2-0f012e903997,972bdd5f-5f8c-42d1-a47f-1ac08d1da48e,da334c89-29ad-56a6-852b-1ab5940f21f6
aa552dc9-a8e1-4297-bbb2-0f012e903997,44ba72f7-f60a-4af8-b62b-7c6125e76cf2,cea3eb96-6086-417a-8659-59657ff22e84
aa552dc9-a8e1-4297-bbb2-0f012e903997,163a237b-c25f-4062-84ee-695f217d6bec,6f15b8dc-5f82-4e9a-89f3-f2a6953db72d
aa552dc9-a8e1-4297-bbb2-0f012e903997,fe987366-a8ad-48fa-8821-73f54f6df180,0eb50f6b-ac83-5270-a002-4412105dd4f7
aa552dc9-a8e1-4297-bbb2-0f012e903997,5fc998ef-6826-414c-8bfc-b2b9511f15a3,ea0ba378-6d29-46d8-84f2-6b14fca7bc16
aa552dc9-a8e1-4297-bbb2-0f012e903997,69b0e5b9-3be2-4ec3-a9a6-bb5b523d4b32,750120c8-1d4b-4fed-8908-ce14e30d3e15
aa552dc9-a8e1-4297-bbb2-0f012e903997,69b0e5b9-3be2-4ec3-a9a6-bb5b523d4b32,fcd7f192-b04e-4765-90cf-5cc4f6125619
aa552dc9-a8e1-4297-bbb2-0f012e903997,6dd0f2db-ff7b-4629-a113-c5f9e12699b1,8aeafec2-2834-4874-b2a8-25604b880440
aa552dc9-a8e1-4297-bbb2-0f012e903997,8130458f-ae96-4ab3-89b9-21f06a2aac78,a980b931-9769-4975-847a-5d81405b213b
b058653a-7fac-4978-b773-9996b6762f4c,7e249a64-9f13-47d3-a232-562a3d080198,c37bb10c-96d3-5039-9612-6cd415ce6a23
b058653a-7fac-4978-b773-9996b6762f4c,919a3f90-b681-422c-8481-fe313daa0044,bcb0e78e-7ac4-11f0-8000-bb3209de79c0
b058653a-7fac-4978-b773-9996b6762f4c,972bdd5f-5f8c-42d1-a47f-1ac08d1da48e,da334c89-29ad-56a6-852b-1ab5940f21f6
b058653a-7fac-4978-b773-9996b6762f4c,44ba72f7-f60a-4af8-b62b-7c6125e76cf2,efd37dc4-0be8-4f5d-a91e-b2c1cc24923e
b058653a-7fac-4978-b773-9996b6762f4c,163a237b-c25f-4062-84ee-695f217d6bec,945fc345-4f69-482f-a52e-cb3a2638b8cc
b058653a-7fac-4978-b773-9996b6762f4c,fe987366-a8ad-48fa-8821-73f54f6df180,8c1bcb6f-2a92-5b5d-9f42-90692b7da558
b058653a-7fac-4978-b773-9996b6762f4c,5fc998ef-6826-414c-8bfc-b2b9511f15a3,ea0ba378-6d29-46d8-84f2-6b14fca7bc16
b058653a-7fac-4978-b773-9996b6762f4c,69b0e5b9-3be2-4ec3-a9a6-bb5b523d4b32,750120c8-1d4b-4fed-8908-ce14e30d3e15
b058653a-7fac-4978-b773-9996b6762f4c,69b0e5b9-3be2-4ec3-a9a6-bb5b523d4b32,fcd7f192-b04e-4765-90cf-5cc4f6125619
b058653a-7fac-4978-b773-9996b6762f4c,6dd0f2db-ff7b-4629-a113-c5f9e12699b1,8aeafec2-2834-4874-b2a8-25604b880440
b058653a-7fac-4978-b773-9996b6762f4c,8130458f-ae96-4ab3-89b9-21f06a2aac78,a980b931-9769-4975-847a-5d81405b213b
b25adc0f-99cc-4b53-ac0d-f1bd456f594f,7e249a64-9f13-47d3-a232-562a3d080198,5efa2f5e-5f8b-5e1c-93c6-77327c916e5f
b25adc0f-99cc-4b53-ac0d-f1bd456f594f,919a3f90-b681-422c-8481-fe313daa0044,bd7b60a0-7ac4-11f0-8000-bb3209de79c0
b25adc0f-99cc-4b53-ac0d-f1bd456f594f,972bdd5f-5f8c-42d1-a47f-1ac08d1da48e,da334c89-29ad-56a6-852b-1ab5940f21f6
b25adc0f-99cc-4b53-ac0d-f1bd456f594f,43ef7747-f80d-4680-8590-db3f88c343fa,a4549ab2-3393-472e-af18-aa5bc23f3b53
b25adc0f-99cc-4b53-ac0d-f1bd456f594f,fe987366-a8ad-48fa-8821-73f54f6df180,677e31bd-df3b-5ef6-af95-6b90f6674c7b
b25adc0f-99cc-4b53-ac0d-f1bd456f594f,22f3c0da-faa1-48f4-b10d-5429f16ba9c0,308c9c65-3cdd-4c5e-a9d1-2f3deb4697e3
b25adc0f-99cc-4b53-ac0d-f1bd456f594f,69b0e5b9-3be2-4ec3-a9a6-bb5b523d4b32,66a6cd3b-ab4d-4161-98a9-6e0b767a2705
b25adc0f-99cc-4b53-ac0d-f1bd456f594f,0afc734b-8120-4ae9-987f-e497deeef694,8aeafec2-2834-4874-b2a8-25604b880440
b25adc0f-99cc-4b53-ac0d-f1bd456f594f,b3ff6026-5379-4bff-85df-1dac465bff7e,6ec6c867-0c1f-4a57-bf6d-6a02fa66f1c5
b25adc0f-99cc-4b53-ac0d-f1bd456f594f,06560314-4e85-48f9-85bb-178b4cdc5064,cb05c4f0-ec43-4152-b6e8-11dbf4001c3f
b25adc0f-99cc-4b53-ac0d-f1bd456f594f,8130458f-ae96-4ab3-89b9-21f06a2aac78,fcae9992-8838-447e-a530-5f63aab304b2
b2ece876-b022-4393-850b-fe89293eeb67,7e249a64-9f13-47d3-a232-562a3d080198,c99d8861-1c48-5bde-96c3-c95dcb2419aa
b2ece876-b022-4393-850b-fe89293eeb67,919a3f90-b681-422c-8481-fe313daa0044,bd418700-7ac4-11f0-8000-bb3209de79c0
b2ece876-b022-4393-850b-fe89293eeb67,972bdd5f-5f8c-42d1-a47f-1ac08d1da48e,da334c89-29ad-56a6-852b-1ab5940f21f6
b2ece876-b022-4393-850b-fe89293eeb67,bc08b179-d6a6-4447-b3c7-80f456c9e990,f8bfd149-33e9-4adc-a4a6-c2dbd6f1bd07
b2ece876-b022-4393-850b-fe89293eeb67,fe987366-a8ad-48fa-8821-73f54f6df180,5dee5e02-a11b-5cae-8398-39faeacb09f8
b2ece876-b022-4393-850b-fe89293eeb67,18144400-eceb-40bb-8b7d-a5f5941ef5e9,62575694-4b96-4a93-910f-e8f35d5a918e
b2ece876-b022-4393-850b-fe89293eeb67,69b0e5b9-3be2-4ec3-a9a6-bb5b523d4b32,90b8f451-bdba-40e5-a7cc-446e6698c98e
b2ece876-b022-4393-850b-fe89293eeb67,8c1273b9-049f-4372-a93d-55343b60f32e,8aeafec2-2834-4874-b2a8-25604b880440
b2ece876-b022-4393-850b-fe89293eeb67,ec24f103-2881-4a97-998a-1ab836896a5d,1f38694b-ddc6-4bea-b28b-3ed845ad18dc
b2ece876-b022-4393-850b-fe89293eeb67,ec24f103-2881-4a97-998a-1ab836896a5d,67cf3f13-9750-4750-b2e9-168d28e3ade8
b2ece876-b022-4393-850b-fe89293eeb67,69b0e5b9-3be2-4ec3-a9a6-bb5b523d4b32,081f7d92-5f5a-4ac4-9561-dc99f7dcec21
b2ece876-b022-4393-850b-fe89293eeb67,e24858f8-1966-41e8-8e07-ccfe138c4757,66c6f282-59d7-4039-a4a6-77805d63aac8
b2ece876-b022-4393-850b-fe89293eeb67,8130458f-ae96-4ab3-89b9-21f06a2aac78,b2471599-92bc-494d-8108-6be9895128a7
b31f898b-1304-4363-ad28-4a718d9477a4,7e249a64-9f13-47d3-a232-562a3d080198,c37bb10c-96d3-5039-9612-6cd415ce6a23
b31f898b-1304-4363-ad28-4a718d9477a4,919a3f90-b681-422c-8481-fe313daa0044,bc94b1c1-7ac4-11f0-8000-bb3209de79c0
b31f898b-1304-4363-ad28-4a718d9477a4,972bdd5f-5f8c-42d1-a47f-1ac08d1da48e,da334c89-29ad-56a6-852b-1ab5940f21f6
b31f898b-1304-4363-ad28-4a718d9477a4,44ba72f7-f60a-4af8-b62b-7c6125e76cf2,efd37dc4-0be8-4f5d-a91e-b2c1cc24923e
b31f898b-1304-4363-ad28-4a718d9477a4,163a237b-c25f-4062-84ee-695f217d6bec,945fc345-4f69-482f-a52e-cb3a2638b8cc
b31f898b-1304-4363-ad28-4a718d9477a4,fe987366-a8ad-48fa-8821-73f54f6df180,2d609622-dd1d-5ceb-a326-efab63b14a59
b31f898b-1304-4363-ad28-4a718d9477a4,5fc998ef-6826-414c-8bfc-b2b9511f15a3,ea0ba378-6d29-46d8-84f2-6b14fca7bc16
b31f898b-1304-4363-ad28-4a718d9477a4,69b0e5b9-3be2-4ec3-a9a6-bb5b523d4b32,750120c8-1d4b-4fed-8908-ce14e30d3e15
b31f898b-1304-4363-ad28-4a718d9477a4,69b0e5b9-3be2-4ec3-a9a6-bb5b523d4b32,fcd7f192-b04e-4765-90cf-5cc4f6125619
b31f898b-1304-4363-ad28-4a718d9477a4,6dd0f2db-ff7b-4629-a113-c5f9e12699b1,8aeafec2-2834-4874-b2a8-25604b880440
b31f898b-1304-4363-ad28-4a718d9477a4,8130458f-ae96-4ab3-89b9-21f06a2aac78,a980b931-9769-4975-847a-5d81405b213b
b379629b-3068-47ad-b618-50bbd90b4bf5,7e249a64-9f13-47d3-a232-562a3d080198,c37bb10c-96d3-5039-9612-6cd415ce6a23
b379629b-3068-47ad-b618-50bbd90b4bf5,919a3f90-b681-422c-8481-fe313daa0044,bc8c8c53-7ac4-11f0-8000-bb3209de79c0
b379629b-3068-47ad-b618-50bbd90b4bf5,972bdd5f-5f8c-42d1-a47f-1ac08d1da48e,da334c89-29ad-56a6-852b-1ab5940f21f6
b379629b-3068-47ad-b618-50bbd90b4bf5,44ba72f7-f60a-4af8-b62b-7c6125e76cf2,efd37dc4-0be8-4f5d-a91e-b2c1cc24923e
b379629b-3068-47ad-b618-50bbd90b4bf5,163a237b-c25f-4062-84ee-695f217d6bec,945fc345-4f69-482f-a52e-cb3a2638b8cc
b379629b-3068-47ad-b618-50bbd90b4bf5,fe987366-a8ad-48fa-8821-73f54f6df180,296f50e7-767e-57fc-8f54-14fabf3018d3
b379629b-3068-47ad-b618-50bbd90b4bf5,5fc998ef-6826-414c-8bfc-b2b9511f15a3,ea0ba378-6d29-46d8-84f2-6b14fca7bc16
b379629b-3068-47ad-b618-50bbd90b4bf5,69b0e5b9-3be2-4ec3-a9a6-bb5b523d4b32,750120c8-1d4b-4fed-8908-ce14e30d3e15
b379629b-3068-47ad-b618-50bbd90b4bf5,69b0e5b9-3be2-4ec3-a9a6-bb5b523d4b32,fcd7f192-b04e-4765-90cf-5cc4f6125619
b379629b-3068-47ad-b618-50bbd90b4bf5,6dd0f2db-ff7b-4629-a113-c5f9e12699b1,8aeafec2-2834-4874-b2a8-25604b880440
b379629b-3068-47ad-b618-50bbd90b4bf5,8130458f-ae96-4ab3-89b9-21f06a2aac78,a980b931-9769-4975-847a-5d81405b213b
b3f6732f-3b88-4358-a636-cdfd8265a8d8,7e249a64-9f13-47d3-a232-562a3d080198,c37bb10c-96d3-5039-9612-6cd415ce6a23
b3f6732f-3b88-4358-a636-cdfd8265a8d8,919a3f90-b681-422c-8481-fe313daa0044,bc72df26-7ac4-11f0-8000-bb3209de79c0
b3f6732f-3b88-4358-a636-cdfd8265a8d8,972bdd5f-5f8c-42d1-a47f-1ac08d1da48e,da334c89-29ad-56a6-852b-1ab5940f21f6
b3f6732f-3b88-4358-a636-cdfd8265a8d8,44ba72f7-f60a-4af8-b62b-7c6125e76cf2,cea3eb96-6086-417a-8659-59657ff22e84
b3f6732f-3b88-4358-a636-cdfd8265a8d8,163a237b-c25f-4062-84ee-695f217d6bec,6f15b8dc-5f82-4e9a-89f3-f2a6953db72d
b3f6732f-3b88-4358-a636-cdfd8265a8d8,fe987366-a8ad-48fa-8821-73f54f6df180,ab1d65ac-737a-564a-8f2a-9d825b041d29
b3f6732f-3b88-4358-a636-cdfd8265a8d8,5fc998ef-6826-414c-8bfc-b2b9511f15a3,ea0ba378-6d29-46d8-84f2-6b14fca7bc16
b3f6732f-3b88-4358-a636-cdfd8265a8d8,69b0e5b9-3be2-4ec3-a9a6-bb5b523d4b32,750120c8-1d4b-4fed-8908-ce14e30d3e15
b3f6732f-3b88-4358-a636-cdfd8265a8d8,69b0e5b9-3be2-4ec3-a9a6-bb5b523d4b32,fcd7f192-b04e-4765-90cf-5cc4f6125619
b3f6732f-3b88-4358-a636-cdfd8265a8d8,6dd0f2db-ff7b-4629-a113-c5f9e12699b1,8aeafec2-2834-4874-b2a8-25604b880440
b3f6732f-3b88-4358-a636-cdfd8265a8d8,8130458f-ae96-4ab3-89b9-21f06a2aac78,a980b931-9769-4975-847a-5d81405b213b
b462d7f3-e967-4f49-8d7b-9480b1db67f4,7e249a64-9f13-47d3-a232-562a3d080198,c37bb10c-96d3-5039-9612-6cd415ce6a23
b462d7f3-e967-4f49-8d7b-9480b1db67f4,919a3f90-b681-422c-8481-fe313daa0044,bcac1f4f-7ac4-11f0-8000-bb3209de79c0
b462d7f3-e967-4f49-8d7b-9480b1db67f4,972bdd5f-5f8c-42d1-a47f-1ac08d1da48e,da334c89-29ad-56a6-852b-1ab5940f21f6
b462d7f3-e967-4f49-8d7b-9480b1db67f4,44ba72f7-f60a-4af8-b62b-7c6125e76cf2,efd37dc4-0be8-4f5d-a91e-b2c1cc24923e
b462d7f3-e967-4f49-8d7b-9480b1db67f4,163a237b-c25f-4062-84ee-695f217d6bec,945fc345-4f69-482f-a52e-cb3a2638b8cc
b462d7f3-e967-4f49-8d7b-9480b1db67f4,fe987366-a8ad-48fa-8821-73f54f6df180,97cbb283-112a-5480-8ca1-b22b04e3af9b
b462d7f3-e967-4f49-8d7b-9480b1db67f4,5fc998ef-6826-414c-8bfc-b2b9511f15a3,ea0ba378-6d29-46d8-84f2-6b14fca7bc16
b462d7f3-e967-4f49-8d7b-9480b1db67f4,69b0e5b9-3be2-4ec3-a9a6-bb5b523d4b32,750120c8-1d4b-4fed-8908-ce14e30d3e15
b462d7f3-e967-4f49-8d7b-9480b1db67f4,69b0e5b9-3be2-4ec3-a9a6-bb5b523d4b32,fcd7f192-b04e-4765-90cf-5cc4f6125619
b462d7f3-e967-4f49-8d7b-9480b1db67f4,6dd0f2db-ff7b-4629-a113-c5f9e12699b1,8aeafec2-2834-4874-b2a8-25604b880440
b462d7f3-e967-4f49-8d7b-9480b1db67f4,8130458f-ae96-4ab3-89b9-21f06a2aac78,a980b931-9769-4975-847a-5d81405b213b
b51ed23e-6420-4d10-a327-7603ff8c7386,7e249a64-9f13-47d3-a232-562a3d080198,a445d29b-2ba7-5a46-8885-5a5d11680eba
b51ed23e-6420-4d10-a327-7603ff8c7386,919a3f90-b681-422c-8481-fe313daa0044,bcf1a726-7ac4-11f0-8000-bb3209de79c0
b51ed23e-6420-4d10-a327-7603ff8c7386,972bdd5f-5f8c-42d1-a47f-1ac08d1da48e,da334c89-29ad-56a6-852b-1ab5940f21f6
b51ed23e-6420-4d10-a327-7603ff8c7386,fe987366-a8ad-48fa-8821-73f54f6df180,d8f7e580-4c5b-11d9-8000-bb3209de79c0
b51ed23e-6420-4d10-a327-7603ff8c7386,c2eb2a01-e85a-40d9-b0dd-550f6be14476,8aeafec2-2834-4874-b2a8-25604b880440
b51ed23e-6420-4d10-a327-7603ff8c7386,69b0e5b9-3be2-4ec3-a9a6-bb5b523d4b32,31c79380-d8c8-4304-bd35-6448e6378c41
b51ed23e-6420-4d10-a327-7603ff8c7386,8130458f-ae96-4ab3-89b9-21f06a2aac78,6bb0b0b6-41cd-4bb3-a0e8-d483b25f6cf1
b614ef7a-536c-4b1f-80cb-57b8aeffd3c2,7e249a64-9f13-47d3-a232-562a3d080198,5efa2f5e-5f8b-5e1c-93c6-77327c916e5f
b614ef7a-536c-4b1f-80cb-57b8aeffd3c2,919a3f90-b681-422c-8481-fe313daa0044,bd517d2a-7ac4-11f0-8000-bb3209de79c0
b614ef7a-536c-4b1f-80cb-57b8aeffd3c2,972bdd5f-5f8c-42d1-a47f-1ac08d1da48e,da334c89-29ad-56a6-852b-1ab5940f21f6
b614ef7a-536c-4b1f-80cb-57b8aeffd3c2,43ef7747-f80d-4680-8590-db3f88c343fa,0708f596-2082-4e1d-bcb9-2d58c87a6b92
b614ef7a-536c-4b1f-80cb-57b8aeffd3c2,fe987366-a8ad-48fa-8821-73f54f6df180,e4c5725d-87d6-58dc-a4d6-b23806a477b0
b614ef7a-536c-4b1f-80cb-57b8aeffd3c2,22f3c0da-faa1-48f4-b10d-5429f16ba9c0,3f57e952-a0fc-4936-aa87-ed31d6dff1fd
b614ef7a-536c-4b1f-80cb-57b8aeffd3c2,69b0e5b9-3be2-4ec3-a9a6-bb5b523d4b32,7fd08eec-b03b-4245-8b77-4e8e2e92f347
b614ef7a-536c-4b1f-80cb-57b8aeffd3c2,0afc734b-8120-4ae9-987f-e497deeef694,8aeafec2-2834-4874-b2a8-25604b880440
b614ef7a-536c-4b1f-80cb-57b8aeffd3c2,b3ff6026-5379-4bff-85df-1dac465bff7e,6ec6c867-0c1f-4a57-bf6d-6a02fa66f1c5
b614ef7a-536c-4b1f-80cb-57b8aeffd3c2,06560314-4e85-48f9-85bb-178b4cdc5064,c6169eb7-c4ae-4dd3-a2d8-1387dea711dc
b614ef7a-536c-4b1f-80cb-57b8aeffd3c2,8130458f-ae96-4ab3-89b9-21f06a2aac78,fcae9992-8838-447e-a530-5f63aab304b2
b792f89e-be1d-471d-a36b-80bf967aa57c,7e249a64-9f13-47d3-a232-562a3d080198,c37bb10c-96d3-5039-9612-6cd415ce6a23
b792f89e-be1d-471d-a36b-80bf967aa57c,919a3f90-b681-422c-8481-fe313daa0044,bc4f8a6b-7ac4-11f0-8000-bb3209de79c0
b792f89e-be1d-471d-a36b-80bf967aa57c,972bdd5f-5f8c-42d1-a47f-1ac08d1da48e,da334c89-29ad-56a6-852b-1ab5940f21f6
b792f89e-be1d-471d-a36b-80bf967aa57c,44ba72f7-f60a-4af8-b62b-7c6125e76cf2,cea3eb96-6086-417a-8659-59657ff22e84
b792f89e-be1d-471d-a36b-80bf967aa57c,163a237b-c25f-4062-84ee-695f217d6bec,6f15b8dc-5f82-4e9a-89f3-f2a6953db72d
b792f89e-be1d-471d-a36b-80bf967aa57c,fe987366-a8ad-48fa-8821-73f54f6df180,bf3311a6-e730-50ee-a4c7-ff6490ca6d3a
b792f89e-be1d-471d-a36b-80bf967aa57c,5fc998ef-6826-414c-8bfc-b2b9511f15a3,ea0ba378-6d29-46d8-84f2-6b14fca7bc16
b792f89e-be1d-471d-a36b-80bf967aa57c,69b0e5b9-3be2-4ec3-a9a6-bb5b523d4b32,750120c8-1d4b-4fed-8908-ce14e30d3e15
b792f89e-be1d-471d-a36b-80bf967aa57c,69b0e5b9-3be2-4ec3-a9a6-bb5b523d4b32,fcd7f192-b04e-4765-90cf-5cc4f6125619
b792f89e-be1d-471d-a36b-80bf967aa57c,6dd0f2db-ff7b-4629-a113-c5f9e12699b1,8aeafec2-2834-4874-b2a8-25604b880440
b792f89e-be1d-471d-a36b-80bf967aa57c,8130458f-ae96-4ab3-89b9-21f06a2aac78,a980b931-9769-4975-847a-5d81405b213b
b83c207c-96a1-4e37-bdc7-aa8d4ad19acd,7e249a64-9f13-47d3-a232-562a3d080198,fa02ca91-ae28-5513-bdae-4bc44229b991
b83c207c-96a1-4e37-bdc7-aa8d4ad19acd,919a3f90-b681-422c-8481-fe313daa0044,bbd7a0f1-7ac4-11f0-8000-bb3209de79c0
b83c207c-96a1-4e37-bdc7-aa8d4ad19acd,972bdd5f-5f8c-42d1-a47f-1ac08d1da48e,da334c89-29ad-56a6-852b-1ab5940f21f6
b83c207c-96a1-4e37-bdc7-aa8d4ad19acd,55ca955b-c202-4f5c-9e38-04828d571761,5265dbcc-6af6-48a0-8898-8b98c8c2ea48
b83c207c-96a1-4e37-bdc7-aa8d4ad19acd,fe987366-a8ad-48fa-8821-73f54f6df180,b989c09d-2479-516f-b068-a64d616a0139
b83c207c-96a1-4e37-bdc7-aa8d4ad19acd,f54b6340-1a97-4101-b7d9-0ae727796730,55dc26e5-65b0-4de0-8377-149612fd43ac
b83c207c-96a1-4e37-bdc7-aa8d4ad19acd,69b0e5b9-3be2-4ec3-a9a6-bb5b523d4b32,8c1d6f78-392e-45a6-829d-056e4b796b0b
b83c207c-96a1-4e37-bdc7-aa8d4ad19acd,69b0e5b9-3be2-4ec3-a9a6-bb5b523d4b32,0691e1fe-8efe-41fa-9a0c-dae409285e7d
b83c207c-96a1-4e37-bdc7-aa8d4ad19acd,5ee256b3-5cbe-4e46-a8d2-badc6fad59b6,8aeafec2-2834-4874-b2a8-25604b880440
b83c207c-96a1-4e37-bdc7-aa8d4ad19acd,8130458f-ae96-4ab3-89b9-21f06a2aac78,dabf85cb-c1e7-489b-aa66-0572dd1bd1dd
ba7ce278-6f7d-44ae-8321-ce967340d7c7,7e249a64-9f13-47d3-a232-562a3d080198,fa02ca91-ae28-5513-bdae-4bc44229b991
ba7ce278-6f7d-44ae-8321-ce967340d7c7,919a3f90-b681-422c-8481-fe313daa0044,bcc4479c-7ac4-11f0-8000-bb3209de79c0
ba7ce278-6f7d-44ae-8321-ce967340d7c7,972bdd5f-5f8c-42d1-a47f-1ac08d1da48e,da334c89-29ad-56a6-852b-1ab5940f21f6
ba7ce278-6f7d-44ae-8321-ce967340d7c7,55ca955b-c202-4f5c-9e38-04828d571761,f94dbad9-c6f4-4813-87ca-e309bd934464
ba7ce278-6f7d-44ae-8321-ce967340d7c7,fe987366-a8ad-48fa-8821-73f54f6df180,25661172-61b5-5c10-bdb4-be6651d13276
ba7ce278-6f7d-44ae-8321-ce967340d7c7,f54b6340-1a97-4101-b7d9-0ae727796730,ea0ba378-6d29-46d8-84f2-6b14fca7bc16
ba7ce278-6f7d-44ae-8321-ce967340d7c7,69b0e5b9-3be2-4ec3-a9a6-bb5b523d4b32,50c731fe-148f-4c67-b15b-e368cee39949
ba7ce278-6f7d-44ae-8321-ce967340d7c7,69b0e5b9-3be2-4ec3-a9a6-bb5b523d4b32,077dc199-9332-4edf-bd08-65fa320614c1
ba7ce278-6f7d-44ae-8321-ce967340d7c7,5ee256b3-5cbe-4e46-a8d2-badc6fad59b6,8aeafec2-2834-4874-b2a8-25604b880440
ba7ce278-6f7d-44ae-8321-ce967340d7c7,8130458f-ae96-4ab3-89b9-21f06a2aac78,dabf85cb-c1e7-489b-aa66-0572dd1bd1dd
baecdb72-3217-4698-bfda-76a53226c3f7,7e249a64-9f13-47d3-a232-562a3d080198,c37bb10c-96d3-5039-9612-6cd415ce6a23
baecdb72-3217-4698-bfda-76a53226c3f7,919a3f90-b681-422c-8481-fe313daa0044,bcaffda2-7ac4-11f0-8000-bb3209de79c0
baecdb72-3217-4698-bfda-76a53226c3f7,972bdd5f-5f8c-42d1-a47f-1ac08d1da48e,da334c89-29ad-56a6-852b-1ab5940f21f6
baecdb72-3217-4698-bfda-76a53226c3f7,44ba72f7-f60a-4af8-b62b-7c6125e76cf2,efd37dc4-0be8-4f5d-a91e-b2c1cc24923e
baecdb72-3217-4698-bfda-76a53226c3f7,163a237b-c25f-4062-84ee-695f217d6bec,945fc345-4f69-482f-a52e-cb3a2638b8cc
baecdb72-3217-4698-bfda-76a53226c3f7,fe987366-a8ad-48fa-8821-73f54f6df180,95bf2749-ef83-5be8-b4ee-1643bf4db7dd
baecdb72-3217-4698-bfda-76a53226c3f7,5fc998ef-6826-414c-8bfc-b2b9511f15a3,ea0ba378-6d29-46d8-84f2-6b14fca7bc16
baecdb72-3217-4698-bfda-76a53226c3f7,69b0e5b9-3be2-4ec3-a9a6-bb5b523d4b32,750120c8-1d4b-4fed-8908-ce14e30d3e15
baecdb72-3217-4698-bfda-76a53226c3f7,69b0e5b9-3be2-4ec3-a9a6-bb5b523d4b32,fcd7f192-b04e-4765-90cf-5cc4f6125619
baecdb72-3217-4698-bfda-76a53226c3f7,6dd0f2db-ff7b-4629-a113-c5f9e12699b1,8aeafec2-2834-4874-b2a8-25604b880440
baecdb72-3217-4698-bfda-76a53226c3f7,8130458f-ae96-4ab3-89b9-21f06a2aac78,a980b931-9769-4975-847a-5d81405b213b
bbed84a4-2821-4338-9814-c1f2a19c33bd,7e249a64-9f13-47d3-a232-562a3d080198,5efa2f5e-5f8b-5e1c-93c6-77327c916e5f
bbed84a4-2821-4338-9814-c1f2a19c33bd,919a3f90-b681-422c-8481-fe313daa0044,bd878ccb-7ac4-11f0-8000-bb3209de79c0
bbed84a4-2821-4338-9814-c1f2a19c33bd,972bdd5f-5f8c-42d1-a47f-1ac08d1da48e,da334c89-29ad-56a6-852b-1ab5940f21f6
bbed84a4-2821-4338-9814-c1f2a19c33bd,43ef7747-f80d-4680-8590-db3f88c343fa,287328a0-67c3-453e-969b-b978073592ba
bbed84a4-2821-4338-9814-c1f2a19c33bd,fe987366-a8ad-48fa-8821-73f54f6df180,97d5ad44-82de-5a75-b71c-cfa9117606a8
bbed84a4-2821-4338-9814-c1f2a19c33bd,22f3c0da-faa1-48f4-b10d-5429f16ba9c0,369adb79-a85a-408a-b259-1dadac3f9992
bbed84a4-2821-4338-9814-c1f2a19c33bd,69b0e5b9-3be2-4ec3-a9a6-bb5b523d4b32,3e1ea4e4-bd2e-4624-bcf5-35d345b2c64b
bbed84a4-2821-4338-9814-c1f2a19c33bd,0afc734b-8120-4ae9-987f-e497deeef694,8aeafec2-2834-4874-b2a8-25604b880440
bbed84a4-2821-4338-9814-c1f2a19c33bd,b3ff6026-5379-4bff-85df-1dac465bff7e,6ec6c867-0c1f-4a57-bf6d-6a02fa66f1c5
bbed84a4-2821-4338-9814-c1f2a19c33bd,06560314-4e85-48f9-85bb-178b4cdc5064,d4112a6e-d9d7-444f-846e-c037f21a1d8e
bbed84a4-2821-4338-9814-c1f2a19c33bd,8130458f-ae96-4ab3-89b9-21f06a2aac78,fcae9992-8838-447e-a530-5f63aab304b2
bda9abcd-7130-48ec-983a-2a183c5cfbfa,7e249a64-9f13-47d3-a232-562a3d080198,c37bb10c-96d3-5039-9612-6cd415ce6a23
bda9abcd-7130-48ec-983a-2a183c5cfbfa,919a3f90-b681-422c-8481-fe313daa0044,bc29456a-7ac4-11f0-8000-bb3209de79c0
bda9abcd-7130-48ec-983a-2a183c5cfbfa,972bdd5f-5f8c-42d1-a47f-1ac08d1da48e,da334c89-29ad-56a6-852b-1ab5940f21f6
bda9abcd-7130-48ec-983a-2a183c5cfbfa,44ba72f7-f60a-4af8-b62b-7c6125e76cf2,cea3eb96-6086-417a-8659-59657ff22e84
bda9abcd-7130-48ec-983a-2a183c5cfbfa,163a237b-c25f-4062-84ee-695f217d6bec,6f15b8dc-5f82-4e9a-89f3-f2a6953db72d
bda9abcd-7130-48ec-983a-2a183c5cfbfa,fe987366-a8ad-48fa-8821-73f54f6df180,48a9897e-e810-527a-bcd6-daa7ad74da86
bda9abcd-7130-48ec-983a-2a183c5cfbfa,5fc998ef-6826-414c-8bfc-b2b9511f15a3,ea0ba378-6d29-46d8-84f2-6b14fca7bc16
bda9abcd-7130-48ec-983a-2a183c5cfbfa,69b0e5b9-3be2-4ec3-a9a6-bb5b523d4b32,750120c8-1d4b-4fed-8908-ce14e30d3e15
bda9abcd-7130-48ec-983a-2a183c5cfbfa,69b0e5b9-3be2-4ec3-a9a6-bb5b523d4b32,fcd7f192-b04e-4765-90cf-5cc4f6125619
bda9abcd-7130-48ec-983a-2a183c5cfbfa,6dd0f2db-ff7b-4629-a113-c5f9e12699b1,8aeafec2-2834-4874-b2a8-25604b880440
bda9abcd-7130-48ec-983a-2a183c5cfbfa,8130458f-ae96-4ab3-89b9-21f06a2aac78,a980b931-9769-4975-847a-5d81405b213b
bf3e18c6-6d97-4d95-bf85-062d00bd171f,7e249a64-9f13-47d3-a232-562a3d080198,a445d29b-2ba7-5a46-8885-5a5d11680eba
bf3e18c6-6d97-4d95-bf85-062d00bd171f,919a3f90-b681-422c-8481-fe313daa0044,bcef1408-7ac4-11f0-8000-bb3209de79c0
bf3e18c6-6d97-4d95-bf85-062d00bd171f,972bdd5f-5f8c-42d1-a47f-1ac08d1da48e,da334c89-29ad-56a6-852b-1ab5940f21f6
bf3e18c6-6d97-4d95-bf85-062d00bd171f,fe987366-a8ad-48fa-8821-73f54f6df180,6c464a00-ab2b-11e9-8000-bb3209de79c0
bf3e18c6-6d97-4d95-bf85-062d00bd171f,c2eb2a01-e85a-40d9-b0dd-550f6be14476,8aeafec2-2834-4874-b2a8-25604b880440
bf3e18c6-6d97-4d95-bf85-062d00bd171f,69b0e5b9-3be2-4ec3-a9a6-bb5b523d4b32,31c79380-d8c8-4304-bd35-6448e6378c41
bf3e18c6-6d97-4d95-bf85-062d00bd171f,8130458f-ae96-4ab3-89b9-21f06a2aac78,6bb0b0b6-41cd-4bb3-a0e8-d483b25f6cf1
c2ceb3ae-de65-4b68-8a3b-2dd2cfc93c2c,7e249a64-9f13-47d3-a232-562a3d080198,c37bb10c-96d3-5039-9612-6cd415ce6a23
c2ceb3ae-de65-4b68-8a3b-2dd2cfc93c2c,919a3f90-b681-422c-8481-fe313daa0044,bc2fa1fa-7ac4-11f0-8000-bb3209de79c0
c2ceb3ae-de65-4b68-8a3b-2dd2cfc93c2c,972bdd5f-5f8c-42d1-a47f-1ac08d1da48e,da334c89-29ad-56a6-852b-1ab5940f21f6
c2ceb3ae-de65-4b68-8a3b-2dd2cfc93c2c,44ba72f7-f60a-4af8-b62b-7c6125e76cf2,cea3eb96-6086-417a-8659-59657ff22e84
c2ceb3ae-de65-4b68-8a3b-2dd2cfc93c2c,163a237b-c25f-4062-84ee-695f217d6bec,6f15b8dc-5f82-4e9a-89f3-f2a6953db72d
c2ceb3ae-de65-4b68-8a3b-2dd2cfc93c2c,fe987366-a8ad-48fa-8821-73f54f6df180,a1f825b5-1a38-5958-8268-b98e46b7f6b8
c2ceb3ae-de65-4b68-8a3b-2dd2cfc93c2c,5fc998ef-6826-414c-8bfc-b2b9511f15a3,ea0ba378-6d29-46d8-84f2-6b14fca7bc16
c2ceb3ae-de65-4b68-8a3b-2dd2cfc93c2c,69b0e5b9-3be2-4ec3-a9a6-bb5b523d4b32,750120c8-1d4b-4fed-8908-ce14e30d3e15
c2ceb3ae-de65-4b68-8a3b-2dd2cfc93c2c,69b0e5b9-3be2-4ec3-a9a6-bb5b523d4b32,fcd7f192-b04e-4765-90cf-5cc4f6125619
c2ceb3ae-de65-4b68-8a3b-2dd2cfc93c2c,6dd0f2db-ff7b-4629-a113-c5f9e12699b1,8aeafec2-2834-4874-b2a8-25604b880440
c2ceb3ae-de65-4b68-8a3b-2dd2cfc93c2c,8130458f-ae96-4ab3-89b9-21f06a2aac78,a980b931-9769-4975-847a-5d81405b213b
c2e26d5c-40f9-4223-8198-01c37930ec49,7e249a64-9f13-47d3-a232-562a3d080198,c37bb10c-96d3-5039-9612-6cd415ce6a23
c2e26d5c-40f9-4223-8198-01c37930ec49,919a3f90-b681-422c-8481-fe313daa0044,bc70c087-7ac4-11f0-8000-bb3209de79c0
c2e26d5c-40f9-4223-8198-01c37930ec49,972bdd5f-5f8c-42d1-a47f-1ac08d1da48e,da334c89-29ad-56a6-852b-1ab5940f21f6
c2e26d5c-40f9-4223-8198-01c37930ec49,44ba72f7-f60a-4af8-b62b-7c6125e76cf2,cea3eb96-6086-417a-8659-59657ff22e84
c2e26d5c-40f9-4223-8198-01c37930ec49,163a237b-c25f-4062-84ee-695f217d6bec,6f15b8dc-5f82-4e9a-89f3-f2a6953db72d
c2e26d5c-40f9-4223-8198-01c37930ec49,fe987366-a8ad-48fa-8821-73f54f6df180,b7cf2575-a593-5824-b9ab-f8716fb83074
c2e26d5c-40f9-4223-8198-01c37930ec49,5fc998ef-6826-414c-8bfc-b2b9511f15a3,ea0ba378-6d29-46d8-84f2-6b14fca7bc16
c2e26d5c-40f9-4223-8198-01c37930ec49,69b0e5b9-3be2-4ec3-a9a6-bb5b523d4b32,750120c8-1d4b-4fed-8908-ce14e30d3e15
c2e26d5c-40f9-4223-8198-01c37930ec49,69b0e5b9-3be2-4ec3-a9a6-bb5b523d4b32,fcd7f192-b04e-4765-90cf-5cc4f6125619
c2e26d5c-40f9-4223-8198-01c37930ec49,6dd0f2db-ff7b-4629-a113-c5f9e12699b1,8aeafec2-2834-4874-b2a8-25604b880440
c2e26d5c-40f9-4223-8198-01c37930ec49,8130458f-ae96-4ab3-89b9-21f06a2aac78,a980b931-9769-4975-847a-5d81405b213b
c47fc2d6-d633-437b-a13f-18c874d01616,7e249a64-9f13-47d3-a232-562a3d080198,a38a618d-86f2-52ee-abf2-03feefe10c7d
c47fc2d6-d633-437b-a13f-18c874d01616,919a3f90-b681-422c-8481-fe313daa0044,bd05bf1f-7ac4-11f0-8000-bb3209de79c0
c47fc2d6-d633-437b-a13f-18c874d01616,972bdd5f-5f8c-42d1-a47f-1ac08d1da48e,da334c89-29ad-56a6-852b-1ab5940f21f6
c47fc2d6-d633-437b-a13f-18c874d01616,2091792b-0112-4059-923a-456ab16702da,bf3e18c6-6d97-4d95-bf85-062d00bd171f
c47fc2d6-d633-437b-a13f-18c874d01616,fe987366-a8ad-48fa-8821-73f54f6df180,eff79e18-bc56-52da-be11-00e829493968
c47fc2d6-d633-437b-a13f-18c874d01616,a86d73d2-ad7e-4db8-966f-46848dc8cb40,8b101cd4-ca61-4e38-8889-84470e890fc5
c47fc2d6-d633-437b-a13f-18c874d01616,69b0e5b9-3be2-4ec3-a9a6-bb5b523d4b32,f7406282-1a0b-4ad6-8d04-10d504fd9851
c47fc2d6-d633-437b-a13f-18c874d01616,98f87087-8958-40d0-9d26-7234b0c65825,8aeafec2-2834-4874-b2a8-25604b880440
c47fc2d6-d633-437b-a13f-18c874d01616,bf7c7e55-9543-4496-9ac8-b80a582d7290,5eec6dfb-de03-479e-9108-4fe724e936e3
c47fc2d6-d633-437b-a13f-18c874d01616,69b0e5b9-3be2-4ec3-a9a6-bb5b523d4b32,5b0e6f24-79ce-42b0-8d26-e1855228af24
c47fc2d6-d633-437b-a13f-18c874d01616,5a5c0f42-84e9-45b4-a84a-a0853d35d9dd,86574e9d-ccd8-45a5-adf3-621b130ced9e
c47fc2d6-d633-437b-a13f-18c874d01616,8130458f-ae96-4ab3-89b9-21f06a2aac78,f9d69eb8-9ab7-44da-b9d0-8256de2b4497
c6169eb7-c4ae-4dd3-a2d8-1387dea711dc,7e249a64-9f13-47d3-a232-562a3d080198,c99d8861-1c48-5bde-96c3-c95dcb2419aa
c6169eb7-c4ae-4dd3-a2d8-1387dea711dc,919a3f90-b681-422c-8481-fe313daa0044,bd519a92-7ac4-11f0-8000-bb3209de79c0
c6169eb7-c4ae-4dd3-a2d8-1387dea711dc,972bdd5f-5f8c-42d1-a47f-1ac08d1da48e,da334c89-29ad-56a6-852b-1ab5940f21f6
c6169eb7-c4ae-4dd3-a2d8-1387dea711dc,bc08b179-d6a6-4447-b3c7-80f456c9e990,0708f596-2082-4e1d-bcb9-2d58c87a6b92
c6169eb7-c4ae-4dd3-a2d8-1387dea711dc,fe987366-a8ad-48fa-8821-73f54f6df180,ea6b8b40-371c-5b91-bf1c-5996321061a6
c6169eb7-c4ae-4dd3-a2d8-1387dea711dc,18144400-eceb-40bb-8b7d-a5f5941ef5e9,3f57e952-a0fc-4936-aa87-ed31d6dff1fd
c6169eb7-c4ae-4dd3-a2d8-1387dea711dc,69b0e5b9-3be2-4ec3-a9a6-bb5b523d4b32,90b8f451-bdba-40e5-a7cc-446e6698c98e
c6169eb7-c4ae-4dd3-a2d8-1387dea711dc,8c1273b9-049f-4372-a93d-55343b60f32e,8aeafec2-2834-4874-b2a8-25604b880440
c6169eb7-c4ae-4dd3-a2d8-1387dea711dc,ec24f103-2881-4a97-998a-1ab836896a5d,b614ef7a-536c-4b1f-80cb-57b8aeffd3c2
c6169eb7-c4ae-4dd3-a2d8-1387dea711dc,ec24f103-2881-4a97-998a-1ab836896a5d,dda8d9a9-f679-4fb0-a322-c5da02f80550
c6169eb7-c4ae-4dd3-a2d8-1387dea711dc,69b0e5b9-3be2-4ec3-a9a6-bb5b523d4b32,081f7d92-5f5a-4ac4-9561-dc99f7dcec21
c6169eb7-c4ae-4dd3-a2d8-1387dea711dc,e24858f8-1966-41e8-8e07-ccfe138c4757,cd99dcea-f1f6-421f-8df5-09569462e456
c6169eb7-c4ae-4dd3-a2d8-1387dea711dc,8130458f-ae96-4ab3-89b9-21f06a2aac78,b2471599-92bc-494d-8108-6be9895128a7
c7a086d1-cd53-4914-94a1-cd2ed4001922,7e249a64-9f13-47d3-a232-562a3d080198,c37bb10c-96d3-5039-9612-6cd415ce6a23
c7a086d1-cd53-4914-94a1-cd2ed4001922,919a3f90-b681-422c-8481-fe313daa0044,bcb21980-7ac4-11f0-8000-bb3209de79c0
c7a086d1-cd53-4914-94a1-cd2ed4001922,972bdd5f-5f8c-42d1-a47f-1ac08d1da48e,da334c89-29ad-56a6-852b-1ab5940f21f6
c7a086d1-cd53-4914-94a1-cd2ed4001922,44ba72f7-f60a-4af8-b62b-7c6125e76cf2,efd37dc4-0be8-4f5d-a91e-b2c1cc24923e
c7a086d1-cd53-4914-94a1-cd2ed4001922,163a237b-c25f-4062-84ee-695f217d6bec,945fc345-4f69-482f-a52e-cb3a2638b8cc
c7a086d1-cd53-4914-94a1-cd2ed4001922,fe987366-a8ad-48fa-8821-73f54f6df180,ef761b2c-f5ff-5c14-9bc7-92dbaef027b9
c7a086d1-cd53-4914-94a1-cd2ed4001922,5fc998ef-6826-414c-8bfc-b2b9511f15a3,ea0ba378-6d29-46d8-84f2-6b14fca7bc16
c7a086d1-cd53-4914-94a1-cd2ed4001922,69b0e5b9-3be2-4ec3-a9a6-bb5b523d4b32,750120c8-1d4b-4fed-8908-ce14e30d3e15
c7a086d1-cd53-4914-94a1-cd2ed4001922,69b0e5b9-3be2-4ec3-a9a6-bb5b523d4b32,fcd7f192-b04e-4765-90cf-5cc4f6125619
c7a086d1-cd53-4914-94a1-cd2ed4001922,6dd0f2db-ff7b-4629-a113-c5f9e12699b1,8aeafec2-2834-4874-b2a8-25604b880440
c7a086d1-cd53-4914-94a1-cd2ed4001922,8130458f-ae96-4ab3-89b9-21f06a2aac78,a980b931-9769-4975-847a-5d81405b213b
c8b022fa-553f-45d5-a174-1525cb22f4b7,7e249a64-9f13-47d3-a232-562a3d080198,c37bb10c-96d3-5039-9612-6cd415ce6a23
c8b022fa-553f-45d5-a174-1525cb22f4b7,919a3f90-b681-422c-8481-fe313daa0044,bc4af104-7ac4-11f0-8000-bb3209de79c0
c8b022fa-553f-45d5-a174-1525cb22f4b7,972bdd5f-5f8c-42d1-a47f-1ac08d1da48e,da334c89-29ad-56a6-852b-1ab5940f21f6
c8b022fa-553f-45d5-a174-1525cb22f4b7,44ba72f7-f60a-4af8-b62b-7c6125e76cf2,cea3eb96-6086-417a-8659-59657ff22e84
c8b022fa-553f-45d5-a174-1525cb22f4b7,163a237b-c25f-4062-84ee-695f217d6bec,6f15b8dc-5f82-4e9a-89f3-f2a6953db72d
c8b022fa-553f-45d5-a174-1525cb22f4b7,fe987366-a8ad-48fa-8821-73f54f6df180,e082e298-1beb-50b1-92fd-0a1f26252198
c8b022fa-553f-45d5-a174-1525cb22f4b7,5fc998ef-6826-414c-8bfc-b2b9511f15a3,ea0ba378-6d29-46d8-84f2-6b14fca7bc16
c8b022fa-553f-45d5-a174-1525cb22f4b7,69b0e5b9-3be2-4ec3-a9a6-bb5b523d4b32,750120c8-1d4b-4fed-8908-ce14e30d3e15
c8b022fa-553f-45d5-a174-1525cb22f4b7,69b0e5b9-3be2-4ec3-a9a6-bb5b523d4b32,fcd7f192-b04e-4765-90cf-5cc4f6125619
c8b022fa-553f-45d5-a174-1525cb22f4b7,6dd0f2db-ff7b-4629-a113-c5f9e12699b1,8aeafec2-2834-4874-b2a8-25604b880440
c8b022fa-553f-45d5-a174-1525cb22f4b7,8130458f-ae96-4ab3-89b9-21f06a2aac78,a980b931-9769-4975-847a-5d81405b213b
cae19c6d-17bf-49c3-a847-f086b3c388b1,7e249a64-9f13-47d3-a232-562a3d080198,c37bb10c-96d3-5039-9612-6cd415ce6a23
cae19c6d-17bf-49c3-a847-f086b3c388b1,919a3f90-b681-422c-8481-fe313daa0044,bc5d4f07-7ac4-11f0-8000-bb3209de79c0
cae19c6d-17bf-49c3-a847-f086b3c388b1,972bdd5f-5f8c-42d1-a47f-1ac08d1da48e,da334c89-29ad-56a6-852b-1ab5940f21f6
cae19c6d-17bf-49c3-a847-f086b3c388b1,44ba72f7-f60a-4af8-b62b-7c6125e76cf2,cea3eb96-6086-417a-8659-59657ff22e84
cae19c6d-17bf-49c3-a847-f086b3c388b1,163a237b-c25f-4062-84ee-695f217d6bec,6f15b8dc-5f82-4e9a-89f3-f2a6953db72d
cae19c6d-17bf-49c3-a847-f086b3c388b1,fe987366-a8ad-48fa-8821-73f54f6df180,775bb797-2e65-5f4e-a8fc-f04eeaa792e0
cae19c6d-17bf-49c3-a847-f086b3c388b1,5fc998ef-6826-414c-8bfc-b2b9511f15a3,ea0ba378-6d29-46d8-84f2-6b14fca7bc16
cae19c6d-17bf-49c3-a847-f086b3c388b1,69b0e5b9-3be2-4ec3-a9a6-bb5b523d4b32,750120c8-1d4b-4fed-8908-ce14e30d3e15
cae19c6d-17bf-49c3-a847-f086b3c388b1,69b0e5b9-3be2-4ec3-a9a6-bb5b523d4b32,fcd7f192-b04e-4765-90cf-5cc4f6125619
cae19c6d-17bf-49c3-a847-f086b3c388b1,6dd0f2db-ff7b-4629-a113-c5f9e12699b1,8aeafec2-2834-4874-b2a8-25604b880440
cae19c6d-17bf-49c3-a847-f086b3c388b1,8130458f-ae96-4ab3-89b9-21f06a2aac78,a980b931-9769-4975-847a-5d81405b213b
cb05c4f0-ec43-4152-b6e8-11dbf4001c3f,7e249a64-9f13-47d3-a232-562a3d080198,c99d8861-1c48-5bde-96c3-c95dcb2419aa
cb05c4f0-ec43-4152-b6e8-11dbf4001c3f,919a3f90-b681-422c-8481-fe313daa0044,bd7b630f-7ac4-11f0-8000-bb3209de79c0
cb05c4f0-ec43-4152-b6e8-11dbf4001c3f,972bdd5f-5f8c-42d1-a47f-1ac08d1da48e,da334c89-29ad-56a6-852b-1ab5940f21f6
cb05c4f0-ec43-4152-b6e8-11dbf4001c3f,bc08b179-d6a6-4447-b3c7-80f456c9e990,a4549ab2-3393-472e-af18-aa5bc23f3b53
cb05c4f0-ec43-4152-b6e8-11dbf4001c3f,fe987366-a8ad-48fa-8821-73f54f6df180,65c556ef-9b5f-5be4-a901-02c531386efb
cb05c4f0-ec43-4152-b6e8-11dbf4001c3f,18144400-eceb-40bb-8b7d-a5f5941ef5e9,308c9c65-3cdd-4c5e-a9d1-2f3deb4697e3
cb05c4f0-ec43-4152-b6e8-11dbf4001c3f,69b0e5b9-3be2-4ec3-a9a6-bb5b523d4b32,c39b6637-1ae4-44ef-9838-13cb31a323ec
cb05c4f0-ec43-4152-b6e8-11dbf4001c3f,8c1273b9-049f-4372-a93d-55343b60f32e,8aeafec2-2834-4874-b2a8-25604b880440
cb05c4f0-ec43-4152-b6e8-11dbf4001c3f,ec24f103-2881-4a97-998a-1ab836896a5d,b25adc0f-99cc-4b53-ac0d-f1bd456f594f
cb05c4f0-ec43-4152-b6e8-11dbf4001c3f,ec24f103-2881-4a97-998a-1ab836896a5d,df610062-f7cb-4d7f-b254-fcfaadbdea70
cb05c4f0-ec43-4152-b6e8-11dbf4001c3f,69b0e5b9-3be2-4ec3-a9a6-bb5b523d4b32,6ccea3fd-df1b-4ce8-85c3-1387deedbbb4
cb05c4f0-ec43-4152-b6e8-11dbf4001c3f,e24858f8-1966-41e8-8e07-ccfe138c4757,3e19fe8f-b6e2-4c77-94c9-9f349e3bf429
cb05c4f0-ec43-4152-b6e8-11dbf4001c3f,8130458f-ae96-4ab3-89b9-21f06a2aac78,b2471599-92bc-494d-8108-6be9895128a7
cd99dcea-f1f6-421f-8df5-09569462e456,7e249a64-9f13-47d3-a232-562a3d080198,38b27976-0842-5f8f-a2e6-9718002b14ad
cd99dcea-f1f6-421f-8df5-09569462e456,919a3f90-b681-422c-8481-fe313daa0044,bd4a632e-7ac4-11f0-8000-bb3209de79c0
cd99dcea-f1f6-421f-8df5-09569462e456,972bdd5f-5f8c-42d1-a47f-1ac08d1da48e,da334c89-29ad-56a6-852b-1ab5940f21f6
cd99dcea-f1f6-421f-8df5-09569462e456,7c8701dc-318f-46a1-8bf3-94b88c4fb5ca,0708f596-2082-4e1d-bcb9-2d58c87a6b92
cd99dcea-f1f6-421f-8df5-09569462e456,fe987366-a8ad-48fa-8821-73f54f6df180,35a62ac5-d795-5015-aa85-53671432dde2
cd99dcea-f1f6-421f-8df5-09569462e456,6d5f5b75-da43-430e-97ac-6c40ed459808,3f57e952-a0fc-4936-aa87-ed31d6dff1fd
cd99dcea-f1f6-421f-8df5-09569462e456,0d2f36bd-93c6-4b17-a066-47242f6477ee,8aeafec2-2834-4874-b2a8-25604b880440
cd99dcea-f1f6-421f-8df5-09569462e456,c61d7746-0177-4e93-9e5e-c3d0053e9082,e1129000-bb2d-412e-a52a-b3b6968000bb
cd99dcea-f1f6-421f-8df5-09569462e456,69b0e5b9-3be2-4ec3-a9a6-bb5b523d4b32,338d45df-ba19-4abf-812e-2930d41e7bf7
cd99dcea-f1f6-421f-8df5-09569462e456,8130458f-ae96-4ab3-89b9-21f06a2aac78,5c790afa-c116-4721-8e7c-83624d1dd4bc
cea3eb96-6086-417a-8659-59657ff22e84,7e249a64-9f13-47d3-a232-562a3d080198,a445d29b-2ba7-5a46-8885-5a5d11680eba
cea3eb96-6086-417a-8659-59657ff22e84,919a3f90-b681-422c-8481-fe313daa0044,bc1ea0fd-7ac4-11f0-8000-bb3209de79c0
cea3eb96-6086-417a-8659-59657ff22e84,972bdd5f-5f8c-42d1-a47f-1ac08d1da48e,da334c89-29ad-56a6-852b-1ab5940f21f6
cea3eb96-6086-417a-8659-59657ff22e84,fe987366-a8ad-48fa-8821-73f54f6df180,883d8a00-e997-11eb-8000-bb3209de79c0
cea3eb96-6086-417a-8659-59657ff22e84,c2eb2a01-e85a-40d9-b0dd-550f6be14476,8aeafec2-2834-4874-b2a8-25604b880440
cea3eb96-6086-417a-8659-59657ff22e84,69b0e5b9-3be2-4ec3-a9a6-bb5b523d4b32,31c79380-d8c8-4304-bd35-6448e6378c41
cea3eb96-6086-417a-8659-59657ff22e84,8130458f-ae96-4ab3-89b9-21f06a2aac78,6bb0b0b6-41cd-4bb3-a0e8-d483b25f6cf1
cf09d17b-a8da-4ee9-9ee6-95c5dc85810f,7e249a64-9f13-47d3-a232-562a3d080198,85150212-a4ca-5b7f-93e5-befb0f9b7a58
cf09d17b-a8da-4ee9-9ee6-95c5dc85810f,919a3f90-b681-422c-8481-fe313daa0044,bcf76109-7ac4-11f0-8000-bb3209de79c0
cf09d17b-a8da-4ee9-9ee6-95c5dc85810f,972bdd5f-5f8c-42d1-a47f-1ac08d1da48e,da334c89-29ad-56a6-852b-1ab5940f21f6
cf09d17b-a8da-4ee9-9ee6-95c5dc85810f,1a18976a-3baf-4634-83b8-d94470937202,b51ed23e-6420-4d10-a327-7603ff8c7386
cf09d17b-a8da-4ee9-9ee6-95c5dc85810f,fe987366-a8ad-48fa-8821-73f54f6df180,2864d7ae-fe2f-50dd-b332-0bb66320b9c8
cf09d17b-a8da-4ee9-9ee6-95c5dc85810f,adb1c653-17d6-4e23-aeed-590290936c54,8b101cd4-ca61-4e38-8889-84470e890fc5
cf09d17b-a8da-4ee9-9ee6-95c5dc85810f,69b0e5b9-3be2-4ec3-a9a6-bb5b523d4b32,ad27f18d-99e2-4402-8803-4825e4a439c6
cf09d17b-a8da-4ee9-9ee6-95c5dc85810f,7e4651d9-7c1f-4dc1-b552-a24519d6c9fc,8aeafec2-2834-4874-b2a8-25604b880440
cf09d17b-a8da-4ee9-9ee6-95c5dc85810f,916616e1-d0e2-4190-a6bb-23ebf81bc5cf,f28d2a78-1539-43c8-9f03-2f372c2638b0
cf09d17b-a8da-4ee9-9ee6-95c5dc85810f,69b0e5b9-3be2-4ec3-a9a6-bb5b523d4b32,6304459d-bf6f-4e0d-90ed-ecfcf7c458e0
cf09d17b-a8da-4ee9-9ee6-95c5dc85810f,69b0e5b9-3be2-4ec3-a9a6-bb5b523d4b32,63ee151e-af0d-4dd7-a007-15706ba37820
cf09d17b-a8da-4ee9-9ee6-95c5dc85810f,8130458f-ae96-4ab3-89b9-21f06a2aac78,3603c6e0-605b-48a0-ad84-47c17d98bf6b
cfe1d713-0ffa-4ece-b723-7bf67ea98b34,7e249a64-9f13-47d3-a232-562a3d080198,a445d29b-2ba7-5a46-8885-5a5d11680eba
cfe1d713-0ffa-4ece-b723-7bf67ea98b34,919a3f90-b681-422c-8481-fe313daa0044,bd0eec78-7ac4-11f0-8000-bb3209de79c0
cfe1d713-0ffa-4ece-b723-7bf67ea98b34,972bdd5f-5f8c-42d1-a47f-1ac08d1da48e,da334c89-29ad-56a6-852b-1ab5940f21f6
cfe1d713-0ffa-4ece-b723-7bf67ea98b34,fe987366-a8ad-48fa-8821-73f54f6df180,0a94e400-a885-11ed-8000-bb3209de79c0
cfe1d713-0ffa-4ece-b723-7bf67ea98b34,c2eb2a01-e85a-40d9-b0dd-550f6be14476,8aeafec2-2834-4874-b2a8-25604b880440
cfe1d713-0ffa-4ece-b723-7bf67ea98b34,69b0e5b9-3be2-4ec3-a9a6-bb5b523d4b32,31c79380-d8c8-4304-bd35-6448e6378c41
cfe1d713-0ffa-4ece-b723-7bf67ea98b34,8130458f-ae96-4ab3-89b9-21f06a2aac78,6bb0b0b6-41cd-4bb3-a0e8-d483b25f6cf1
d00c0668-1ff0-43b5-8579-653606251fbb,7e249a64-9f13-47d3-a232-562a3d080198,c37bb10c-96d3-5039-9612-6cd415ce6a23
d00c0668-1ff0-43b5-8579-653606251fbb,919a3f90-b681-422c-8481-fe313daa0044,bcb40b15-7ac4-11f0-8000-bb3209de79c0
d00c0668-1ff0-43b5-8579-653606251fbb,972bdd5f-5f8c-42d1-a47f-1ac08d1da48e,da334c89-29ad-56a6-852b-1ab5940f21f6
d00c0668-1ff0-43b5-8579-653606251fbb,44ba72f7-f60a-4af8-b62b-7c6125e76cf2,efd37dc4-0be8-4f5d-a91e-b2c1cc24923e
d00c0668-1ff0-43b5-8579-653606251fbb,163a237b-c25f-4062-84ee-695f217d6bec,945fc345-4f69-482f-a52e-cb3a2638b8cc
d00c0668-1ff0-43b5-8579-653606251fbb,fe987366-a8ad-48fa-8821-73f54f6df180,35f3d693-e5f1-5b34-8798-c06b89592b61
d00c0668-1ff0-43b5-8579-653606251fbb,5fc998ef-6826-414c-8bfc-b2b9511f15a3,ea0ba378-6d29-46d8-84f2-6b14fca7bc16
d00c0668-1ff0-43b5-8579-653606251fbb,69b0e5b9-3be2-4ec3-a9a6-bb5b523d4b32,750120c8-1d4b-4fed-8908-ce14e30d3e15
d00c0668-1ff0-43b5-8579-653606251fbb,69b0e5b9-3be2-4ec3-a9a6-bb5b523d4b32,fcd7f192-b04e-4765-90cf-5cc4f6125619
d00c0668-1ff0-43b5-8579-653606251fbb,6dd0f2db-ff7b-4629-a113-c5f9e12699b1,8aeafec2-2834-4874-b2a8-25604b880440
d00c0668-1ff0-43b5-8579-653606251fbb,8130458f-ae96-4ab3-89b9-21f06a2aac78,a980b931-9769-4975-847a-5d81405b213b
d4112a6e-d9d7-444f-846e-c037f21a1d8e,7e249a64-9f13-47d3-a232-562a3d080198,c99d8861-1c48-5bde-96c3-c95dcb2419aa
d4112a6e-d9d7-444f-846e-c037f21a1d8e,919a3f90-b681-422c-8481-fe313daa0044,bd878f10-7ac4-11f0-8000-bb3209de79c0
d4112a6e-d9d7-444f-846e-c037f21a1d8e,972bdd5f-5f8c-42d1-a47f-1ac08d1da48e,da334c89-29ad-56a6-852b-1ab5940f21f6
d4112a6e-d9d7-444f-846e-c037f21a1d8e,bc08b179-d6a6-4447-b3c7-80f456c9e990,287328a0-67c3-453e-969b-b978073592ba
d4112a6e-d9d7-444f-846e-c037f21a1d8e,fe987366-a8ad-48fa-8821-73f54f6df180,5ae6da7e-14de-5f5b-b093-cc5c0610dca5
d4112a6e-d9d7-444f-846e-c037f21a1d8e,18144400-eceb-40bb-8b7d-a5f5941ef5e9,369adb79-a85a-408a-b259-1dadac3f9992
d4112a6e-d9d7-444f-846e-c037f21a1d8e,69b0e5b9-3be2-4ec3-a9a6-bb5b523d4b32,77d4fc38-3fe8-4f50-87d8-599c77ab880d
d4112a6e-d9d7-444f-846e-c037f21a1d8e,8c1273b9-049f-4372-a93d-55343b60f32e,8aeafec2-2834-4874-b2a8-25604b880440
d4112a6e-d9d7-444f-846e-c037f21a1d8e,ec24f103-2881-4a97-998a-1ab836896a5d,de260522-ef08-4db3-9fef-a9390367c964
d4112a6e-d9d7-444f-846e-c037f21a1d8e,ec24f103-2881-4a97-998a-1ab836896a5d,bbed84a4-2821-4338-9814-c1f2a19c33bd
d4112a6e-d9d7-444f-846e-c037f21a1d8e,69b0e5b9-3be2-4ec3-a9a6-bb5b523d4b32,c3937857-bb3f-478b-9701-41b1c34dcc44
d4112a6e-d9d7-444f-846e-c037f21a1d8e,e24858f8-1966-41e8-8e07-ccfe138c4757,99e6626b-e1c8-430b-a3ac-cebf860ab8a5
d4112a6e-d9d7-444f-846e-c037f21a1d8e,8130458f-ae96-4ab3-89b9-21f06a2aac78,b2471599-92bc-494d-8108-6be9895128a7
d7d595fd-c6c0-4266-bd2b-11d0598b8db6,7e249a64-9f13-47d3-a232-562a3d080198,c37bb10c-96d3-5039-9612-6cd415ce6a23
d7d595fd-c6c0-4266-bd2b-11d0598b8db6,919a3f90-b681-422c-8481-fe313daa0044,bca46c17-7ac4-11f0-8000-bb3209de79c0
d7d595fd-c6c0-4266-bd2b-11d0598b8db6,972bdd5f-5f8c-42d1-a47f-1ac08d1da48e,da334c89-29ad-56a6-852b-1ab5940f21f6
d7d595fd-c6c0-4266-bd2b-11d0598b8db6,44ba72f7-f60a-4af8-b62b-7c6125e76cf2,efd37dc4-0be8-4f5d-a91e-b2c1cc24923e
d7d595fd-c6c0-4266-bd2b-11d0598b8db6,163a237b-c25f-4062-84ee-695f217d6bec,945fc345-4f69-482f-a52e-cb3a2638b8cc
d7d595fd-c6c0-4266-bd2b-11d0598b8db6,fe987366-a8ad-48fa-8821-73f54f6df180,9e05cd66-ad1e-5fa0-b6cd-98aa65785066
d7d595fd-c6c0-4266-bd2b-11d0598b8db6,5fc998ef-6826-414c-8bfc-b2b9511f15a3,ea0ba378-6d29-46d8-84f2-6b14fca7bc16
d7d595fd-c6c0-4266-bd2b-11d0598b8db6,69b0e5b9-3be2-4ec3-a9a6-bb5b523d4b32,750120c8-1d4b-4fed-8908-ce14e30d3e15
d7d595fd-c6c0-4266-bd2b-11d0598b8db6,69b0e5b9-3be2-4ec3-a9a6-bb5b523d4b32,fcd7f192-b04e-4765-90cf-5cc4f6125619
d7d595fd-c6c0-4266-bd2b-11d0598b8db6,6dd0f2db-ff7b-4629-a113-c5f9e12699b1,8aeafec2-2834-4874-b2a8-25604b880440
d7d595fd-c6c0-4266-bd2b-11d0598b8db6,8130458f-ae96-4ab3-89b9-21f06a2aac78,a980b931-9769-4975-847a-5d81405b213b
d8b3847d-f988-4d3b-a7dd-eb05d0b28f72,7e249a64-9f13-47d3-a232-562a3d080198,85150212-a4ca-5b7f-93e5-befb0f9b7a58
d8b3847d-f988-4d3b-a7dd-eb05d0b28f72,919a3f90-b681-422c-8481-fe313daa0044,bd026e72-7ac4-11f0-8000-bb3209de79c0
d8b3847d-f988-4d3b-a7dd-eb05d0b28f72,972bdd5f-5f8c-42d1-a47f-1ac08d1da48e,da334c89-29ad-56a6-852b-1ab5940f21f6
d8b3847d-f988-4d3b-a7dd-eb05d0b28f72,1a18976a-3baf-4634-83b8-d94470937202,b51ed23e-6420-4d10-a327-7603ff8c7386
d8b3847d-f988-4d3b-a7dd-eb05d0b28f72,fe987366-a8ad-48fa-8821-73f54f6df180,a8bce88a-9930-55fb-99b5-e5617b205abc
d8b3847d-f988-4d3b-a7dd-eb05d0b28f72,adb1c653-17d6-4e23-aeed-590290936c54,8b101cd4-ca61-4e38-8889-84470e890fc5
d8b3847d-f988-4d3b-a7dd-eb05d0b28f72,69b0e5b9-3be2-4ec3-a9a6-bb5b523d4b32,ad27f18d-99e2-4402-8803-4825e4a439c6
d8b3847d-f988-4d3b-a7dd-eb05d0b28f72,7e4651d9-7c1f-4dc1-b552-a24519d6c9fc,8aeafec2-2834-4874-b2a8-25604b880440
d8b3847d-f988-4d3b-a7dd-eb05d0b28f72,916616e1-d0e2-4190-a6bb-23ebf81bc5cf,cf09d17b-a8da-4ee9-9ee6-95c5dc85810f
d8b3847d-f988-4d3b-a7dd-eb05d0b28f72,8130458f-ae96-4ab3-89b9-21f06a2aac78,3603c6e0-605b-48a0-ad84-47c17d98bf6b
d8f3b730-564b-40c8-94d4-c9440ef7d570,7e249a64-9f13-47d3-a232-562a3d080198,a38a618d-86f2-52ee-abf2-03feefe10c7d
d8f3b730-564b-40c8-94d4-c9440ef7d570,919a3f90-b681-422c-8481-fe313daa0044,bd0f2850-7ac4-11f0-8000-bb3209de79c0
d8f3b730-564b-40c8-94d4-c9440ef7d570,972bdd5f-5f8c-42d1-a47f-1ac08d1da48e,da334c89-29ad-56a6-852b-1ab5940f21f6
d8f3b730-564b-40c8-94d4-c9440ef7d570,2091792b-0112-4059-923a-456ab16702da,0199425b-9e4b-42e2-ab2c-fa49e43f5c36
d8f3b730-564b-40c8-94d4-c9440ef7d570,fe987366-a8ad-48fa-8821-73f54f6df180,6f9de1f9-0e92-58ef-bee2-4ad49225a899
d8f3b730-564b-40c8-94d4-c9440ef7d570,a86d73d2-ad7e-4db8-966f-46848dc8cb40,cfe1d713-0ffa-4ece-b723-7bf67ea98b34
d8f3b730-564b-40c8-94d4-c9440ef7d570,69b0e5b9-3be2-4ec3-a9a6-bb5b523d4b32,db8916a6-ae5f-4a37-a816-ea813da7715d
d8f3b730-564b-40c8-94d4-c9440ef7d570,98f87087-8958-40d0-9d26-7234b0c65825,8aeafec2-2834-4874-b2a8-25604b880440
d8f3b730-564b-40c8-94d4-c9440ef7d570,bf7c7e55-9543-4496-9ac8-b80a582d7290,f28d2a78-1539-43c8-9f03-2f372c2638b0
d8f3b730-564b-40c8-94d4-c9440ef7d570,69b0e5b9-3be2-4ec3-a9a6-bb5b523d4b32,2f476d95-7185-4b13-aa15-e50d42203f8b
d8f3b730-564b-40c8-94d4-c9440ef7d570,5a5c0f42-84e9-45b4-a84a-a0853d35d9dd,4785c2c9-0b88-403d-a736-dfc77ecb0a64
d8f3b730-564b-40c8-94d4-c9440ef7d570,8130458f-ae96-4ab3-89b9-21f06a2aac78,f9d69eb8-9ab7-44da-b9d0-8256de2b4497
dda8d9a9-f679-4fb0-a322-c5da02f80550,7e249a64-9f13-47d3-a232-562a3d080198,94a67c11-7e60-5557-8a7c-3fb7883d3b9a
dda8d9a9-f679-4fb0-a322-c5da02f80550,919a3f90-b681-422c-8481-fe313daa0044,bd51f9cf-7ac4-11f0-8000-bb3209de79c0
dda8d9a9-f679-4fb0-a322-c5da02f80550,972bdd5f-5f8c-42d1-a47f-1ac08d1da48e,da334c89-29ad-56a6-852b-1ab5940f21f6
dda8d9a9-f679-4fb0-a322-c5da02f80550,88a0ff67-682f-4e5c-ac5f-055b3595864d,0708f596-2082-4e1d-bcb9-2d58c87a6b92
dda8d9a9-f679-4fb0-a322-c5da02f80550,fe987366-a8ad-48fa-8821-73f54f6df180,bb287429-9694-59e4-b750-f28b800dcbd4
dda8d9a9-f679-4fb0-a322-c5da02f80550,aa0b457e-7310-443b-8c3a-b990b50bda8a,3f57e952-a0fc-4936-aa87-ed31d6dff1fd
dda8d9a9-f679-4fb0-a322-c5da02f80550,f4063f4b-8ae5-428d-bb90-fbf41629f765,8aeafec2-2834-4874-b2a8-25604b880440
dda8d9a9-f679-4fb0-a322-c5da02f80550,69b0e5b9-3be2-4ec3-a9a6-bb5b523d4b32,5d372230-d516-45bd-94f4-0064f09f1f67
dda8d9a9-f679-4fb0-a322-c5da02f80550,20e0f8a8-7527-47d6-9755-402851231b9f,c6169eb7-c4ae-4dd3-a2d8-1387dea711dc
dda8d9a9-f679-4fb0-a322-c5da02f80550,69b0e5b9-3be2-4ec3-a9a6-bb5b523d4b32,ef903dd2-9f48-5fc7-a04c-b04b321c780f
dda8d9a9-f679-4fb0-a322-c5da02f80550,8130458f-ae96-4ab3-89b9-21f06a2aac78,4e292a65-9a0d-4bfa-9e4f-16ae238c2627
de260522-ef08-4db3-9fef-a9390367c964,7e249a64-9f13-47d3-a232-562a3d080198,94a67c11-7e60-5557-8a7c-3fb7883d3b9a
de260522-ef08-4db3-9fef-a9390367c964,919a3f90-b681-422c-8481-fe313daa0044,bd878fcd-7ac4-11f0-8000-bb3209de79c0
de260522-ef08-4db3-9fef-a9390367c964,972bdd5f-5f8c-42d1-a47f-1ac08d1da48e,da334c89-29ad-56a6-852b-1ab5940f21f6
de260522-ef08-4db3-9fef-a9390367c964,88a0ff67-682f-4e5c-ac5f-055b3595864d,287328a0-67c3-453e-969b-b978073592ba
de260522-ef08-4db3-9fef-a9390367c964,fe987366-a8ad-48fa-8821-73f54f6df180,2e269236-d31d-5db3-80ff-fa7d28fe3c63
de260522-ef08-4db3-9fef-a9390367c964,aa0b457e-7310-443b-8c3a-b990b50bda8a,369adb79-a85a-408a-b259-1dadac3f9992
de260522-ef08-4db3-9fef-a9390367c964,f4063f4b-8ae5-428d-bb90-fbf41629f765,8aeafec2-2834-4874-b2a8-25604b880440
de260522-ef08-4db3-9fef-a9390367c964,69b0e5b9-3be2-4ec3-a9a6-bb5b523d4b32,518f088d-1e08-4ee9-bada-620d0b8d069d
de260522-ef08-4db3-9fef-a9390367c964,20e0f8a8-7527-47d6-9755-402851231b9f,d4112a6e-d9d7-444f-846e-c037f21a1d8e
de260522-ef08-4db3-9fef-a9390367c964,69b0e5b9-3be2-4ec3-a9a6-bb5b523d4b32,677ebc38-d815-5a8e-bfbb-c4d44ee4158e
de260522-ef08-4db3-9fef-a9390367c964,8130458f-ae96-4ab3-89b9-21f06a2aac78,4e292a65-9a0d-4bfa-9e4f-16ae238c2627
df610062-f7cb-4d7f-b254-fcfaadbdea70,7e249a64-9f13-47d3-a232-562a3d080198,94a67c11-7e60-5557-8a7c-3fb7883d3b9a
df610062-f7cb-4d7f-b254-fcfaadbdea70,919a3f90-b681-422c-8481-fe313daa0044,bd7b6437-7ac4-11f0-8000-bb3209de79c0
df610062-f7cb-4d7f-b254-fcfaadbdea70,972bdd5f-5f8c-42d1-a47f-1ac08d1da48e,da334c89-29ad-56a6-852b-1ab5940f21f6
df610062-f7cb-4d7f-b254-fcfaadbdea70,88a0ff67-682f-4e5c-ac5f-055b3595864d,a4549ab2-3393-472e-af18-aa5bc23f3b53
df610062-f7cb-4d7f-b254-fcfaadbdea70,fe987366-a8ad-48fa-8821-73f54f6df180,dfd9b784-55eb-5a14-b5e2-7216e8ace07e
df610062-f7cb-4d7f-b254-fcfaadbdea70,aa0b457e-7310-443b-8c3a-b990b50bda8a,308c9c65-3cdd-4c5e-a9d1-2f3deb4697e3
df610062-f7cb-4d7f-b254-fcfaadbdea70,f4063f4b-8ae5-428d-bb90-fbf41629f765,8aeafec2-2834-4874-b2a8-25604b880440
df610062-f7cb-4d7f-b254-fcfaadbdea70,69b0e5b9-3be2-4ec3-a9a6-bb5b523d4b32,f8daaca3-c180-4b35-ab4c-85612ef66dcf
df610062-f7cb-4d7f-b254-fcfaadbdea70,20e0f8a8-7527-47d6-9755-402851231b9f,cb05c4f0-ec43-4152-b6e8-11dbf4001c3f
df610062-f7cb-4d7f-b254-fcfaadbdea70,69b0e5b9-3be2-4ec3-a9a6-bb5b523d4b32,4acfe969-d12a-56ae-b8e3-55114ebcd3d1
df610062-f7cb-4d7f-b254-fcfaadbdea70,8130458f-ae96-4ab3-89b9-21f06a2aac78,4e292a65-9a0d-4bfa-9e4f-16ae238c2627
e1129000-bb2d-412e-a52a-b3b6968000bb,7e249a64-9f13-47d3-a232-562a3d080198,fa02ca91-ae28-5513-bdae-4bc44229b991
e1129000-bb2d-412e-a52a-b3b6968000bb,919a3f90-b681-422c-8481-fe313daa0044,bbf0004e-7ac4-11f0-8000-bb3209de79c0
e1129000-bb2d-412e-a52a-b3b6968000bb,972bdd5f-5f8c-42d1-a47f-1ac08d1da48e,da334c89-29ad-56a6-852b-1ab5940f21f6
e1129000-bb2d-412e-a52a-b3b6968000bb,55ca955b-c202-4f5c-9e38-04828d571761,8ffa1546-7451-4bf8-a608-51f1daf0080f
e1129000-bb2d-412e-a52a-b3b6968000bb,fe987366-a8ad-48fa-8821-73f54f6df180,51978147-23c7-5d8b-a437-fb3d8decbcab
e1129000-bb2d-412e-a52a-b3b6968000bb,f54b6340-1a97-4101-b7d9-0ae727796730,a871822b-2505-475a-bb4d-ace0588ebb35
e1129000-bb2d-412e-a52a-b3b6968000bb,69b0e5b9-3be2-4ec3-a9a6-bb5b523d4b32,8c1d6f78-392e-45a6-829d-056e4b796b0b
e1129000-bb2d-412e-a52a-b3b6968000bb,69b0e5b9-3be2-4ec3-a9a6-bb5b523d4b32,0691e1fe-8efe-41fa-9a0c-dae409285e7d
e1129000-bb2d-412e-a52a-b3b6968000bb,5ee256b3-5cbe-4e46-a8d2-badc6fad59b6,8aeafec2-2834-4874-b2a8-25604b880440
e1129000-bb2d-412e-a52a-b3b6968000bb,8130458f-ae96-4ab3-89b9-21f06a2aac78,dabf85cb-c1e7-489b-aa66-0572dd1bd1dd
ea0ba378-6d29-46d8-84f2-6b14fca7bc16,7e249a64-9f13-47d3-a232-562a3d080198,a445d29b-2ba7-5a46-8885-5a5d11680eba
ea0ba378-6d29-46d8-84f2-6b14fca7bc16,919a3f90-b681-422c-8481-fe313daa0044,bc204871-7ac4-11f0-8000-bb3209de79c0
ea0ba378-6d29-46d8-84f2-6b14fca7bc16,972bdd5f-5f8c-42d1-a47f-1ac08d1da48e,da334c89-29ad-56a6-852b-1ab5940f21f6
ea0ba378-6d29-46d8-84f2-6b14fca7bc16,fe987366-a8ad-48fa-8821-73f54f6df180,127b9280-f41b-11f3-8000-bb3209de79c0
ea0ba378-6d29-46d8-84f2-6b14fca7bc16,c2eb2a01-e85a-40d9-b0dd-550f6be14476,8aeafec2-2834-4874-b2a8-25604b880440
ea0ba378-6d29-46d8-84f2-6b14fca7bc16,69b0e5b9-3be2-4ec3-a9a6-bb5b523d4b32,31c79380-d8c8-4304-bd35-6448e6378c41
ea0ba378-6d29-46d8-84f2-6b14fca7bc16,8130458f-ae96-4ab3-89b9-21f06a2aac78,6bb0b0b6-41cd-4bb3-a0e8-d483b25f6cf1
eb6018d2-5cab-4245-952d-37adab74673d,7e249a64-9f13-47d3-a232-562a3d080198,c37bb10c-96d3-5039-9612-6cd415ce6a23
eb6018d2-5cab-4245-952d-37adab74673d,919a3f90-b681-422c-8481-fe313daa0044,bc39ec05-7ac4-11f0-8000-bb3209de79c0
eb6018d2-5cab-4245-952d-37adab74673d,972bdd5f-5f8c-42d1-a47f-1ac08d1da48e,da334c89-29ad-56a6-852b-1ab5940f21f6
eb6018d2-5cab-4245-952d-37adab74673d,44ba72f7-f60a-4af8-b62b-7c6125e76cf2,cea3eb96-6086-417a-8659-59657ff22e84
eb6018d2-5cab-4245-952d-37adab74673d,163a237b-c25f-4062-84ee-695f217d6bec,6f15b8dc-5f82-4e9a-89f3-f2a6953db72d
eb6018d2-5cab-4245-952d-37adab74673d,fe987366-a8ad-48fa-8821-73f54f6df180,fc987cd4-e5e3-5277-bff9-4826c717120b
eb6018d2-5cab-4245-952d-37adab74673d,5fc998ef-6826-414c-8bfc-b2b9511f15a3,ea0ba378-6d29-46d8-84f2-6b14fca7bc16
eb6018d2-5cab-4245-952d-37adab74673d,69b0e5b9-3be2-4ec3-a9a6-bb5b523d4b32,750120c8-1d4b-4fed-8908-ce14e30d3e15
eb6018d2-5cab-4245-952d-37adab74673d,69b0e5b9-3be2-4ec3-a9a6-bb5b523d4b32,fcd7f192-b04e-4765-90cf-5cc4f6125619
eb6018d2-5cab-4245-952d-37adab74673d,6dd0f2db-ff7b-4629-a113-c5f9e12699b1,8aeafec2-2834-4874-b2a8-25604b880440
eb6018d2-5cab-4245-952d-37adab74673d,8130458f-ae96-4ab3-89b9-21f06a2aac78,a980b931-9769-4975-847a-5d81405b213b
efd37dc4-0be8-4f5d-a91e-b2c1cc24923e,7e249a64-9f13-47d3-a232-562a3d080198,a445d29b-2ba7-5a46-8885-5a5d11680eba
efd37dc4-0be8-4f5d-a91e-b2c1cc24923e,919a3f90-b681-422c-8481-fe313daa0044,bc7ca841-7ac4-11f0-8000-bb3209de79c0
efd37dc4-0be8-4f5d-a91e-b2c1cc24923e,972bdd5f-5f8c-42d1-a47f-1ac08d1da48e,da334c89-29ad-56a6-852b-1ab5940f21f6
efd37dc4-0be8-4f5d-a91e-b2c1cc24923e,fe987366-a8ad-48fa-8821-73f54f6df180,8d9ad480-e997-11eb-8000-bb3209de79c0
efd37dc4-0be8-4f5d-a91e-b2c1cc24923e,c2eb2a01-e85a-40d9-b0dd-550f6be14476,8aeafec2-2834-4874-b2a8-25604b880440
efd37dc4-0be8-4f5d-a91e-b2c1cc24923e,69b0e5b9-3be2-4ec3-a9a6-bb5b523d4b32,31c79380-d8c8-4304-bd35-6448e6378c41
efd37dc4-0be8-4f5d-a91e-b2c1cc24923e,8130458f-ae96-4ab3-89b9-21f06a2aac78,6bb0b0b6-41cd-4bb3-a0e8-d483b25f6cf1
f0183308-fc64-4c50-bd2c-79d167df1f15,7e249a64-9f13-47d3-a232-562a3d080198,c37bb10c-96d3-5039-9612-6cd415ce6a23
f0183308-fc64-4c50-bd2c-79d167df1f15,919a3f90-b681-422c-8481-fe313daa0044,bc557974-7ac4-11f0-8000-bb3209de79c0
f0183308-fc64-4c50-bd2c-79d167df1f15,972bdd5f-5f8c-42d1-a47f-1ac08d1da48e,da334c89-29ad-56a6-852b-1ab5940f21f6
f0183308-fc64-4c50-bd2c-79d167df1f15,44ba72f7-f60a-4af8-b62b-7c6125e76cf2,cea3eb96-6086-417a-8659-59657ff22e84
f0183308-fc64-4c50-bd2c-79d167df1f15,163a237b-c25f-4062-84ee-695f217d6bec,6f15b8dc-5f82-4e9a-89f3-f2a6953db72d
f0183308-fc64-4c50-bd2c-79d167df1f15,fe987366-a8ad-48fa-8821-73f54f6df180,9a7c7a4b-ce48-5c69-9c89-356779bfbeab
f0183308-fc64-4c50-bd2c-79d167df1f15,5fc998ef-6826-414c-8bfc-b2b9511f15a3,ea0ba378-6d29-46d8-84f2-6b14fca7bc16
f0183308-fc64-4c50-bd2c-79d167df1f15,69b0e5b9-3be2-4ec3-a9a6-bb5b523d4b32,750120c8-1d4b-4fed-8908-ce14e30d3e15
f0183308-fc64-4c50-bd2c-79d167df1f15,69b0e5b9-3be2-4ec3-a9a6-bb5b523d4b32,fcd7f192-b04e-4765-90cf-5cc4f6125619
f0183308-fc64-4c50-bd2c-79d167df1f15,6dd0f2db-ff7b-4629-a113-c5f9e12699b1,8aeafec2-2834-4874-b2a8-25604b880440
f0183308-fc64-4c50-bd2c-79d167df1f15,8130458f-ae96-4ab3-89b9-21f06a2aac78,a980b931-9769-4975-847a-5d81405b213b
f28d2a78-1539-43c8-9f03-2f372c2638b0,7e249a64-9f13-47d3-a232-562a3d080198,5f9589c3-555e-588b-9761-5b468ad3838d
f28d2a78-1539-43c8-9f03-2f372c2638b0,919a3f90-b681-422c-8481-fe313daa0044,bcf3a1d3-7ac4-11f0-8000-bb3209de79c0
f28d2a78-1539-43c8-9f03-2f372c2638b0,972bdd5f-5f8c-42d1-a47f-1ac08d1da48e,da334c89-29ad-56a6-852b-1ab5940f21f6
f28d2a78-1539-43c8-9f03-2f372c2638b0,d5dd9fd5-bdd9-4919-a98d-9a272ccec39d,b51ed23e-6420-4d10-a327-7603ff8c7386
f28d2a78-1539-43c8-9f03-2f372c2638b0,fe987366-a8ad-48fa-8821-73f54f6df180,692f081e-a692-5666-a132-18025d7a3d4b
f28d2a78-1539-43c8-9f03-2f372c2638b0,d8572331-a2cc-4165-8817-17d8abb9a648,8b101cd4-ca61-4e38-8889-84470e890fc5
f28d2a78-1539-43c8-9f03-2f372c2638b0,69b0e5b9-3be2-4ec3-a9a6-bb5b523d4b32,2d73b0da-968b-43bc-ac7e-3604fe6cf514
f28d2a78-1539-43c8-9f03-2f372c2638b0,733bdff0-3f5a-4814-8494-40de5b02567a,8aeafec2-2834-4874-b2a8-25604b880440
f28d2a78-1539-43c8-9f03-2f372c2638b0,8130458f-ae96-4ab3-89b9-21f06a2aac78,130e95f1-ebc4-46f1-90ba-3f9fa21cb77b
f46fa766-aaa8-41e9-b964-1145d4c44707,7e249a64-9f13-47d3-a232-562a3d080198,c37bb10c-96d3-5039-9612-6cd415ce6a23
f46fa766-aaa8-41e9-b964-1145d4c44707,919a3f90-b681-422c-8481-fe313daa0044,bc66f2d5-7ac4-11f0-8000-bb3209de79c0
f46fa766-aaa8-41e9-b964-1145d4c44707,972bdd5f-5f8c-42d1-a47f-1ac08d1da48e,da334c89-29ad-56a6-852b-1ab5940f21f6
f46fa766-aaa8-41e9-b964-1145d4c44707,44ba72f7-f60a-4af8-b62b-7c6125e76cf2,cea3eb96-6086-417a-8659-59657ff22e84
f46fa766-aaa8-41e9-b964-1145d4c44707,163a237b-c25f-4062-84ee-695f217d6bec,6f15b8dc-5f82-4e9a-89f3-f2a6953db72d
f46fa766-aaa8-41e9-b964-1145d4c44707,fe987366-a8ad-48fa-8821-73f54f6df180,b0a81a2d-39cb-55a0-8ca9-1ec327d29a9d
f46fa766-aaa8-41e9-b964-1145d4c44707,5fc998ef-6826-414c-8bfc-b2b9511f15a3,ea0ba378-6d29-46d8-84f2-6b14fca7bc16
f46fa766-aaa8-41e9-b964-1145d4c44707,69b0e5b9-3be2-4ec3-a9a6-bb5b523d4b32,750120c8-1d4b-4fed-8908-ce14e30d3e15
f46fa766-aaa8-41e9-b964-1145d4c44707,69b0e5b9-3be2-4ec3-a9a6-bb5b523d4b32,fcd7f192-b04e-4765-90cf-5cc4f6125619
f46fa766-aaa8-41e9-b964-1145d4c44707,6dd0f2db-ff7b-4629-a113-c5f9e12699b1,8aeafec2-2834-4874-b2a8-25604b880440
f46fa766-aaa8-41e9-b964-1145d4c44707,8130458f-ae96-4ab3-89b9-21f06a2aac78,a980b931-9769-4975-847a-5d81405b213b
f7bf2d73-8de9-490c-9b94-abe45d30bac3,7e249a64-9f13-47d3-a232-562a3d080198,c37bb10c-96d3-5039-9612-6cd415ce6a23
f7bf2d73-8de9-490c-9b94-abe45d30bac3,919a3f90-b681-422c-8481-fe313daa0044,bc324631-7ac4-11f0-8000-bb3209de79c0
f7bf2d73-8de9-490c-9b94-abe45d30bac3,972bdd5f-5f8c-42d1-a47f-1ac08d1da48e,da334c89-29ad-56a6-852b-1ab5940f21f6
f7bf2d73-8de9-490c-9b94-abe45d30bac3,44ba72f7-f60a-4af8-b62b-7c6125e76cf2,cea3eb96-6086-417a-8659-59657ff22e84
f7bf2d73-8de9-490c-9b94-abe45d30bac3,163a237b-c25f-4062-84ee-695f217d6bec,6f15b8dc-5f82-4e9a-89f3-f2a6953db72d
f7bf2d73-8de9-490c-9b94-abe45d30bac3,fe987366-a8ad-48fa-8821-73f54f6df180,20cb34f5-8c4e-5e37-be9e-81a189218292
f7bf2d73-8de9-490c-9b94-abe45d30bac3,5fc998ef-6826-414c-8bfc-b2b9511f15a3,ea0ba378-6d29-46d8-84f2-6b14fca7bc16
f7bf2d73-8de9-490c-9b94-abe45d30bac3,69b0e5b9-3be2-4ec3-a9a6-bb5b523d4b32,750120c8-1d4b-4fed-8908-ce14e30d3e15
f7bf2d73-8de9-490c-9b94-abe45d30bac3,69b0e5b9-3be2-4ec3-a9a6-bb5b523d4b32,fcd7f192-b04e-4765-90cf-5cc4f6125619
f7bf2d73-8de9-490c-9b94-abe45d30bac3,6dd0f2db-ff7b-4629-a113-c5f9e12699b1,8aeafec2-2834-4874-b2a8-25604b880440
f7bf2d73-8de9-490c-9b94-abe45d30bac3,8130458f-ae96-4ab3-89b9-21f06a2aac78,a980b931-9769-4975-847a-5d81405b213b
f88f8cf6-ebcc-4abb-9a82-12eb573fc1d1,7e249a64-9f13-47d3-a232-562a3d080198,a38a618d-86f2-52ee-abf2-03feefe10c7d
f88f8cf6-ebcc-4abb-9a82-12eb573fc1d1,919a3f90-b681-422c-8481-fe313daa0044,bd93aae3-7ac4-11f0-8000-bb3209de79c0
f88f8cf6-ebcc-4abb-9a82-12eb573fc1d1,972bdd5f-5f8c-42d1-a47f-1ac08d1da48e,da334c89-29ad-56a6-852b-1ab5940f21f6
f88f8cf6-ebcc-4abb-9a82-12eb573fc1d1,2091792b-0112-4059-923a-456ab16702da,287328a0-67c3-453e-969b-b978073592ba
f88f8cf6-ebcc-4abb-9a82-12eb573fc1d1,fe987366-a8ad-48fa-8821-73f54f6df180,fee4bdd6-5947-5726-90a7-0de4632884f9
f88f8cf6-ebcc-4abb-9a82-12eb573fc1d1,a86d73d2-ad7e-4db8-966f-46848dc8cb40,369adb79-a85a-408a-b259-1dadac3f9992
f88f8cf6-ebcc-4abb-9a82-12eb573fc1d1,69b0e5b9-3be2-4ec3-a9a6-bb5b523d4b32,7ff9e52f-bcb2-4070-bfce-e4fdd643cee4
f88f8cf6-ebcc-4abb-9a82-12eb573fc1d1,98f87087-8958-40d0-9d26-7234b0c65825,8aeafec2-2834-4874-b2a8-25604b880440
f88f8cf6-ebcc-4abb-9a82-12eb573fc1d1,bf7c7e55-9543-4496-9ac8-b80a582d7290,6daf61ac-ecdd-4a1a-b356-30bb63becb95
f88f8cf6-ebcc-4abb-9a82-12eb573fc1d1,69b0e5b9-3be2-4ec3-a9a6-bb5b523d4b32,c6f51ca5-f12e-4519-8aaa-d52298bdd431
f88f8cf6-ebcc-4abb-9a82-12eb573fc1d1,5a5c0f42-84e9-45b4-a84a-a0853d35d9dd,749a1fb2-c396-48b3-8b7f-7a55ebdfb191
f88f8cf6-ebcc-4abb-9a82-12eb573fc1d1,8130458f-ae96-4ab3-89b9-21f06a2aac78,f9d69eb8-9ab7-44da-b9d0-8256de2b4497
f8bfd149-33e9-4adc-a4a6-c2dbd6f1bd07,7e249a64-9f13-47d3-a232-562a3d080198,a445d29b-2ba7-5a46-8885-5a5d11680eba
f8bfd149-33e9-4adc-a4a6-c2dbd6f1bd07,919a3f90-b681-422c-8481-fe313daa0044,bd2d72b1-7ac4-11f0-8000-bb3209de79c0
f8bfd149-33e9-4adc-a4a6-c2dbd6f1bd07,972bdd5f-5f8c-42d1-a47f-1ac08d1da48e,da334c89-29ad-56a6-852b-1ab5940f21f6
f8bfd149-33e9-4adc-a4a6-c2dbd6f1bd07,fe987366-a8ad-48fa-8821-73f54f6df180,192c0a00-41c6-11ed-8000-bb3209de79c0
f8bfd149-33e9-4adc-a4a6-c2dbd6f1bd07,c2eb2a01-e85a-40d9-b0dd-550f6be14476,8aeafec2-2834-4874-b2a8-25604b880440
f8bfd149-33e9-4adc-a4a6-c2dbd6f1bd07,69b0e5b9-3be2-4ec3-a9a6-bb5b523d4b32,31c79380-d8c8-4304-bd35-6448e6378c41
f8bfd149-33e9-4adc-a4a6-c2dbd6f1bd07,8130458f-ae96-4ab3-89b9-21f06a2aac78,6bb0b0b6-41cd-4bb3-a0e8-d483b25f6cf1
f8d5c8ba-a1ad-401c-888c-552b486e7b56,7e249a64-9f13-47d3-a232-562a3d080198,c37bb10c-96d3-5039-9612-6cd415ce6a23
f8d5c8ba-a1ad-401c-888c-552b486e7b56,919a3f90-b681-422c-8481-fe313daa0044,bcb6737b-7ac4-11f0-8000-bb3209de79c0
f8d5c8ba-a1ad-401c-888c-552b486e7b56,972bdd5f-5f8c-42d1-a47f-1ac08d1da48e,da334c89-29ad-56a6-852b-1ab5940f21f6
f8d5c8ba-a1ad-401c-888c-552b486e7b56,44ba72f7-f60a-4af8-b62b-7c6125e76cf2,efd37dc4-0be8-4f5d-a91e-b2c1cc24923e
f8d5c8ba-a1ad-401c-888c-552b486e7b56,163a237b-c25f-4062-84ee-695f217d6bec,945fc345-4f69-482f-a52e-cb3a2638b8cc
f8d5c8ba-a1ad-401c-888c-552b486e7b56,fe987366-a8ad-48fa-8821-73f54f6df180,b6315f8d-3488-5a8d-b8e8-06a91717b9d0
f8d5c8ba-a1ad-401c-888c-552b486e7b56,5fc998ef-6826-414c-8bfc-b2b9511f15a3,ea0ba378-6d29-46d8-84f2-6b14fca7bc16
f8d5c8ba-a1ad-401c-888c-552b486e7b56,69b0e5b9-3be2-4ec3-a9a6-bb5b523d4b32,750120c8-1d4b-4fed-8908-ce14e30d3e15
f8d5c8ba-a1ad-401c-888c-552b486e7b56,69b0e5b9-3be2-4ec3-a9a6-bb5b523d4b32,fcd7f192-b04e-4765-90cf-5cc4f6125619
f8d5c8ba-a1ad-401c-888c-552b486e7b56,6dd0f2db-ff7b-4629-a113-c5f9e12699b1,8aeafec2-2834-4874-b2a8-25604b880440
f8d5c8ba-a1ad-401c-888c-552b486e7b56,8130458f-ae96-4ab3-89b9-21f06a2aac78,a980b931-9769-4975-847a-5d81405b213b
f9217c4a-25f9-4701-8b44-8da1c38a61f6,7e249a64-9f13-47d3-a232-562a3d080198,c37bb10c-96d3-5039-9612-6cd415ce6a23
f9217c4a-25f9-4701-8b44-8da1c38a61f6,919a3f90-b681-422c-8481-fe313daa0044,bc59e3c8-7ac4-11f0-8000-bb3209de79c0
f9217c4a-25f9-4701-8b44-8da1c38a61f6,972bdd5f-5f8c-42d1-a47f-1ac08d1da48e,da334c89-29ad-56a6-852b-1ab5940f21f6
f9217c4a-25f9-4701-8b44-8da1c38a61f6,44ba72f7-f60a-4af8-b62b-7c6125e76cf2,cea3eb96-6086-417a-8659-59657ff22e84
f9217c4a-25f9-4701-8b44-8da1c38a61f6,163a237b-c25f-4062-84ee-695f217d6bec,6f15b8dc-5f82-4e9a-89f3-f2a6953db72d
f9217c4a-25f9-4701-8b44-8da1c38a61f6,fe987366-a8ad-48fa-8821-73f54f6df180,8824c93d-731b-518a-9d26-be29b2cb7d7b
f9217c4a-25f9-4701-8b44-8da1c38a61f6,5fc998ef-6826-414c-8bfc-b2b9511f15a3,ea0ba378-6d29-46d8-84f2-6b14fca7bc16
f9217c4a-25f9-4701-8b44-8da1c38a61f6,69b0e5b9-3be2-4ec3-a9a6-bb5b523d4b32,750120c8-1d4b-4fed-8908-ce14e30d3e15
f9217c4a-25f9-4701-8b44-8da1c38a61f6,69b0e5b9-3be2-4ec3-a9a6-bb5b523d4b32,fcd7f192-b04e-4765-90cf-5cc4f6125619
f9217c4a-25f9-4701-8b44-8da1c38a61f6,6dd0f2db-ff7b-4629-a113-c5f9e12699b1,8aeafec2-2834-4874-b2a8-25604b880440
f9217c4a-25f9-4701-8b44-8da1c38a61f6,8130458f-ae96-4ab3-89b9-21f06a2aac78,a980b931-9769-4975-847a-5d81405b213b
f94dbad9-c6f4-4813-87ca-e309bd934464,7e249a64-9f13-47d3-a232-562a3d080198,a445d29b-2ba7-5a46-8885-5a5d11680eba
f94dbad9-c6f4-4813-87ca-e309bd934464,919a3f90-b681-422c-8481-fe313daa0044,bcc19bf6-7ac4-11f0-8000-bb3209de79c0
f94dbad9-c6f4-4813-87ca-e309bd934464,972bdd5f-5f8c-42d1-a47f-1ac08d1da48e,da334c89-29ad-56a6-852b-1ab5940f21f6
f94dbad9-c6f4-4813-87ca-e309bd934464,fe987366-a8ad-48fa-8821-73f54f6df180,b7401480-dbe3-11e9-8000-bb3209de79c0
f94dbad9-c6f4-4813-87ca-e309bd934464,c2eb2a01-e85a-40d9-b0dd-550f6be14476,8aeafec2-2834-4874-b2a8-25604b880440
f94dbad9-c6f4-4813-87ca-e309bd934464,69b0e5b9-3be2-4ec3-a9a6-bb5b523d4b32,31c79380-d8c8-4304-bd35-6448e6378c41
f94dbad9-c6f4-4813-87ca-e309bd934464,8130458f-ae96-4ab3-89b9-21f06a2aac78,6bb0b0b6-41cd-4bb3-a0e8-d483b25f6cf1
facd88ab-2fba-4a11-82b8-1ce6d644f9bc,7e249a64-9f13-47d3-a232-562a3d080198,c37bb10c-96d3-5039-9612-6cd415ce6a23
facd88ab-2fba-4a11-82b8-1ce6d644f9bc,919a3f90-b681-422c-8481-fe313daa0044,bcb59404-7ac4-11f0-8000-bb3209de79c0
facd88ab-2fba-4a11-82b8-1ce6d644f9bc,972bdd5f-5f8c-42d1-a47f-1ac08d1da48e,da334c89-29ad-56a6-852b-1ab5940f21f6
facd88ab-2fba-4a11-82b8-1ce6d644f9bc,44ba72f7-f60a-4af8-b62b-7c6125e76cf2,efd37dc4-0be8-4f5d-a91e-b2c1cc24923e
facd88ab-2fba-4a11-82b8-1ce6d644f9bc,163a237b-c25f-4062-84ee-695f217d6bec,945fc345-4f69-482f-a52e-cb3a2638b8cc
facd88ab-2fba-4a11-82b8-1ce6d644f9bc,fe987366-a8ad-48fa-8821-73f54f6df180,d79a7637-385b-577e-9751-1c63482b452d
facd88ab-2fba-4a11-82b8-1ce6d644f9bc,5fc998ef-6826-414c-8bfc-b2b9511f15a3,ea0ba378-6d29-46d8-84f2-6b14fca7bc16
facd88ab-2fba-4a11-82b8-1ce6d644f9bc,69b0e5b9-3be2-4ec3-a9a6-bb5b523d4b32,750120c8-1d4b-4fed-8908-ce14e30d3e15
facd88ab-2fba-4a11-82b8-1ce6d644f9bc,69b0e5b9-3be2-4ec3-a9a6-bb5b523d4b32,fcd7f192-b04e-4765-90cf-5cc4f6125619
facd88ab-2fba-4a11-82b8-1ce6d644f9bc,6dd0f2db-ff7b-4629-a113-c5f9e12699b1,8aeafec2-2834-4874-b2a8-25604b880440
facd88ab-2fba-4a11-82b8-1ce6d644f9bc,8130458f-ae96-4ab3-89b9-21f06a2aac78,a980b931-9769-4975-847a-5d81405b213b
fe6141ff-45bf-42dc-a68d-ac04c3d5ebb7,7e249a64-9f13-47d3-a232-562a3d080198,c37bb10c-96d3-5039-9612-6cd415ce6a23
fe6141ff-45bf-42dc-a68d-ac04c3d5ebb7,919a3f90-b681-422c-8481-fe313daa0044,bca68bd6-7ac4-11f0-8000-bb3209de79c0
fe6141ff-45bf-42dc-a68d-ac04c3d5ebb7,972bdd5f-5f8c-42d1-a47f-1ac08d1da48e,da334c89-29ad-56a6-852b-1ab5940f21f6
fe6141ff-45bf-42dc-a68d-ac04c3d5ebb7,44ba72f7-f60a-4af8-b62b-7c6125e76cf2,efd37dc4-0be8-4f5d-a91e-b2c1cc24923e
fe6141ff-45bf-42dc-a68d-ac04c3d5ebb7,163a237b-c25f-4062-84ee-695f217d6bec,945fc345-4f69-482f-a52e-cb3a2638b8cc
fe6141ff-45bf-42dc-a68d-ac04c3d5ebb7,fe987366-a8ad-48fa-8821-73f54f6df180,d600adb8-9ee0-5d99-8c3f-bd0a73094f2c
fe6141ff-45bf-42dc-a68d-ac04c3d5ebb7,5fc998ef-6826-414c-8bfc-b2b9511f15a3,ea0ba378-6d29-46d8-84f2-6b14fca7bc16
fe6141ff-45bf-42dc-a68d-ac04c3d5ebb7,69b0e5b9-3be2-4ec3-a9a6-bb5b523d4b32,750120c8-1d4b-4fed-8908-ce14e30d3e15
fe6141ff-45bf-42dc-a68d-ac04c3d5ebb7,69b0e5b9-3be2-4ec3-a9a6-bb5b523d4b32,fcd7f192-b04e-4765-90cf-5cc4f6125619
fe6141ff-45bf-42dc-a68d-ac04c3d5ebb7,6dd0f2db-ff7b-4629-a113-c5f9e12699b1,8aeafec2-2834-4874-b2a8-25604b880440
fe6141ff-45bf-42dc-a68d-ac04c3d5ebb7,8130458f-ae96-4ab3-89b9-21f06a2aac78,a980b931-9769-4975-847a-5d81405b213b
ff98b049-2c89-42d4-818d-23badbba299a,7e249a64-9f13-47d3-a232-562a3d080198,c37bb10c-96d3-5039-9612-6cd415ce6a23
ff98b049-2c89-42d4-818d-23badbba299a,919a3f90-b681-422c-8481-fe313daa0044,bc6c8cbf-7ac4-11f0-8000-bb3209de79c0
ff98b049-2c89-42d4-818d-23badbba299a,972bdd5f-5f8c-42d1-a47f-1ac08d1da48e,da334c89-29ad-56a6-852b-1ab5940f21f6
ff98b049-2c89-42d4-818d-23badbba299a,44ba72f7-f60a-4af8-b62b-7c6125e76cf2,cea3eb96-6086-417a-8659-59657ff22e84
ff98b049-2c89-42d4-818d-23badbba299a,163a237b-c25f-4062-84ee-695f217d6bec,6f15b8dc-5f82-4e9a-89f3-f2a6953db72d
ff98b049-2c89-42d4-818d-23badbba299a,fe987366-a8ad-48fa-8821-73f54f6df180,781c320b-218c-5b16-916e-8fdd21d9fb61
ff98b049-2c89-42d4-818d-23badbba299a,5fc998ef-6826-414c-8bfc-b2b9511f15a3,ea0ba378-6d29-46d8-84f2-6b14fca7bc16
ff98b049-2c89-42d4-818d-23badbba299a,69b0e5b9-3be2-4ec3-a9a6-bb5b523d4b32,750120c8-1d4b-4fed-8908-ce14e30d3e15
ff98b049-2c89-42d4-818d-23badbba299a,69b0e5b9-3be2-4ec3-a9a6-bb5b523d4b32,fcd7f192-b04e-4765-90cf-5cc4f6125619
ff98b049-2c89-42d4-818d-23badbba299a,6dd0f2db-ff7b-4629-a113-c5f9e12699b1,8aeafec2-2834-4874-b2a8-25604b880440
ff98b049-2c89-42d4-818d-23badbba299a,8130458f-ae96-4ab3-89b9-21f06a2aac78,a980b931-9769-4975-847a-5d81405b213b
