00dac31b-acad-40cf-a44c-72ed092afa08,69b0e5b9-3be2-4ec3-a9a6-bb5b523d4b32,c37bb10c-96d3-5039-9612-6cd415ce6a23
00dac31b-acad-40cf-a44c-72ed092afa08,69b0e5b9-3be2-4ec3-a9a6-bb5b523d4b32,ead252de-6cf0-11ef-8000-bb3209de79c0
00dac31b-acad-40cf-a44c-72ed092afa08,69b0e5b9-3be2-4ec3-a9a6-bb5b523d4b32,da334c89-29ad-56a6-852b-1ab5940f21f6
00dac31b-acad-40cf-a44c-72ed092afa08,69b0e5b9-3be2-4ec3-a9a6-bb5b523d4b32,775bb797-2e65-5f4e-a8fc-f04eeaa792e0
00dac31b-acad-40cf-a44c-72ed092afa08,69b0e5b9-3be2-4ec3-a9a6-bb5b523d4b32,7beaf4a9-bbe3-4fd9-bfac-746d25703270
00dac31b-acad-40cf-a44c-72ed092afa08,69b0e5b9-3be2-4ec3-a9a6-bb5b523d4b32,48bc2f4e-fe5a-41d3-bc7c-5c4bc7c0cd91
00dac31b-acad-40cf-a44c-72ed092afa08,69b0e5b9-3be2-4ec3-a9a6-bb5b523d4b32,7a1b2a2c-84b5-445e-a06c-fe8b06bc1fbf
00dac31b-acad-40cf-a44c-72ed092afa08,69b0e5b9-3be2-4ec3-a9a6-bb5b523d4b32,750120c8-1d4b-4fed-8908-ce14e30d3e15
00dac31b-acad-40cf-a44c-72ed092afa08,69b0e5b9-3be2-4ec3-a9a6-bb5b523d4b32,fcd7f192-b04e-4765-90cf-5cc4f6125619
00dac31b-acad-40cf-a44c-72ed092afa08,69b0e5b9-3be2-4ec3-a9a6-bb5b523d4b32,21b2b267-3956-491f-8276-a705b80b3831
00dac31b-acad-40cf-a44c-72ed092afa08,69b0e5b9-3be2-4ec3-a9a6-bb5b523d4b32,a980b931-9769-4975-847a-5d81405b213b
00dac31b-acad-40cf-a44c-72ed092afa08,8130458f-ae96-4ab3-89b9-21f06a2aac78,a980b931-9769-4975-847a-5d81405b213b
011b2e6f-2623-4590-90ea-d0a974ede827,69b0e5b9-3be2-4ec3-a9a6-bb5b523d4b32,c37bb10c-96d3-5039-9612-6cd415ce6a23
011b2e6f-2623-4590-90ea-d0a974ede827,69b0e5b9-3be2-4ec3-a9a6-bb5b523d4b32,eb084887-6cf0-11ef-8000-bb3209de79c0
011b2e6f-2623-4590-90ea-d0a974ede827,69b0e5b9-3be2-4ec3-a9a6-bb5b523d4b32,da334c89-29ad-56a6-852b-1ab5940f21f6
011b2e6f-2623-4590-90ea-d0a974ede827,69b0e5b9-3be2-4ec3-a9a6-bb5b523d4b32,9e05cd66-ad1e-5fa0-b6cd-98aa65785066
011b2e6f-2623-4590-90ea-d0a974ede827,69b0e5b9-3be2-4ec3-a9a6-bb5b523d4b32,df97bfed-4494-4041-ae94-bfc86d6c9118
011b2e6f-2623-4590-90ea-d0a974ede827,69b0e5b9-3be2-4ec3-a9a6-bb5b523d4b32,8bf1ea32-e1e8-4196-b346-88614525df2c
011b2e6f-2623-4590-90ea-d0a974ede827,69b0e5b9-3be2-4ec3-a9a6-bb5b523d4b32,7a1b2a2c-84b5-445e-a06c-fe8b06bc1fbf
011b2e6f-2623-4590-90ea-d0a974ede827,69b0e5b9-3be2-4ec3-a9a6-bb5b523d4b32,750120c8-1d4b-4fed-8908-ce14e30d3e15
011b2e6f-2623-4590-90ea-d0a974ede827,69b0e5b9-3be2-4ec3-a9a6-bb5b523d4b32,fcd7f192-b04e-4765-90cf-5cc4f6125619
011b2e6f-2623-4590-90ea-d0a974ede827,69b0e5b9-3be2-4ec3-a9a6-bb5b523d4b32,21b2b267-3956-491f-8276-a705b80b3831
011b2e6f-2623-4590-90ea-d0a974ede827,69b0e5b9-3be2-4ec3-a9a6-bb5b523d4b32,a980b931-9769-4975-847a-5d81405b213b
011b2e6f-2623-4590-90ea-d0a974ede827,8130458f-ae96-4ab3-89b9-21f06a2aac78,a980b931-9769-4975-847a-5d81405b213b
0164289c-522d-4893-adfb-e21e194c56e7,69b0e5b9-3be2-4ec3-a9a6-bb5b523d4b32,c37bb10c-96d3-5039-9612-6cd415ce6a23
0164289c-522d-4893-adfb-e21e194c56e7,69b0e5b9-3be2-4ec3-a9a6-bb5b523d4b32,ea8aaa28-6cf0-11ef-8000-bb3209de79c0
0164289c-522d-4893-adfb-e21e194c56e7,69b0e5b9-3be2-4ec3-a9a6-bb5b523d4b32,da334c89-29ad-56a6-852b-1ab5940f21f6
0164289c-522d-4893-adfb-e21e194c56e7,69b0e5b9-3be2-4ec3-a9a6-bb5b523d4b32,cce4cb44-9448-5b93-a091-4b8847dafebb
0164289c-522d-4893-adfb-e21e194c56e7,69b0e5b9-3be2-4ec3-a9a6-bb5b523d4b32,a080c348-e46b-4597-80f5-633e93daac4e
0164289c-522d-4893-adfb-e21e194c56e7,69b0e5b9-3be2-4ec3-a9a6-bb5b523d4b32,7e181b8d-0aed-46ee-928e-b08d60d0ed58
0164289c-522d-4893-adfb-e21e194c56e7,69b0e5b9-3be2-4ec3-a9a6-bb5b523d4b32,c8a8cf7b-0d08-431a-b880-6178102d5339
0164289c-522d-4893-adfb-e21e194c56e7,69b0e5b9-3be2-4ec3-a9a6-bb5b523d4b32,6d2f2bff-94e2-483c-a279-10fdd610c55f
0164289c-522d-4893-adfb-e21e194c56e7,69b0e5b9-3be2-4ec3-a9a6-bb5b523d4b32,db2e8f75-21ce-43ac-b936-fb7213faae86
0164289c-522d-4893-adfb-e21e194c56e7,69b0e5b9-3be2-4ec3-a9a6-bb5b523d4b32,21b2b267-3956-491f-8276-a705b80b3831
0164289c-522d-4893-adfb-e21e194c56e7,69b0e5b9-3be2-4ec3-a9a6-bb5b523d4b32,a980b931-9769-4975-847a-5d81405b213b
0164289c-522d-4893-adfb-e21e194c56e7,8130458f-ae96-4ab3-89b9-21f06a2aac78,a980b931-9769-4975-847a-5d81405b213b
01e734f7-3c78-409e-9049-a1a706f66685,69b0e5b9-3be2-4ec3-a9a6-bb5b523d4b32,a445d29b-2ba7-5a46-8885-5a5d11680eba
01e734f7-3c78-409e-9049-a1a706f66685,69b0e5b9-3be2-4ec3-a9a6-bb5b523d4b32,eb268909-6cf0-11ef-8000-bb3209de79c0
01e734f7-3c78-409e-9049-a1a706f66685,69b0e5b9-3be2-4ec3-a9a6-bb5b523d4b32,da334c89-29ad-56a6-852b-1ab5940f21f6
01e734f7-3c78-409e-9049-a1a706f66685,69b0e5b9-3be2-4ec3-a9a6-bb5b523d4b32,bc6a6380-4ec8-11f0-8000-bb3209de79c0
01e734f7-3c78-409e-9049-a1a706f66685,69b0e5b9-3be2-4ec3-a9a6-bb5b523d4b32,21b2b267-3956-491f-8276-a705b80b3831
01e734f7-3c78-409e-9049-a1a706f66685,69b0e5b9-3be2-4ec3-a9a6-bb5b523d4b32,31c79380-d8c8-4304-bd35-6448e6378c41
01e734f7-3c78-409e-9049-a1a706f66685,69b0e5b9-3be2-4ec3-a9a6-bb5b523d4b32,6bb0b0b6-41cd-4bb3-a0e8-d483b25f6cf1
01e734f7-3c78-409e-9049-a1a706f66685,8130458f-ae96-4ab3-89b9-21f06a2aac78,6bb0b0b6-41cd-4bb3-a0e8-d483b25f6cf1
02c0f6c8-ea76-414a-a764-eae6cf4129fb,69b0e5b9-3be2-4ec3-a9a6-bb5b523d4b32,c37bb10c-96d3-5039-9612-6cd415ce6a23
02c0f6c8-ea76-414a-a764-eae6cf4129fb,69b0e5b9-3be2-4ec3-a9a6-bb5b523d4b32,eb03f8a2-6cf0-11ef-8000-bb3209de79c0
02c0f6c8-ea76-414a-a764-eae6cf4129fb,69b0e5b9-3be2-4ec3-a9a6-bb5b523d4b32,da334c89-29ad-56a6-852b-1ab5940f21f6
02c0f6c8-ea76-414a-a764-eae6cf4129fb,69b0e5b9-3be2-4ec3-a9a6-bb5b523d4b32,79deb1c9-4ff4-5905-9e50-5a37e9cd56fb
02c0f6c8-ea76-414a-a764-eae6cf4129fb,69b0e5b9-3be2-4ec3-a9a6-bb5b523d4b32,df97bfed-4494-4041-ae94-bfc86d6c9118
02c0f6c8-ea76-414a-a764-eae6cf4129fb,69b0e5b9-3be2-4ec3-a9a6-bb5b523d4b32,8bf1ea32-e1e8-4196-b346-88614525df2c
02c0f6c8-ea76-414a-a764-eae6cf4129fb,69b0e5b9-3be2-4ec3-a9a6-bb5b523d4b32,7a1b2a2c-84b5-445e-a06c-fe8b06bc1fbf
02c0f6c8-ea76-414a-a764-eae6cf4129fb,69b0e5b9-3be2-4ec3-a9a6-bb5b523d4b32,750120c8-1d4b-4fed-8908-ce14e30d3e15
02c0f6c8-ea76-414a-a764-eae6cf4129fb,69b0e5b9-3be2-4ec3-a9a6-bb5b523d4b32,fcd7f192-b04e-4765-90cf-5cc4f6125619
02c0f6c8-ea76-414a-a764-eae6cf4129fb,69b0e5b9-3be2-4ec3-a9a6-bb5b523d4b32,21b2b267-3956-491f-8276-a705b80b3831
02c0f6c8-ea76-414a-a764-eae6cf4129fb,69b0e5b9-3be2-4ec3-a9a6-bb5b523d4b32,a980b931-9769-4975-847a-5d81405b213b
02c0f6c8-ea76-414a-a764-eae6cf4129fb,8130458f-ae96-4ab3-89b9-21f06a2aac78,a980b931-9769-4975-847a-5d81405b213b
04c63471-7073-4e6d-8adf-2bfb9c890ba8,69b0e5b9-3be2-4ec3-a9a6-bb5b523d4b32,c37bb10c-96d3-5039-9612-6cd415ce6a23
04c63471-7073-4e6d-8adf-2bfb9c890ba8,69b0e5b9-3be2-4ec3-a9a6-bb5b523d4b32,ea7fa38e-6cf0-11ef-8000-bb3209de79c0
04c63471-7073-4e6d-8adf-2bfb9c890ba8,69b0e5b9-3be2-4ec3-a9a6-bb5b523d4b32,da334c89-29ad-56a6-852b-1ab5940f21f6
04c63471-7073-4e6d-8adf-2bfb9c890ba8,69b0e5b9-3be2-4ec3-a9a6-bb5b523d4b32,5bd14162-3580-5e58-a8e2-99724a849888
04c63471-7073-4e6d-8adf-2bfb9c890ba8,69b0e5b9-3be2-4ec3-a9a6-bb5b523d4b32,b12133f8-0e65-4ff6-8c04-95d1bd333412
04c63471-7073-4e6d-8adf-2bfb9c890ba8,69b0e5b9-3be2-4ec3-a9a6-bb5b523d4b32,b6663c0f-73ac-42a4-a027-333047618cb9
04c63471-7073-4e6d-8adf-2bfb9c890ba8,69b0e5b9-3be2-4ec3-a9a6-bb5b523d4b32,c3042810-448f-4e1f-8593-fac0d2f1d0c3
04c63471-7073-4e6d-8adf-2bfb9c890ba8,69b0e5b9-3be2-4ec3-a9a6-bb5b523d4b32,6d2f2bff-94e2-483c-a279-10fdd610c55f
04c63471-7073-4e6d-8adf-2bfb9c890ba8,69b0e5b9-3be2-4ec3-a9a6-bb5b523d4b32,db2e8f75-21ce-43ac-b936-fb7213faae86
04c63471-7073-4e6d-8adf-2bfb9c890ba8,69b0e5b9-3be2-4ec3-a9a6-bb5b523d4b32,21b2b267-3956-491f-8276-a705b80b3831
04c63471-7073-4e6d-8adf-2bfb9c890ba8,69b0e5b9-3be2-4ec3-a9a6-bb5b523d4b32,a980b931-9769-4975-847a-5d81405b213b
04c63471-7073-4e6d-8adf-2bfb9c890ba8,8130458f-ae96-4ab3-89b9-21f06a2aac78,a980b931-9769-4975-847a-5d81405b213b
04ff825a-8191-4fd1-bf47-26ab800999d1,69b0e5b9-3be2-4ec3-a9a6-bb5b523d4b32,10c35da1-9387-509d-82b6-a39bdf64c7cd
04ff825a-8191-4fd1-bf47-26ab800999d1,69b0e5b9-3be2-4ec3-a9a6-bb5b523d4b32,68b86c29-6a50-5cbe-92e5-644672a7ec01
04ff825a-8191-4fd1-bf47-26ab800999d1,69b0e5b9-3be2-4ec3-a9a6-bb5b523d4b32,77b3217b-62e2-11ef-8000-bb3209de79c0
04ff825a-8191-4fd1-bf47-26ab800999d1,69b0e5b9-3be2-4ec3-a9a6-bb5b523d4b32,da334c89-29ad-56a6-852b-1ab5940f21f6
04ff825a-8191-4fd1-bf47-26ab800999d1,69b0e5b9-3be2-4ec3-a9a6-bb5b523d4b32,b0a57d0e-9ab3-553d-a808-257f1afcf1a1
04ff825a-8191-4fd1-bf47-26ab800999d1,69b0e5b9-3be2-4ec3-a9a6-bb5b523d4b32,5c59e5a4-7315-478e-be99-709c0d177704
04ff825a-8191-4fd1-bf47-26ab800999d1,69b0e5b9-3be2-4ec3-a9a6-bb5b523d4b32,fcd7f192-b04e-4765-90cf-5cc4f6125619
04ff825a-8191-4fd1-bf47-26ab800999d1,69b0e5b9-3be2-4ec3-a9a6-bb5b523d4b32,077dc199-9332-4edf-bd08-65fa320614c1
04ff825a-8191-4fd1-bf47-26ab800999d1,69b0e5b9-3be2-4ec3-a9a6-bb5b523d4b32,57d77eb1-397a-4966-8f9f-51812b2287bc
04ff825a-8191-4fd1-bf47-26ab800999d1,7d11b956-0014-43be-9a3e-f89e2b31ec4f,57d77eb1-397a-4966-8f9f-51812b2287bc
0691e1fe-8efe-41fa-9a0c-dae409285e7d,69b0e5b9-3be2-4ec3-a9a6-bb5b523d4b32,f7826127-6dd1-58fc-82ab-d5d8a26872d5
0691e1fe-8efe-41fa-9a0c-dae409285e7d,69b0e5b9-3be2-4ec3-a9a6-bb5b523d4b32,5a15d56a-9530-5d64-85d8-72f991f6b1cd
0691e1fe-8efe-41fa-9a0c-dae409285e7d,69b0e5b9-3be2-4ec3-a9a6-bb5b523d4b32,77b1d04f-62e2-11ef-8000-bb3209de79c0
0691e1fe-8efe-41fa-9a0c-dae409285e7d,69b0e5b9-3be2-4ec3-a9a6-bb5b523d4b32,da334c89-29ad-56a6-852b-1ab5940f21f6
0691e1fe-8efe-41fa-9a0c-dae409285e7d,69b0e5b9-3be2-4ec3-a9a6-bb5b523d4b32,18636214-efdb-5422-8059-c42d252464ce
0691e1fe-8efe-41fa-9a0c-dae409285e7d,69b0e5b9-3be2-4ec3-a9a6-bb5b523d4b32,94808823-9865-438f-abf9-5da2ebc1bf5c
0691e1fe-8efe-41fa-9a0c-dae409285e7d,69b0e5b9-3be2-4ec3-a9a6-bb5b523d4b32,8c1d6f78-392e-45a6-829d-056e4b796b0b
0691e1fe-8efe-41fa-9a0c-dae409285e7d,69b0e5b9-3be2-4ec3-a9a6-bb5b523d4b32,db2e8f75-21ce-43ac-b936-fb7213faae86
0691e1fe-8efe-41fa-9a0c-dae409285e7d,69b0e5b9-3be2-4ec3-a9a6-bb5b523d4b32,69237cad-6966-4825-ba09-f1402bc93e91
0691e1fe-8efe-41fa-9a0c-dae409285e7d,7d11b956-0014-43be-9a3e-f89e2b31ec4f,69237cad-6966-4825-ba09-f1402bc93e91
077dc199-9332-4edf-bd08-65fa320614c1,69b0e5b9-3be2-4ec3-a9a6-bb5b523d4b32,f7826127-6dd1-58fc-82ab-d5d8a26872d5
077dc199-9332-4edf-bd08-65fa320614c1,69b0e5b9-3be2-4ec3-a9a6-bb5b523d4b32,2ecac061-7aee-5f36-acf1-c2572af9c87e
077dc199-9332-4edf-bd08-65fa320614c1,69b0e5b9-3be2-4ec3-a9a6-bb5b523d4b32,77b2d3ea-62e2-11ef-8000-bb3209de79c0
077dc199-9332-4edf-bd08-65fa320614c1,69b0e5b9-3be2-4ec3-a9a6-bb5b523d4b32,da334c89-29ad-56a6-852b-1ab5940f21f6
077dc199-9332-4edf-bd08-65fa320614c1,69b0e5b9-3be2-4ec3-a9a6-bb5b523d4b32,4ae2a66d-e233-5dce-a544-508b93fafe62
077dc199-9332-4edf-bd08-65fa320614c1,69b0e5b9-3be2-4ec3-a9a6-bb5b523d4b32,50c731fe-148f-4c67-b15b-e368cee39949
077dc199-9332-4edf-bd08-65fa320614c1,69b0e5b9-3be2-4ec3-a9a6-bb5b523d4b32,69237cad-6966-4825-ba09-f1402bc93e91
077dc199-9332-4edf-bd08-65fa320614c1,7d11b956-0014-43be-9a3e-f89e2b31ec4f,69237cad-6966-4825-ba09-f1402bc93e91
07974f2d-54ae-4e31-821e-65459b5c6305,69b0e5b9-3be2-4ec3-a9a6-bb5b523d4b32,3e0947c8-f450-5455-a019-2b8d08e46527
07974f2d-54ae-4e31-821e-65459b5c6305,69b0e5b9-3be2-4ec3-a9a6-bb5b523d4b32,e28a9f4e-cfc7-4eb4-8058-9d5314414e5e
07974f2d-54ae-4e31-821e-65459b5c6305,69b0e5b9-3be2-4ec3-a9a6-bb5b523d4b32,5f72e550-6f46-4bd1-a25c-a9b18a8cbb42
07974f2d-54ae-4e31-821e-65459b5c6305,69b0e5b9-3be2-4ec3-a9a6-bb5b523d4b32,21b2b267-3956-491f-8276-a705b80b3831
07974f2d-54ae-4e31-821e-65459b5c6305,69b0e5b9-3be2-4ec3-a9a6-bb5b523d4b32,45a88bec-1c88-4bfa-bbf0-a2dd12caf401
07974f2d-54ae-4e31-821e-65459b5c6305,69b0e5b9-3be2-4ec3-a9a6-bb5b523d4b32,a293846a-b3f8-4917-8f00-34dd48a14c0d
07974f2d-54ae-4e31-821e-65459b5c6305,69b0e5b9-3be2-4ec3-a9a6-bb5b523d4b32,7be2a6bd-cdd1-4730-a1a5-3540aae7f139
07974f2d-54ae-4e31-821e-65459b5c6305,8130458f-ae96-4ab3-89b9-21f06a2aac78,7be2a6bd-cdd1-4730-a1a5-3540aae7f139
081f7d92-5f5a-4ac4-9561-dc99f7dcec21,69b0e5b9-3be2-4ec3-a9a6-bb5b523d4b32,1d68fe59-181a-5d90-b04c-832b02c9b90d
081f7d92-5f5a-4ac4-9561-dc99f7dcec21,69b0e5b9-3be2-4ec3-a9a6-bb5b523d4b32,77d1abfa-62e2-11ef-8000-bb3209de79c0
081f7d92-5f5a-4ac4-9561-dc99f7dcec21,69b0e5b9-3be2-4ec3-a9a6-bb5b523d4b32,da334c89-29ad-56a6-852b-1ab5940f21f6
081f7d92-5f5a-4ac4-9561-dc99f7dcec21,69b0e5b9-3be2-4ec3-a9a6-bb5b523d4b32,9474168a-b17e-5a1f-9890-7a220b6ddbb6
081f7d92-5f5a-4ac4-9561-dc99f7dcec21,69b0e5b9-3be2-4ec3-a9a6-bb5b523d4b32,5d372230-d516-45bd-94f4-0064f09f1f67
081f7d92-5f5a-4ac4-9561-dc99f7dcec21,69b0e5b9-3be2-4ec3-a9a6-bb5b523d4b32,b36d464d-fca8-4bf5-bf0d-fe21c1744431
081f7d92-5f5a-4ac4-9561-dc99f7dcec21,69b0e5b9-3be2-4ec3-a9a6-bb5b523d4b32,94808823-9865-438f-abf9-5da2ebc1bf5c
081f7d92-5f5a-4ac4-9561-dc99f7dcec21,69b0e5b9-3be2-4ec3-a9a6-bb5b523d4b32,6c668919-a78c-4239-bdc1-95cf53b3ed94
081f7d92-5f5a-4ac4-9561-dc99f7dcec21,7d11b956-0014-43be-9a3e-f89e2b31ec4f,6c668919-a78c-4239-bdc1-95cf53b3ed94
098048f2-074a-4415-b05a-b74732348ee0,69b0e5b9-3be2-4ec3-a9a6-bb5b523d4b32,c37bb10c-96d3-5039-9612-6cd415ce6a23
098048f2-074a-4415-b05a-b74732348ee0,69b0e5b9-3be2-4ec3-a9a6-bb5b523d4b32,eacb6fe9-6cf0-11ef-8000-bb3209de79c0
098048f2-074a-4415-b05a-b74732348ee0,69b0e5b9-3be2-4ec3-a9a6-bb5b523d4b32,da334c89-29ad-56a6-852b-1ab5940f21f6
098048f2-074a-4415-b05a-b74732348ee0,69b0e5b9-3be2-4ec3-a9a6-bb5b523d4b32,bf3311a6-e730-50ee-a4c7-ff6490ca6d3a
098048f2-074a-4415-b05a-b74732348ee0,69b0e5b9-3be2-4ec3-a9a6-bb5b523d4b32,7beaf4a9-bbe3-4fd9-bfac-746d25703270
098048f2-074a-4415-b05a-b74732348ee0,69b0e5b9-3be2-4ec3-a9a6-bb5b523d4b32,48bc2f4e-fe5a-41d3-bc7c-5c4bc7c0cd91
098048f2-074a-4415-b05a-b74732348ee0,69b0e5b9-3be2-4ec3-a9a6-bb5b523d4b32,7a1b2a2c-84b5-445e-a06c-fe8b06bc1fbf
098048f2-074a-4415-b05a-b74732348ee0,69b0e5b9-3be2-4ec3-a9a6-bb5b523d4b32,750120c8-1d4b-4fed-8908-ce14e30d3e15
098048f2-074a-4415-b05a-b74732348ee0,69b0e5b9-3be2-4ec3-a9a6-bb5b523d4b32,fcd7f192-b04e-4765-90cf-5cc4f6125619
098048f2-074a-4415-b05a-b74732348ee0,69b0e5b9-3be2-4ec3-a9a6-bb5b523d4b32,21b2b267-3956-491f-8276-a705b80b3831
098048f2-074a-4415-b05a-b74732348ee0,69b0e5b9-3be2-4ec3-a9a6-bb5b523d4b32,a980b931-9769-4975-847a-5d81405b213b
098048f2-074a-4415-b05a-b74732348ee0,8130458f-ae96-4ab3-89b9-21f06a2aac78,a980b931-9769-4975-847a-5d81405b213b
0b11e848-345b-470d-a24e-9863351056c4,69b0e5b9-3be2-4ec3-a9a6-bb5b523d4b32,c37bb10c-96d3-5039-9612-6cd415ce6a23
0b11e848-345b-470d-a24e-9863351056c4,69b0e5b9-3be2-4ec3-a9a6-bb5b523d4b32,eac2aa17-6cf0-11ef-8000-bb3209de79c0
0b11e848-345b-470d-a24e-9863351056c4,69b0e5b9-3be2-4ec3-a9a6-bb5b523d4b32,da334c89-29ad-56a6-852b-1ab5940f21f6
0b11e848-345b-470d-a24e-9863351056c4,69b0e5b9-3be2-4ec3-a9a6-bb5b523d4b32,43038aa8-0d2b-58aa-8466-764711e7b771
0b11e848-345b-470d-a24e-9863351056c4,69b0e5b9-3be2-4ec3-a9a6-bb5b523d4b32,7beaf4a9-bbe3-4fd9-bfac-746d25703270
0b11e848-345b-470d-a24e-9863351056c4,69b0e5b9-3be2-4ec3-a9a6-bb5b523d4b32,48bc2f4e-fe5a-41d3-bc7c-5c4bc7c0cd91
0b11e848-345b-470d-a24e-9863351056c4,69b0e5b9-3be2-4ec3-a9a6-bb5b523d4b32,7a1b2a2c-84b5-445e-a06c-fe8b06bc1fbf
0b11e848-345b-470d-a24e-9863351056c4,69b0e5b9-3be2-4ec3-a9a6-bb5b523d4b32,750120c8-1d4b-4fed-8908-ce14e30d3e15
0b11e848-345b-470d-a24e-9863351056c4,69b0e5b9-3be2-4ec3-a9a6-bb5b523d4b32,fcd7f192-b04e-4765-90cf-5cc4f6125619
0b11e848-345b-470d-a24e-9863351056c4,69b0e5b9-3be2-4ec3-a9a6-bb5b523d4b32,21b2b267-3956-491f-8276-a705b80b3831
0b11e848-345b-470d-a24e-9863351056c4,69b0e5b9-3be2-4ec3-a9a6-bb5b523d4b32,a980b931-9769-4975-847a-5d81405b213b
0b11e848-345b-470d-a24e-9863351056c4,8130458f-ae96-4ab3-89b9-21f06a2aac78,a980b931-9769-4975-847a-5d81405b213b
0df88ffa-4798-4b55-92bf-3496cf31e229,69b0e5b9-3be2-4ec3-a9a6-bb5b523d4b32,c37bb10c-96d3-5039-9612-6cd415ce6a23
0df88ffa-4798-4b55-92bf-3496cf31e229,69b0e5b9-3be2-4ec3-a9a6-bb5b523d4b32,eb1855b0-6cf0-11ef-8000-bb3209de79c0
0df88ffa-4798-4b55-92bf-3496cf31e229,69b0e5b9-3be2-4ec3-a9a6-bb5b523d4b32,da334c89-29ad-56a6-852b-1ab5940f21f6
0df88ffa-4798-4b55-92bf-3496cf31e229,69b0e5b9-3be2-4ec3-a9a6-bb5b523d4b32,8c1bcb6f-2a92-5b5d-9f42-90692b7da558
0df88ffa-4798-4b55-92bf-3496cf31e229,69b0e5b9-3be2-4ec3-a9a6-bb5b523d4b32,df97bfed-4494-4041-ae94-bfc86d6c9118
0df88ffa-4798-4b55-92bf-3496cf31e229,69b0e5b9-3be2-4ec3-a9a6-bb5b523d4b32,8bf1ea32-e1e8-4196-b346-88614525df2c
0df88ffa-4798-4b55-92bf-3496cf31e229,69b0e5b9-3be2-4ec3-a9a6-bb5b523d4b32,7a1b2a2c-84b5-445e-a06c-fe8b06bc1fbf
0df88ffa-4798-4b55-92bf-3496cf31e229,69b0e5b9-3be2-4ec3-a9a6-bb5b523d4b32,750120c8-1d4b-4fed-8908-ce14e30d3e15
0df88ffa-4798-4b55-92bf-3496cf31e229,69b0e5b9-3be2-4ec3-a9a6-bb5b523d4b32,fcd7f192-b04e-4765-90cf-5cc4f6125619
0df88ffa-4798-4b55-92bf-3496cf31e229,69b0e5b9-3be2-4ec3-a9a6-bb5b523d4b32,21b2b267-3956-491f-8276-a705b80b3831
0df88ffa-4798-4b55-92bf-3496cf31e229,69b0e5b9-3be2-4ec3-a9a6-bb5b523d4b32,a980b931-9769-4975-847a-5d81405b213b
0df88ffa-4798-4b55-92bf-3496cf31e229,8130458f-ae96-4ab3-89b9-21f06a2aac78,a980b931-9769-4975-847a-5d81405b213b
0e93a422-4402-4a2b-aa06-6a0740bc5489,69b0e5b9-3be2-4ec3-a9a6-bb5b523d4b32,e1a863ad-e5c8-5617-85b9-fc432c233330
0e93a422-4402-4a2b-aa06-6a0740bc5489,69b0e5b9-3be2-4ec3-a9a6-bb5b523d4b32,21ed81ae-6ba8-5ad9-a255-31ee77ec2ba3
0e93a422-4402-4a2b-aa06-6a0740bc5489,69b0e5b9-3be2-4ec3-a9a6-bb5b523d4b32,77b8e512-62e2-11ef-8000-bb3209de79c0
0e93a422-4402-4a2b-aa06-6a0740bc5489,69b0e5b9-3be2-4ec3-a9a6-bb5b523d4b32,da334c89-29ad-56a6-852b-1ab5940f21f6
0e93a422-4402-4a2b-aa06-6a0740bc5489,69b0e5b9-3be2-4ec3-a9a6-bb5b523d4b32,19c9b3ea-5fd6-5d91-93c7-b427b6f0d31b
0e93a422-4402-4a2b-aa06-6a0740bc5489,69b0e5b9-3be2-4ec3-a9a6-bb5b523d4b32,b5b606ea-c1a9-4cc0-9217-63979c082f5b
0e93a422-4402-4a2b-aa06-6a0740bc5489,7d11b956-0014-43be-9a3e-f89e2b31ec4f,b5b606ea-c1a9-4cc0-9217-63979c082f5b
1186a687-020f-4454-997a-319148fad52f,69b0e5b9-3be2-4ec3-a9a6-bb5b523d4b32,c37bb10c-96d3-5039-9612-6cd415ce6a23
1186a687-020f-4454-997a-319148fad52f,69b0e5b9-3be2-4ec3-a9a6-bb5b523d4b32,eb19fac2-6cf0-11ef-8000-bb3209de79c0
1186a687-020f-4454-997a-319148fad52f,69b0e5b9-3be2-4ec3-a9a6-bb5b523d4b32,da334c89-29ad-56a6-852b-1ab5940f21f6
1186a687-020f-4454-997a-319148fad52f,69b0e5b9-3be2-4ec3-a9a6-bb5b523d4b32,ef761b2c-f5ff-5c14-9bc7-92dbaef027b9
1186a687-020f-4454-997a-319148fad52f,69b0e5b9-3be2-4ec3-a9a6-bb5b523d4b32,df97bfed-4494-4041-ae94-bfc86d6c9118
1186a687-020f-4454-997a-319148fad52f,69b0e5b9-3be2-4ec3-a9a6-bb5b523d4b32,8bf1ea32-e1e8-4196-b346-88614525df2c
1186a687-020f-4454-997a-319148fad52f,69b0e5b9-3be2-4ec3-a9a6-bb5b523d4b32,7a1b2a2c-84b5-445e-a06c-fe8b06bc1fbf
1186a687-020f-4454-997a-319148fad52f,69b0e5b9-3be2-4ec3-a9a6-bb5b523d4b32,750120c8-1d4b-4fed-8908-ce14e30d3e15
1186a687-020f-4454-997a-319148fad52f,69b0e5b9-3be2-4ec3-a9a6-bb5b523d4b32,fcd7f192-b04e-4765-90cf-5cc4f6125619
1186a687-020f-4454-997a-319148fad52f,69b0e5b9-3be2-4ec3-a9a6-bb5b523d4b32,21b2b267-3956-491f-8276-a705b80b3831
1186a687-020f-4454-997a-319148fad52f,69b0e5b9-3be2-4ec3-a9a6-bb5b523d4b32,a980b931-9769-4975-847a-5d81405b213b
1186a687-020f-4454-997a-319148fad52f,8130458f-ae96-4ab3-89b9-21f06a2aac78,a980b931-9769-4975-847a-5d81405b213b
12d704ea-70be-491b-a11b-67a6ffce69b8,69b0e5b9-3be2-4ec3-a9a6-bb5b523d4b32,6bf3f105-9764-51f5-96d3-e21be73b8822
12d704ea-70be-491b-a11b-67a6ffce69b8,69b0e5b9-3be2-4ec3-a9a6-bb5b523d4b32,c28cbcba-1462-5293-967b-ca86b6a54e57
12d704ea-70be-491b-a11b-67a6ffce69b8,69b0e5b9-3be2-4ec3-a9a6-bb5b523d4b32,77b283a4-62e2-11ef-8000-bb3209de79c0
12d704ea-70be-491b-a11b-67a6ffce69b8,69b0e5b9-3be2-4ec3-a9a6-bb5b523d4b32,da334c89-29ad-56a6-852b-1ab5940f21f6
12d704ea-70be-491b-a11b-67a6ffce69b8,69b0e5b9-3be2-4ec3-a9a6-bb5b523d4b32,66938421-5ebd-5894-a6ce-f7172da40e84
12d704ea-70be-491b-a11b-67a6ffce69b8,69b0e5b9-3be2-4ec3-a9a6-bb5b523d4b32,9a6cfc6f-45ab-4247-a794-efe73e71f049
12d704ea-70be-491b-a11b-67a6ffce69b8,69b0e5b9-3be2-4ec3-a9a6-bb5b523d4b32,b3b33e0d-bdb4-42f6-a39a-2b99e8e7163c
12d704ea-70be-491b-a11b-67a6ffce69b8,7d11b956-0014-43be-9a3e-f89e2b31ec4f,b3b33e0d-bdb4-42f6-a39a-2b99e8e7163c
15d081f0-e663-4b09-b2e1-3f068043f60e,69b0e5b9-3be2-4ec3-a9a6-bb5b523d4b32,5f9589c3-555e-588b-9761-5b468ad3838d
15d081f0-e663-4b09-b2e1-3f068043f60e,69b0e5b9-3be2-4ec3-a9a6-bb5b523d4b32,eb4731fa-6cf0-11ef-8000-bb3209de79c0
15d081f0-e663-4b09-b2e1-3f068043f60e,69b0e5b9-3be2-4ec3-a9a6-bb5b523d4b32,da334c89-29ad-56a6-852b-1ab5940f21f6
15d081f0-e663-4b09-b2e1-3f068043f60e,69b0e5b9-3be2-4ec3-a9a6-bb5b523d4b32,692f081e-a692-5666-a132-18025d7a3d4b
15d081f0-e663-4b09-b2e1-3f068043f60e,69b0e5b9-3be2-4ec3-a9a6-bb5b523d4b32,94980575-029e-4997-a325-dd0e9ca1f442
15d081f0-e663-4b09-b2e1-3f068043f60e,69b0e5b9-3be2-4ec3-a9a6-bb5b523d4b32,396dbeb1-d478-4bb4-9b4c-295912158f48
15d081f0-e663-4b09-b2e1-3f068043f60e,69b0e5b9-3be2-4ec3-a9a6-bb5b523d4b32,2d73b0da-968b-43bc-ac7e-3604fe6cf514
15d081f0-e663-4b09-b2e1-3f068043f60e,69b0e5b9-3be2-4ec3-a9a6-bb5b523d4b32,21b2b267-3956-491f-8276-a705b80b3831
15d081f0-e663-4b09-b2e1-3f068043f60e,69b0e5b9-3be2-4ec3-a9a6-bb5b523d4b32,130e95f1-ebc4-46f1-90ba-3f9fa21cb77b
15d081f0-e663-4b09-b2e1-3f068043f60e,8130458f-ae96-4ab3-89b9-21f06a2aac78,130e95f1-ebc4-46f1-90ba-3f9fa21cb77b
16181f42-aad8-4c99-8481-d99b97b0041f,69b0e5b9-3be2-4ec3-a9a6-bb5b523d4b32,c37bb10c-96d3-5039-9612-6cd415ce6a23
16181f42-aad8-4c99-8481-d99b97b0041f,69b0e5b9-3be2-4ec3-a9a6-bb5b523d4b32,eabc1254-6cf0-11ef-8000-bb3209de79c0
16181f42-aad8-4c99-8481-d99b97b0041f,69b0e5b9-3be2-4ec3-a9a6-bb5b523d4b32,da334c89-29ad-56a6-852b-1ab5940f21f6
16181f42-aad8-4c99-8481-d99b97b0041f,69b0e5b9-3be2-4ec3-a9a6-bb5b523d4b32,0d09cfcd-13e4-5cb0-8b26-d18f527e655a
16181f42-aad8-4c99-8481-d99b97b0041f,69b0e5b9-3be2-4ec3-a9a6-bb5b523d4b32,7beaf4a9-bbe3-4fd9-bfac-746d25703270
16181f42-aad8-4c99-8481-d99b97b0041f,69b0e5b9-3be2-4ec3-a9a6-bb5b523d4b32,48bc2f4e-fe5a-41d3-bc7c-5c4bc7c0cd91
16181f42-aad8-4c99-8481-d99b97b0041f,69b0e5b9-3be2-4ec3-a9a6-bb5b523d4b32,7a1b2a2c-84b5-445e-a06c-fe8b06bc1fbf
16181f42-aad8-4c99-8481-d99b97b0041f,69b0e5b9-3be2-4ec3-a9a6-bb5b523d4b32,750120c8-1d4b-4fed-8908-ce14e30d3e15
16181f42-aad8-4c99-8481-d99b97b0041f,69b0e5b9-3be2-4ec3-a9a6-bb5b523d4b32,fcd7f192-b04e-4765-90cf-5cc4f6125619
16181f42-aad8-4c99-8481-d99b97b0041f,69b0e5b9-3be2-4ec3-a9a6-bb5b523d4b32,21b2b267-3956-491f-8276-a705b80b3831
16181f42-aad8-4c99-8481-d99b97b0041f,69b0e5b9-3be2-4ec3-a9a6-bb5b523d4b32,a980b931-9769-4975-847a-5d81405b213b
16181f42-aad8-4c99-8481-d99b97b0041f,8130458f-ae96-4ab3-89b9-21f06a2aac78,a980b931-9769-4975-847a-5d81405b213b
1825ce4c-cb29-4a60-9a91-91309639f134,69b0e5b9-3be2-4ec3-a9a6-bb5b523d4b32,c37bb10c-96d3-5039-9612-6cd415ce6a23
1825ce4c-cb29-4a60-9a91-91309639f134,69b0e5b9-3be2-4ec3-a9a6-bb5b523d4b32,eb160f77-6cf0-11ef-8000-bb3209de79c0
1825ce4c-cb29-4a60-9a91-91309639f134,69b0e5b9-3be2-4ec3-a9a6-bb5b523d4b32,da334c89-29ad-56a6-852b-1ab5940f21f6
1825ce4c-cb29-4a60-9a91-91309639f134,69b0e5b9-3be2-4ec3-a9a6-bb5b523d4b32,a407f258-31a2-56cc-a5fd-e2d32243de2b
1825ce4c-cb29-4a60-9a91-91309639f134,69b0e5b9-3be2-4ec3-a9a6-bb5b523d4b32,df97bfed-4494-4041-ae94-bfc86d6c9118
1825ce4c-cb29-4a60-9a91-91309639f134,69b0e5b9-3be2-4ec3-a9a6-bb5b523d4b32,8bf1ea32-e1e8-4196-b346-88614525df2c
1825ce4c-cb29-4a60-9a91-91309639f134,69b0e5b9-3be2-4ec3-a9a6-bb5b523d4b32,7a1b2a2c-84b5-445e-a06c-fe8b06bc1fbf
1825ce4c-cb29-4a60-9a91-91309639f134,69b0e5b9-3be2-4ec3-a9a6-bb5b523d4b32,750120c8-1d4b-4fed-8908-ce14e30d3e15
1825ce4c-cb29-4a60-9a91-91309639f134,69b0e5b9-3be2-4ec3-a9a6-bb5b523d4b32,fcd7f192-b04e-4765-90cf-5cc4f6125619
1825ce4c-cb29-4a60-9a91-91309639f134,69b0e5b9-3be2-4ec3-a9a6-bb5b523d4b32,21b2b267-3956-491f-8276-a705b80b3831
1825ce4c-cb29-4a60-9a91-91309639f134,69b0e5b9-3be2-4ec3-a9a6-bb5b523d4b32,a980b931-9769-4975-847a-5d81405b213b
1825ce4c-cb29-4a60-9a91-91309639f134,8130458f-ae96-4ab3-89b9-21f06a2aac78,a980b931-9769-4975-847a-5d81405b213b
183e2482-f8b5-4345-8a6f-eebba54ee21d,69b0e5b9-3be2-4ec3-a9a6-bb5b523d4b32,23f041c3-638d-574b-a4e5-a6b077194c2f
183e2482-f8b5-4345-8a6f-eebba54ee21d,69b0e5b9-3be2-4ec3-a9a6-bb5b523d4b32,b2c612a3-b8cf-5403-a8c3-471b6eb04e96
183e2482-f8b5-4345-8a6f-eebba54ee21d,69b0e5b9-3be2-4ec3-a9a6-bb5b523d4b32,77b45cc7-62e2-11ef-8000-bb3209de79c0
183e2482-f8b5-4345-8a6f-eebba54ee21d,69b0e5b9-3be2-4ec3-a9a6-bb5b523d4b32,da334c89-29ad-56a6-852b-1ab5940f21f6
183e2482-f8b5-4345-8a6f-eebba54ee21d,69b0e5b9-3be2-4ec3-a9a6-bb5b523d4b32,c95200a8-95a4-526c-990f-f4f6d3cbe7ae
183e2482-f8b5-4345-8a6f-eebba54ee21d,69b0e5b9-3be2-4ec3-a9a6-bb5b523d4b32,40f5398d-83e3-40c0-be69-0ec34feff51a
183e2482-f8b5-4345-8a6f-eebba54ee21d,69b0e5b9-3be2-4ec3-a9a6-bb5b523d4b32,bbdadac6-65c2-4a03-9f74-9784b916378e
183e2482-f8b5-4345-8a6f-eebba54ee21d,7d11b956-0014-43be-9a3e-f89e2b31ec4f,bbdadac6-65c2-4a03-9f74-9784b916378e
187fa880-21ee-41b8-b365-b27cd1d2b8a0,69b0e5b9-3be2-4ec3-a9a6-bb5b523d4b32,6026404d-fddf-55c3-be51-306a6b510a6a
187fa880-21ee-41b8-b365-b27cd1d2b8a0,69b0e5b9-3be2-4ec3-a9a6-bb5b523d4b32,578de355-4f20-500b-b226-504479a8402f
187fa880-21ee-41b8-b365-b27cd1d2b8a0,69b0e5b9-3be2-4ec3-a9a6-bb5b523d4b32,77b56b20-62e2-11ef-8000-bb3209de79c0
187fa880-21ee-41b8-b365-b27cd1d2b8a0,69b0e5b9-3be2-4ec3-a9a6-bb5b523d4b32,da334c89-29ad-56a6-852b-1ab5940f21f6
187fa880-21ee-41b8-b365-b27cd1d2b8a0,69b0e5b9-3be2-4ec3-a9a6-bb5b523d4b32,07bd5fb8-c74b-5f5f-866e-305c95b27261
187fa880-21ee-41b8-b365-b27cd1d2b8a0,69b0e5b9-3be2-4ec3-a9a6-bb5b523d4b32,59c211c5-337c-4a25-8a31-919f7dd37314
187fa880-21ee-41b8-b365-b27cd1d2b8a0,69b0e5b9-3be2-4ec3-a9a6-bb5b523d4b32,db8916a6-ae5f-4a37-a816-ea813da7715d
187fa880-21ee-41b8-b365-b27cd1d2b8a0,69b0e5b9-3be2-4ec3-a9a6-bb5b523d4b32,4ab749af-25a0-4906-8783-9337a543dffa
187fa880-21ee-41b8-b365-b27cd1d2b8a0,7d11b956-0014-43be-9a3e-f89e2b31ec4f,4ab749af-25a0-4906-8783-9337a543dffa
1c1db80c-2fbd-400e-a653-1466db251783,69b0e5b9-3be2-4ec3-a9a6-bb5b523d4b32,c37bb10c-96d3-5039-9612-6cd415ce6a23
1c1db80c-2fbd-400e-a653-1466db251783,69b0e5b9-3be2-4ec3-a9a6-bb5b523d4b32,eac62347-6cf0-11ef-8000-bb3209de79c0
1c1db80c-2fbd-400e-a653-1466db251783,69b0e5b9-3be2-4ec3-a9a6-bb5b523d4b32,da334c89-29ad-56a6-852b-1ab5940f21f6
1c1db80c-2fbd-400e-a653-1466db251783,69b0e5b9-3be2-4ec3-a9a6-bb5b523d4b32,2d50c4b2-50f7-5407-a1a4-a36dcfc57149
1c1db80c-2fbd-400e-a653-1466db251783,69b0e5b9-3be2-4ec3-a9a6-bb5b523d4b32,7beaf4a9-bbe3-4fd9-bfac-746d25703270
1c1db80c-2fbd-400e-a653-1466db251783,69b0e5b9-3be2-4ec3-a9a6-bb5b523d4b32,48bc2f4e-fe5a-41d3-bc7c-5c4bc7c0cd91
1c1db80c-2fbd-400e-a653-1466db251783,69b0e5b9-3be2-4ec3-a9a6-bb5b523d4b32,7a1b2a2c-84b5-445e-a06c-fe8b06bc1fbf
1c1db80c-2fbd-400e-a653-1466db251783,69b0e5b9-3be2-4ec3-a9a6-bb5b523d4b32,750120c8-1d4b-4fed-8908-ce14e30d3e15
1c1db80c-2fbd-400e-a653-1466db251783,69b0e5b9-3be2-4ec3-a9a6-bb5b523d4b32,fcd7f192-b04e-4765-90cf-5cc4f6125619
1c1db80c-2fbd-400e-a653-1466db251783,69b0e5b9-3be2-4ec3-a9a6-bb5b523d4b32,21b2b267-3956-491f-8276-a705b80b3831
1c1db80c-2fbd-400e-a653-1466db251783,69b0e5b9-3be2-4ec3-a9a6-bb5b523d4b32,a980b931-9769-4975-847a-5d81405b213b
1c1db80c-2fbd-400e-a653-1466db251783,8130458f-ae96-4ab3-89b9-21f06a2aac78,a980b931-9769-4975-847a-5d81405b213b
1e383127-3e3c-429e-96c4-dddd2941b65a,69b0e5b9-3be2-4ec3-a9a6-bb5b523d4b32,c37bb10c-96d3-5039-9612-6cd415ce6a23
1e383127-3e3c-429e-96c4-dddd2941b65a,69b0e5b9-3be2-4ec3-a9a6-bb5b523d4b32,eb0b6be3-6cf0-11ef-8000-bb3209de79c0
1e383127-3e3c-429e-96c4-dddd2941b65a,69b0e5b9-3be2-4ec3-a9a6-bb5b523d4b32,da334c89-29ad-56a6-852b-1ab5940f21f6
1e383127-3e3c-429e-96c4-dddd2941b65a,69b0e5b9-3be2-4ec3-a9a6-bb5b523d4b32,8ac35651-a9dc-53d8-9888-b88a8aa13a03
1e383127-3e3c-429e-96c4-dddd2941b65a,69b0e5b9-3be2-4ec3-a9a6-bb5b523d4b32,df97bfed-4494-4041-ae94-bfc86d6c9118
1e383127-3e3c-429e-96c4-dddd2941b65a,69b0e5b9-3be2-4ec3-a9a6-bb5b523d4b32,8bf1ea32-e1e8-4196-b346-88614525df2c
1e383127-3e3c-429e-96c4-dddd2941b65a,69b0e5b9-3be2-4ec3-a9a6-bb5b523d4b32,7a1b2a2c-84b5-445e-a06c-fe8b06bc1fbf
1e383127-3e3c-429e-96c4-dddd2941b65a,69b0e5b9-3be2-4ec3-a9a6-bb5b523d4b32,750120c8-1d4b-4fed-8908-ce14e30d3e15
1e383127-3e3c-429e-96c4-dddd2941b65a,69b0e5b9-3be2-4ec3-a9a6-bb5b523d4b32,fcd7f192-b04e-4765-90cf-5cc4f6125619
1e383127-3e3c-429e-96c4-dddd2941b65a,69b0e5b9-3be2-4ec3-a9a6-bb5b523d4b32,21b2b267-3956-491f-8276-a705b80b3831
1e383127-3e3c-429e-96c4-dddd2941b65a,69b0e5b9-3be2-4ec3-a9a6-bb5b523d4b32,a980b931-9769-4975-847a-5d81405b213b
1e383127-3e3c-429e-96c4-dddd2941b65a,8130458f-ae96-4ab3-89b9-21f06a2aac78,a980b931-9769-4975-847a-5d81405b213b
1eb9e4ca-60d1-48e2-940e-38ebe5600e1b,69b0e5b9-3be2-4ec3-a9a6-bb5b523d4b32,23f041c3-638d-574b-a4e5-a6b077194c2f
1eb9e4ca-60d1-48e2-940e-38ebe5600e1b,69b0e5b9-3be2-4ec3-a9a6-bb5b523d4b32,96f004c8-7386-52d2-8308-d35bb037d9b4
1eb9e4ca-60d1-48e2-940e-38ebe5600e1b,69b0e5b9-3be2-4ec3-a9a6-bb5b523d4b32,77b98a7e-62e2-11ef-8000-bb3209de79c0
1eb9e4ca-60d1-48e2-940e-38ebe5600e1b,69b0e5b9-3be2-4ec3-a9a6-bb5b523d4b32,da334c89-29ad-56a6-852b-1ab5940f21f6
1eb9e4ca-60d1-48e2-940e-38ebe5600e1b,69b0e5b9-3be2-4ec3-a9a6-bb5b523d4b32,7e6995f6-80c4-5731-8ee7-84fa89816e93
1eb9e4ca-60d1-48e2-940e-38ebe5600e1b,69b0e5b9-3be2-4ec3-a9a6-bb5b523d4b32,332f8db6-c031-4bc0-ae9b-5ba2d6f65af1
1eb9e4ca-60d1-48e2-940e-38ebe5600e1b,69b0e5b9-3be2-4ec3-a9a6-bb5b523d4b32,9aa96187-b66b-4730-a110-d06287e3680a
1eb9e4ca-60d1-48e2-940e-38ebe5600e1b,69b0e5b9-3be2-4ec3-a9a6-bb5b523d4b32,77d4fc38-3fe8-4f50-87d8-599c77ab880d
1eb9e4ca-60d1-48e2-940e-38ebe5600e1b,69b0e5b9-3be2-4ec3-a9a6-bb5b523d4b32,bbdadac6-65c2-4a03-9f74-9784b916378e
1eb9e4ca-60d1-48e2-940e-38ebe5600e1b,7d11b956-0014-43be-9a3e-f89e2b31ec4f,bbdadac6-65c2-4a03-9f74-9784b916378e
21b2b267-3956-491f-8276-a705b80b3831,69b0e5b9-3be2-4ec3-a9a6-bb5b523d4b32,10788939-5f03-5c97-9d02-f5a982ce9838
21b2b267-3956-491f-8276-a705b80b3831,69b0e5b9-3be2-4ec3-a9a6-bb5b523d4b32,ea5d62de-6cf0-11ef-8000-bb3209de79c0
21b2b267-3956-491f-8276-a705b80b3831,69b0e5b9-3be2-4ec3-a9a6-bb5b523d4b32,da334c89-29ad-56a6-852b-1ab5940f21f6
21b2b267-3956-491f-8276-a705b80b3831,69b0e5b9-3be2-4ec3-a9a6-bb5b523d4b32,da5a919c-5d94-504f-a7cd-8ed5da8d3d30
21b2b267-3956-491f-8276-a705b80b3831,69b0e5b9-3be2-4ec3-a9a6-bb5b523d4b32,988ced22-d631-42c1-95ca-d20088990723
21b2b267-3956-491f-8276-a705b80b3831,69b0e5b9-3be2-4ec3-a9a6-bb5b523d4b32,a5dc8c36-56fc-44c2-909b-7592b1f44fd7
21b2b267-3956-491f-8276-a705b80b3831,8130458f-ae96-4ab3-89b9-21f06a2aac78,a5dc8c36-56fc-44c2-909b-7592b1f44fd7
2273dc68-9fc0-4e36-bbf5-bb8453a68986,69b0e5b9-3be2-4ec3-a9a6-bb5b523d4b32,d08754c0-1e6a-5794-8d3c-7cbf82cfb1a0
2273dc68-9fc0-4e36-bbf5-bb8453a68986,69b0e5b9-3be2-4ec3-a9a6-bb5b523d4b32,eb2929b6-6cf0-11ef-8000-bb3209de79c0
2273dc68-9fc0-4e36-bbf5-bb8453a68986,69b0e5b9-3be2-4ec3-a9a6-bb5b523d4b32,da334c89-29ad-56a6-852b-1ab5940f21f6
2273dc68-9fc0-4e36-bbf5-bb8453a68986,69b0e5b9-3be2-4ec3-a9a6-bb5b523d4b32,0001b11a-9b9b-5845-9142-52f0af9af8fd
2273dc68-9fc0-4e36-bbf5-bb8453a68986,69b0e5b9-3be2-4ec3-a9a6-bb5b523d4b32,e28a9f4e-cfc7-4eb4-8058-9d5314414e5e
2273dc68-9fc0-4e36-bbf5-bb8453a68986,69b0e5b9-3be2-4ec3-a9a6-bb5b523d4b32,299bf655-891c-43e7-b50b-41ac2c8bab31
2273dc68-9fc0-4e36-bbf5-bb8453a68986,69b0e5b9-3be2-4ec3-a9a6-bb5b523d4b32,21b2b267-3956-491f-8276-a705b80b3831
2273dc68-9fc0-4e36-bbf5-bb8453a68986,69b0e5b9-3be2-4ec3-a9a6-bb5b523d4b32,a21b3955-8490-44ba-96e7-1f7524dd8d25
2273dc68-9fc0-4e36-bbf5-bb8453a68986,69b0e5b9-3be2-4ec3-a9a6-bb5b523d4b32,0164289c-522d-4893-adfb-e21e194c56e7
2273dc68-9fc0-4e36-bbf5-bb8453a68986,69b0e5b9-3be2-4ec3-a9a6-bb5b523d4b32,8bf1ea32-e1e8-4196-b346-88614525df2c
2273dc68-9fc0-4e36-bbf5-bb8453a68986,69b0e5b9-3be2-4ec3-a9a6-bb5b523d4b32,20a6c495-a478-4b18-83b1-ab97ef909665
2273dc68-9fc0-4e36-bbf5-bb8453a68986,8130458f-ae96-4ab3-89b9-21f06a2aac78,20a6c495-a478-4b18-83b1-ab97ef909665
22f51b4c-fcf5-4d0c-9982-f6ef3f5feb9d,69b0e5b9-3be2-4ec3-a9a6-bb5b523d4b32,c37bb10c-96d3-5039-9612-6cd415ce6a23
22f51b4c-fcf5-4d0c-9982-f6ef3f5feb9d,69b0e5b9-3be2-4ec3-a9a6-bb5b523d4b32,eb2301a2-6cf0-11ef-8000-bb3209de79c0
22f51b4c-fcf5-4d0c-9982-f6ef3f5feb9d,69b0e5b9-3be2-4ec3-a9a6-bb5b523d4b32,da334c89-29ad-56a6-852b-1ab5940f21f6
22f51b4c-fcf5-4d0c-9982-f6ef3f5feb9d,69b0e5b9-3be2-4ec3-a9a6-bb5b523d4b32,b8db26d0-f697-55b2-a4dd-ce5b274bf2b8
22f51b4c-fcf5-4d0c-9982-f6ef3f5feb9d,69b0e5b9-3be2-4ec3-a9a6-bb5b523d4b32,df97bfed-4494-4041-ae94-bfc86d6c9118
22f51b4c-fcf5-4d0c-9982-f6ef3f5feb9d,69b0e5b9-3be2-4ec3-a9a6-bb5b523d4b32,8bf1ea32-e1e8-4196-b346-88614525df2c
22f51b4c-fcf5-4d0c-9982-f6ef3f5feb9d,69b0e5b9-3be2-4ec3-a9a6-bb5b523d4b32,7a1b2a2c-84b5-445e-a06c-fe8b06bc1fbf
22f51b4c-fcf5-4d0c-9982-f6ef3f5feb9d,69b0e5b9-3be2-4ec3-a9a6-bb5b523d4b32,750120c8-1d4b-4fed-8908-ce14e30d3e15
22f51b4c-fcf5-4d0c-9982-f6ef3f5feb9d,69b0e5b9-3be2-4ec3-a9a6-bb5b523d4b32,fcd7f192-b04e-4765-90cf-5cc4f6125619
22f51b4c-fcf5-4d0c-9982-f6ef3f5feb9d,69b0e5b9-3be2-4ec3-a9a6-bb5b523d4b32,21b2b267-3956-491f-8276-a705b80b3831
22f51b4c-fcf5-4d0c-9982-f6ef3f5feb9d,69b0e5b9-3be2-4ec3-a9a6-bb5b523d4b32,a980b931-9769-4975-847a-5d81405b213b
22f51b4c-fcf5-4d0c-9982-f6ef3f5feb9d,8130458f-ae96-4ab3-89b9-21f06a2aac78,a980b931-9769-4975-847a-5d81405b213b
23f80012-4aca-485f-a307-eaefd31fee56,69b0e5b9-3be2-4ec3-a9a6-bb5b523d4b32,03f0ca5e-8b8f-5f3d-8ae6-9ec895f02e93
23f80012-4aca-485f-a307-eaefd31fee56,69b0e5b9-3be2-4ec3-a9a6-bb5b523d4b32,2c29921d-284c-59ad-83e7-699d414792ea
23f80012-4aca-485f-a307-eaefd31fee56,69b0e5b9-3be2-4ec3-a9a6-bb5b523d4b32,77b412ab-62e2-11ef-8000-bb3209de79c0
23f80012-4aca-485f-a307-eaefd31fee56,69b0e5b9-3be2-4ec3-a9a6-bb5b523d4b32,da334c89-29ad-56a6-852b-1ab5940f21f6
23f80012-4aca-485f-a307-eaefd31fee56,69b0e5b9-3be2-4ec3-a9a6-bb5b523d4b32,ac9e4418-4772-5174-9e4b-8fe03349155b
23f80012-4aca-485f-a307-eaefd31fee56,69b0e5b9-3be2-4ec3-a9a6-bb5b523d4b32,c6f51ca5-f12e-4519-8aaa-d52298bdd431
23f80012-4aca-485f-a307-eaefd31fee56,69b0e5b9-3be2-4ec3-a9a6-bb5b523d4b32,0691e1fe-8efe-41fa-9a0c-dae409285e7d
23f80012-4aca-485f-a307-eaefd31fee56,69b0e5b9-3be2-4ec3-a9a6-bb5b523d4b32,b818e531-faa1-484a-9fd6-4a603e383e2a
23f80012-4aca-485f-a307-eaefd31fee56,69b0e5b9-3be2-4ec3-a9a6-bb5b523d4b32,cc965f1b-26da-4230-b653-752e764add9e
23f80012-4aca-485f-a307-eaefd31fee56,7d11b956-0014-43be-9a3e-f89e2b31ec4f,cc965f1b-26da-4230-b653-752e764add9e
25017629-9e9e-4ae4-98ef-9e579ff5f69e,69b0e5b9-3be2-4ec3-a9a6-bb5b523d4b32,c99d8861-1c48-5bde-96c3-c95dcb2419aa
25017629-9e9e-4ae4-98ef-9e579ff5f69e,69b0e5b9-3be2-4ec3-a9a6-bb5b523d4b32,eb8038c4-6cf0-11ef-8000-bb3209de79c0
25017629-9e9e-4ae4-98ef-9e579ff5f69e,69b0e5b9-3be2-4ec3-a9a6-bb5b523d4b32,da334c89-29ad-56a6-852b-1ab5940f21f6
25017629-9e9e-4ae4-98ef-9e579ff5f69e,69b0e5b9-3be2-4ec3-a9a6-bb5b523d4b32,1622b644-a49e-5e28-b19a-41c5b3ae72a3
25017629-9e9e-4ae4-98ef-9e579ff5f69e,69b0e5b9-3be2-4ec3-a9a6-bb5b523d4b32,4ec897fb-cc41-450f-8521-0a43e6db40a6
25017629-9e9e-4ae4-98ef-9e579ff5f69e,69b0e5b9-3be2-4ec3-a9a6-bb5b523d4b32,01e734f7-3c78-409e-9049-a1a706f66685
25017629-9e9e-4ae4-98ef-9e579ff5f69e,69b0e5b9-3be2-4ec3-a9a6-bb5b523d4b32,77d4fc38-3fe8-4f50-87d8-599c77ab880d
25017629-9e9e-4ae4-98ef-9e579ff5f69e,69b0e5b9-3be2-4ec3-a9a6-bb5b523d4b32,21b2b267-3956-491f-8276-a705b80b3831
25017629-9e9e-4ae4-98ef-9e579ff5f69e,69b0e5b9-3be2-4ec3-a9a6-bb5b523d4b32,eb205942-d2a9-4582-8f24-1f3b19033008
25017629-9e9e-4ae4-98ef-9e579ff5f69e,69b0e5b9-3be2-4ec3-a9a6-bb5b523d4b32,3feb038a-6c2c-4705-90ff-1f97fec8bdc4
25017629-9e9e-4ae4-98ef-9e579ff5f69e,69b0e5b9-3be2-4ec3-a9a6-bb5b523d4b32,c3937857-bb3f-478b-9701-41b1c34dcc44
25017629-9e9e-4ae4-98ef-9e579ff5f69e,69b0e5b9-3be2-4ec3-a9a6-bb5b523d4b32,27d798d8-563f-4f75-8dfa-0406184ab541
25017629-9e9e-4ae4-98ef-9e579ff5f69e,69b0e5b9-3be2-4ec3-a9a6-bb5b523d4b32,b2471599-92bc-494d-8108-6be9895128a7
25017629-9e9e-4ae4-98ef-9e579ff5f69e,8130458f-ae96-4ab3-89b9-21f06a2aac78,b2471599-92bc-494d-8108-6be9895128a7
2699b39d-7e68-4850-be72-d76c17355d48,69b0e5b9-3be2-4ec3-a9a6-bb5b523d4b32,03f0ca5e-8b8f-5f3d-8ae6-9ec895f02e93
2699b39d-7e68-4850-be72-d76c17355d48,69b0e5b9-3be2-4ec3-a9a6-bb5b523d4b32,ae36891b-bc8d-503e-9c21-4cd5d463eac9
2699b39d-7e68-4850-be72-d76c17355d48,69b0e5b9-3be2-4ec3-a9a6-bb5b523d4b32,77b4868f-62e2-11ef-8000-bb3209de79c0
2699b39d-7e68-4850-be72-d76c17355d48,69b0e5b9-3be2-4ec3-a9a6-bb5b523d4b32,da334c89-29ad-56a6-852b-1ab5940f21f6
2699b39d-7e68-4850-be72-d76c17355d48,69b0e5b9-3be2-4ec3-a9a6-bb5b523d4b32,7a5860bc-fff9-5e4a-ac34-26a9ec24a884
2699b39d-7e68-4850-be72-d76c17355d48,69b0e5b9-3be2-4ec3-a9a6-bb5b523d4b32,cc965f1b-26da-4230-b653-752e764add9e
2699b39d-7e68-4850-be72-d76c17355d48,7d11b956-0014-43be-9a3e-f89e2b31ec4f,cc965f1b-26da-4230-b653-752e764add9e
27d798d8-563f-4f75-8dfa-0406184ab541,69b0e5b9-3be2-4ec3-a9a6-bb5b523d4b32,3e0947c8-f450-5455-a019-2b8d08e46527
27d798d8-563f-4f75-8dfa-0406184ab541,69b0e5b9-3be2-4ec3-a9a6-bb5b523d4b32,eb7e55da-6cf0-11ef-8000-bb3209de79c0
27d798d8-563f-4f75-8dfa-0406184ab541,69b0e5b9-3be2-4ec3-a9a6-bb5b523d4b32,da334c89-29ad-56a6-852b-1ab5940f21f6
27d798d8-563f-4f75-8dfa-0406184ab541,69b0e5b9-3be2-4ec3-a9a6-bb5b523d4b32,91977ba9-24c3-54af-97d4-6d91b791fa19
27d798d8-563f-4f75-8dfa-0406184ab541,69b0e5b9-3be2-4ec3-a9a6-bb5b523d4b32,4ec897fb-cc41-450f-8521-0a43e6db40a6
27d798d8-563f-4f75-8dfa-0406184ab541,69b0e5b9-3be2-4ec3-a9a6-bb5b523d4b32,01e734f7-3c78-409e-9049-a1a706f66685
27d798d8-563f-4f75-8dfa-0406184ab541,69b0e5b9-3be2-4ec3-a9a6-bb5b523d4b32,21b2b267-3956-491f-8276-a705b80b3831
27d798d8-563f-4f75-8dfa-0406184ab541,69b0e5b9-3be2-4ec3-a9a6-bb5b523d4b32,45a88bec-1c88-4bfa-bbf0-a2dd12caf401
27d798d8-563f-4f75-8dfa-0406184ab541,69b0e5b9-3be2-4ec3-a9a6-bb5b523d4b32,7fcbe3ac-096d-4acb-a7d0-186a2195271e
27d798d8-563f-4f75-8dfa-0406184ab541,69b0e5b9-3be2-4ec3-a9a6-bb5b523d4b32,7be2a6bd-cdd1-4730-a1a5-3540aae7f139
27d798d8-563f-4f75-8dfa-0406184ab541,8130458f-ae96-4ab3-89b9-21f06a2aac78,7be2a6bd-cdd1-4730-a1a5-3540aae7f139
289d9d31-2ee0-483e-afbe-f6d809e006ef,69b0e5b9-3be2-4ec3-a9a6-bb5b523d4b32,c37bb10c-96d3-5039-9612-6cd415ce6a23
289d9d31-2ee0-483e-afbe-f6d809e006ef,69b0e5b9-3be2-4ec3-a9a6-bb5b523d4b32,eab70547-6cf0-11ef-8000-bb3209de79c0
289d9d31-2ee0-483e-afbe-f6d809e006ef,69b0e5b9-3be2-4ec3-a9a6-bb5b523d4b32,da334c89-29ad-56a6-852b-1ab5940f21f6
289d9d31-2ee0-483e-afbe-f6d809e006ef,69b0e5b9-3be2-4ec3-a9a6-bb5b523d4b32,a1f825b5-1a38-5958-8268-b98e46b7f6b8
289d9d31-2ee0-483e-afbe-f6d809e006ef,69b0e5b9-3be2-4ec3-a9a6-bb5b523d4b32,7beaf4a9-bbe3-4fd9-bfac-746d25703270
289d9d31-2ee0-483e-afbe-f6d809e006ef,69b0e5b9-3be2-4ec3-a9a6-bb5b523d4b32,48bc2f4e-fe5a-41d3-bc7c-5c4bc7c0cd91
289d9d31-2ee0-483e-afbe-f6d809e006ef,69b0e5b9-3be2-4ec3-a9a6-bb5b523d4b32,7a1b2a2c-84b5-445e-a06c-fe8b06bc1fbf
289d9d31-2ee0-483e-afbe-f6d809e006ef,69b0e5b9-3be2-4ec3-a9a6-bb5b523d4b32,750120c8-1d4b-4fed-8908-ce14e30d3e15
289d9d31-2ee0-483e-afbe-f6d809e006ef,69b0e5b9-3be2-4ec3-a9a6-bb5b523d4b32,fcd7f192-b04e-4765-90cf-5cc4f6125619
289d9d31-2ee0-483e-afbe-f6d809e006ef,69b0e5b9-3be2-4ec3-a9a6-bb5b523d4b32,21b2b267-3956-491f-8276-a705b80b3831
289d9d31-2ee0-483e-afbe-f6d809e006ef,69b0e5b9-3be2-4ec3-a9a6-bb5b523d4b32,a980b931-9769-4975-847a-5d81405b213b
289d9d31-2ee0-483e-afbe-f6d809e006ef,8130458f-ae96-4ab3-89b9-21f06a2aac78,a980b931-9769-4975-847a-5d81405b213b
299bf655-891c-43e7-b50b-41ac2c8bab31,69b0e5b9-3be2-4ec3-a9a6-bb5b523d4b32,a445d29b-2ba7-5a46-8885-5a5d11680eba
299bf655-891c-43e7-b50b-41ac2c8bab31,69b0e5b9-3be2-4ec3-a9a6-bb5b523d4b32,eb291596-6cf0-11ef-8000-bb3209de79c0
299bf655-891c-43e7-b50b-41ac2c8bab31,69b0e5b9-3be2-4ec3-a9a6-bb5b523d4b32,da334c89-29ad-56a6-852b-1ab5940f21f6
299bf655-891c-43e7-b50b-41ac2c8bab31,69b0e5b9-3be2-4ec3-a9a6-bb5b523d4b32,064ec480-e70a-11f0-8000-bb3209de79c0
299bf655-891c-43e7-b50b-41ac2c8bab31,69b0e5b9-3be2-4ec3-a9a6-bb5b523d4b32,21b2b267-3956-491f-8276-a705b80b3831
299bf655-891c-43e7-b50b-41ac2c8bab31,69b0e5b9-3be2-4ec3-a9a6-bb5b523d4b32,31c79380-d8c8-4304-bd35-6448e6378c41
299bf655-891c-43e7-b50b-41ac2c8bab31,69b0e5b9-3be2-4ec3-a9a6-bb5b523d4b32,6bb0b0b6-41cd-4bb3-a0e8-d483b25f6cf1
299bf655-891c-43e7-b50b-41ac2c8bab31,8130458f-ae96-4ab3-89b9-21f06a2aac78,6bb0b0b6-41cd-4bb3-a0e8-d483b25f6cf1
2a34f561-1be0-4185-979b-39993e6b1693,69b0e5b9-3be2-4ec3-a9a6-bb5b523d4b32,fa02ca91-ae28-5513-bdae-4bc44229b991
2a34f561-1be0-4185-979b-39993e6b1693,69b0e5b9-3be2-4ec3-a9a6-bb5b523d4b32,eb2bcc29-6cf0-11ef-8000-bb3209de79c0
2a34f561-1be0-4185-979b-39993e6b1693,69b0e5b9-3be2-4ec3-a9a6-bb5b523d4b32,da334c89-29ad-56a6-852b-1ab5940f21f6
2a34f561-1be0-4185-979b-39993e6b1693,69b0e5b9-3be2-4ec3-a9a6-bb5b523d4b32,91db0078-539b-5493-acf4-7868ac367f3d
2a34f561-1be0-4185-979b-39993e6b1693,69b0e5b9-3be2-4ec3-a9a6-bb5b523d4b32,77147de4-2ccf-4a14-9bdc-07c47f77a014
2a34f561-1be0-4185-979b-39993e6b1693,69b0e5b9-3be2-4ec3-a9a6-bb5b523d4b32,7a1b2a2c-84b5-445e-a06c-fe8b06bc1fbf
2a34f561-1be0-4185-979b-39993e6b1693,69b0e5b9-3be2-4ec3-a9a6-bb5b523d4b32,50c731fe-148f-4c67-b15b-e368cee39949
2a34f561-1be0-4185-979b-39993e6b1693,69b0e5b9-3be2-4ec3-a9a6-bb5b523d4b32,077dc199-9332-4edf-bd08-65fa320614c1
2a34f561-1be0-4185-979b-39993e6b1693,69b0e5b9-3be2-4ec3-a9a6-bb5b523d4b32,21b2b267-3956-491f-8276-a705b80b3831
2a34f561-1be0-4185-979b-39993e6b1693,69b0e5b9-3be2-4ec3-a9a6-bb5b523d4b32,dabf85cb-c1e7-489b-aa66-0572dd1bd1dd
2a34f561-1be0-4185-979b-39993e6b1693,8130458f-ae96-4ab3-89b9-21f06a2aac78,dabf85cb-c1e7-489b-aa66-0572dd1bd1dd
2b232865-fdfd-45fe-9556-5f1eb6a46979,69b0e5b9-3be2-4ec3-a9a6-bb5b523d4b32,6bf3f105-9764-51f5-96d3-e21be73b8822
2b232865-fdfd-45fe-9556-5f1eb6a46979,69b0e5b9-3be2-4ec3-a9a6-bb5b523d4b32,20f4ab5e-c9fb-5b73-9d9f-23bac42cb6b9
2b232865-fdfd-45fe-9556-5f1eb6a46979,69b0e5b9-3be2-4ec3-a9a6-bb5b523d4b32,77b37c65-62e2-11ef-8000-bb3209de79c0
2b232865-fdfd-45fe-9556-5f1eb6a46979,69b0e5b9-3be2-4ec3-a9a6-bb5b523d4b32,da334c89-29ad-56a6-852b-1ab5940f21f6
2b232865-fdfd-45fe-9556-5f1eb6a46979,69b0e5b9-3be2-4ec3-a9a6-bb5b523d4b32,66938421-5ebd-5894-a6ce-f7172da40e84
2b232865-fdfd-45fe-9556-5f1eb6a46979,69b0e5b9-3be2-4ec3-a9a6-bb5b523d4b32,6cab7470-e18e-4598-8850-4645f3109ef6
2b232865-fdfd-45fe-9556-5f1eb6a46979,69b0e5b9-3be2-4ec3-a9a6-bb5b523d4b32,b3b33e0d-bdb4-42f6-a39a-2b99e8e7163c
2b232865-fdfd-45fe-9556-5f1eb6a46979,7d11b956-0014-43be-9a3e-f89e2b31ec4f,b3b33e0d-bdb4-42f6-a39a-2b99e8e7163c
2c118a4c-2b76-4237-8342-fd063b9bd948,69b0e5b9-3be2-4ec3-a9a6-bb5b523d4b32,c37bb10c-96d3-5039-9612-6cd415ce6a23
2c118a4c-2b76-4237-8342-fd063b9bd948,69b0e5b9-3be2-4ec3-a9a6-bb5b523d4b32,eb14de6a-6cf0-11ef-8000-bb3209de79c0
2c118a4c-2b76-4237-8342-fd063b9bd948,69b0e5b9-3be2-4ec3-a9a6-bb5b523d4b32,da334c89-29ad-56a6-852b-1ab5940f21f6
2c118a4c-2b76-4237-8342-fd063b9bd948,69b0e5b9-3be2-4ec3-a9a6-bb5b523d4b32,065cb2f4-310e-5f63-8973-894eba5bc816
2c118a4c-2b76-4237-8342-fd063b9bd948,69b0e5b9-3be2-4ec3-a9a6-bb5b523d4b32,df97bfed-4494-4041-ae94-bfc86d6c9118
2c118a4c-2b76-4237-8342-fd063b9bd948,69b0e5b9-3be2-4ec3-a9a6-bb5b523d4b32,8bf1ea32-e1e8-4196-b346-88614525df2c
2c118a4c-2b76-4237-8342-fd063b9bd948,69b0e5b9-3be2-4ec3-a9a6-bb5b523d4b32,7a1b2a2c-84b5-445e-a06c-fe8b06bc1fbf
2c118a4c-2b76-4237-8342-fd063b9bd948,69b0e5b9-3be2-4ec3-a9a6-bb5b523d4b32,750120c8-1d4b-4fed-8908-ce14e30d3e15
2c118a4c-2b76-4237-8342-fd063b9bd948,69b0e5b9-3be2-4ec3-a9a6-bb5b523d4b32,fcd7f192-b04e-4765-90cf-5cc4f6125619
2c118a4c-2b76-4237-8342-fd063b9bd948,69b0e5b9-3be2-4ec3-a9a6-bb5b523d4b32,21b2b267-3956-491f-8276-a705b80b3831
2c118a4c-2b76-4237-8342-fd063b9bd948,69b0e5b9-3be2-4ec3-a9a6-bb5b523d4b32,a980b931-9769-4975-847a-5d81405b213b
2c118a4c-2b76-4237-8342-fd063b9bd948,8130458f-ae96-4ab3-89b9-21f06a2aac78,a980b931-9769-4975-847a-5d81405b213b
2c6957c0-48c9-420b-8506-80876d0d268f,69b0e5b9-3be2-4ec3-a9a6-bb5b523d4b32,23f041c3-638d-574b-a4e5-a6b077194c2f
2c6957c0-48c9-420b-8506-80876d0d268f,69b0e5b9-3be2-4ec3-a9a6-bb5b523d4b32,2aa586b5-896c-5b5e-8bf7-532071e9fead
2c6957c0-48c9-420b-8506-80876d0d268f,69b0e5b9-3be2-4ec3-a9a6-bb5b523d4b32,77b471fd-62e2-11ef-8000-bb3209de79c0
2c6957c0-48c9-420b-8506-80876d0d268f,69b0e5b9-3be2-4ec3-a9a6-bb5b523d4b32,da334c89-29ad-56a6-852b-1ab5940f21f6
2c6957c0-48c9-420b-8506-80876d0d268f,69b0e5b9-3be2-4ec3-a9a6-bb5b523d4b32,abc21e4d-b7a2-55fe-99c8-5ceffa94a5a8
2c6957c0-48c9-420b-8506-80876d0d268f,69b0e5b9-3be2-4ec3-a9a6-bb5b523d4b32,c6f51ca5-f12e-4519-8aaa-d52298bdd431
2c6957c0-48c9-420b-8506-80876d0d268f,69b0e5b9-3be2-4ec3-a9a6-bb5b523d4b32,ff2a8d80-8561-4e82-a1c7-430cf791c7c9
2c6957c0-48c9-420b-8506-80876d0d268f,69b0e5b9-3be2-4ec3-a9a6-bb5b523d4b32,bbdadac6-65c2-4a03-9f74-9784b916378e
2c6957c0-48c9-420b-8506-80876d0d268f,7d11b956-0014-43be-9a3e-f89e2b31ec4f,bbdadac6-65c2-4a03-9f74-9784b916378e
2d3a2122-88e0-469f-ba5a-99ab275e7365,69b0e5b9-3be2-4ec3-a9a6-bb5b523d4b32,38b27976-0842-5f8f-a2e6-9718002b14ad
2d3a2122-88e0-469f-ba5a-99ab275e7365,69b0e5b9-3be2-4ec3-a9a6-bb5b523d4b32,eb6d1e16-6cf0-11ef-8000-bb3209de79c0
2d3a2122-88e0-469f-ba5a-99ab275e7365,69b0e5b9-3be2-4ec3-a9a6-bb5b523d4b32,da334c89-29ad-56a6-852b-1ab5940f21f6
2d3a2122-88e0-469f-ba5a-99ab275e7365,69b0e5b9-3be2-4ec3-a9a6-bb5b523d4b32,35a62ac5-d795-5015-aa85-53671432dde2
2d3a2122-88e0-469f-ba5a-99ab275e7365,69b0e5b9-3be2-4ec3-a9a6-bb5b523d4b32,769bd0c3-9b4c-4723-8cd8-b8c0bd4d7264
2d3a2122-88e0-469f-ba5a-99ab275e7365,69b0e5b9-3be2-4ec3-a9a6-bb5b523d4b32,dca5a5b1-68ed-4600-b3f0-acb5652f1357
2d3a2122-88e0-469f-ba5a-99ab275e7365,69b0e5b9-3be2-4ec3-a9a6-bb5b523d4b32,21b2b267-3956-491f-8276-a705b80b3831
2d3a2122-88e0-469f-ba5a-99ab275e7365,69b0e5b9-3be2-4ec3-a9a6-bb5b523d4b32,338d45df-ba19-4abf-812e-2930d41e7bf7
2d3a2122-88e0-469f-ba5a-99ab275e7365,69b0e5b9-3be2-4ec3-a9a6-bb5b523d4b32,7e181b8d-0aed-46ee-928e-b08d60d0ed58
2d3a2122-88e0-469f-ba5a-99ab275e7365,69b0e5b9-3be2-4ec3-a9a6-bb5b523d4b32,5c790afa-c116-4721-8e7c-83624d1dd4bc
2d3a2122-88e0-469f-ba5a-99ab275e7365,8130458f-ae96-4ab3-89b9-21f06a2aac78,5c790afa-c116-4721-8e7c-83624d1dd4bc
2d73b0da-968b-43bc-ac7e-3604fe6cf514,69b0e5b9-3be2-4ec3-a9a6-bb5b523d4b32,03f0ca5e-8b8f-5f3d-8ae6-9ec895f02e93
2d73b0da-968b-43bc-ac7e-3604fe6cf514,69b0e5b9-3be2-4ec3-a9a6-bb5b523d4b32,52bd1c83-642a-592c-b66e-71c7db59f8ef
2d73b0da-968b-43bc-ac7e-3604fe6cf514,69b0e5b9-3be2-4ec3-a9a6-bb5b523d4b32,77b48ffb-62e2-11ef-8000-bb3209de79c0
2d73b0da-968b-43bc-ac7e-3604fe6cf514,69b0e5b9-3be2-4ec3-a9a6-bb5b523d4b32,da334c89-29ad-56a6-852b-1ab5940f21f6
2d73b0da-968b-43bc-ac7e-3604fe6cf514,69b0e5b9-3be2-4ec3-a9a6-bb5b523d4b32,dd14a1ce-a435-5b18-a809-0e253cfbc7ef
2d73b0da-968b-43bc-ac7e-3604fe6cf514,69b0e5b9-3be2-4ec3-a9a6-bb5b523d4b32,cc965f1b-26da-4230-b653-752e764add9e
2d73b0da-968b-43bc-ac7e-3604fe6cf514,7d11b956-0014-43be-9a3e-f89e2b31ec4f,cc965f1b-26da-4230-b653-752e764add9e
2f476d95-7185-4b13-aa15-e50d42203f8b,69b0e5b9-3be2-4ec3-a9a6-bb5b523d4b32,e07afcc4-447a-58b4-b0e5-6949419f0ec3
2f476d95-7185-4b13-aa15-e50d42203f8b,69b0e5b9-3be2-4ec3-a9a6-bb5b523d4b32,a4540a91-2b96-585a-b93d-623c40bd37e6
2f476d95-7185-4b13-aa15-e50d42203f8b,69b0e5b9-3be2-4ec3-a9a6-bb5b523d4b32,77b49895-62e2-11ef-8000-bb3209de79c0
2f476d95-7185-4b13-aa15-e50d42203f8b,69b0e5b9-3be2-4ec3-a9a6-bb5b523d4b32,da334c89-29ad-56a6-852b-1ab5940f21f6
2f476d95-7185-4b13-aa15-e50d42203f8b,69b0e5b9-3be2-4ec3-a9a6-bb5b523d4b32,b16a2233-78a1-5df2-8bd2-8f6bca848be5
2f476d95-7185-4b13-aa15-e50d42203f8b,69b0e5b9-3be2-4ec3-a9a6-bb5b523d4b32,2d73b0da-968b-43bc-ac7e-3604fe6cf514
2f476d95-7185-4b13-aa15-e50d42203f8b,69b0e5b9-3be2-4ec3-a9a6-bb5b523d4b32,828b8a81-f980-4c91-b1bd-07228f20c524
2f476d95-7185-4b13-aa15-e50d42203f8b,7d11b956-0014-43be-9a3e-f89e2b31ec4f,828b8a81-f980-4c91-b1bd-07228f20c524
3101a5d8-1241-474a-9898-f23fe75e502d,69b0e5b9-3be2-4ec3-a9a6-bb5b523d4b32,fa02ca91-ae28-5513-bdae-4bc44229b991
3101a5d8-1241-474a-9898-f23fe75e502d,69b0e5b9-3be2-4ec3-a9a6-bb5b523d4b32,eb2e3b79-6cf0-11ef-8000-bb3209de79c0
3101a5d8-1241-474a-9898-f23fe75e502d,69b0e5b9-3be2-4ec3-a9a6-bb5b523d4b32,da334c89-29ad-56a6-852b-1ab5940f21f6
3101a5d8-1241-474a-9898-f23fe75e502d,69b0e5b9-3be2-4ec3-a9a6-bb5b523d4b32,25661172-61b5-5c10-bdb4-be6651d13276
3101a5d8-1241-474a-9898-f23fe75e502d,69b0e5b9-3be2-4ec3-a9a6-bb5b523d4b32,77147de4-2ccf-4a14-9bdc-07c47f77a014
3101a5d8-1241-474a-9898-f23fe75e502d,69b0e5b9-3be2-4ec3-a9a6-bb5b523d4b32,7a1b2a2c-84b5-445e-a06c-fe8b06bc1fbf
3101a5d8-1241-474a-9898-f23fe75e502d,69b0e5b9-3be2-4ec3-a9a6-bb5b523d4b32,50c731fe-148f-4c67-b15b-e368cee39949
3101a5d8-1241-474a-9898-f23fe75e502d,69b0e5b9-3be2-4ec3-a9a6-bb5b523d4b32,077dc199-9332-4edf-bd08-65fa320614c1
3101a5d8-1241-474a-9898-f23fe75e502d,69b0e5b9-3be2-4ec3-a9a6-bb5b523d4b32,21b2b267-3956-491f-8276-a705b80b3831
3101a5d8-1241-474a-9898-f23fe75e502d,69b0e5b9-3be2-4ec3-a9a6-bb5b523d4b32,dabf85cb-c1e7-489b-aa66-0572dd1bd1dd
3101a5d8-1241-474a-9898-f23fe75e502d,8130458f-ae96-4ab3-89b9-21f06a2aac78,dabf85cb-c1e7-489b-aa66-0572dd1bd1dd
31c79380-d8c8-4304-bd35-6448e6378c41,69b0e5b9-3be2-4ec3-a9a6-bb5b523d4b32,dd82c7b8-4eda-5baf-9837-2622c3f31ddb
31c79380-d8c8-4304-bd35-6448e6378c41,69b0e5b9-3be2-4ec3-a9a6-bb5b523d4b32,af981b7a-8912-5a56-a18c-0cca924f927c
31c79380-d8c8-4304-bd35-6448e6378c41,69b0e5b9-3be2-4ec3-a9a6-bb5b523d4b32,77b415d5-62e2-11ef-8000-bb3209de79c0
31c79380-d8c8-4304-bd35-6448e6378c41,69b0e5b9-3be2-4ec3-a9a6-bb5b523d4b32,da334c89-29ad-56a6-852b-1ab5940f21f6
31c79380-d8c8-4304-bd35-6448e6378c41,69b0e5b9-3be2-4ec3-a9a6-bb5b523d4b32,e2c6d8bf-f451-52ab-8c5a-1a3d63ad06f6
31c79380-d8c8-4304-bd35-6448e6378c41,69b0e5b9-3be2-4ec3-a9a6-bb5b523d4b32,04f30767-7c10-47b4-a0c4-526bc846b814
31c79380-d8c8-4304-bd35-6448e6378c41,7d11b956-0014-43be-9a3e-f89e2b31ec4f,04f30767-7c10-47b4-a0c4-526bc846b814
332f8db6-c031-4bc0-ae9b-5ba2d6f65af1,69b0e5b9-3be2-4ec3-a9a6-bb5b523d4b32,f9b3aebb-324f-5607-a229-b470f4470cb8
332f8db6-c031-4bc0-ae9b-5ba2d6f65af1,69b0e5b9-3be2-4ec3-a9a6-bb5b523d4b32,45337968-eca5-5dea-a464-e05918e75d7e
332f8db6-c031-4bc0-ae9b-5ba2d6f65af1,69b0e5b9-3be2-4ec3-a9a6-bb5b523d4b32,77b96376-62e2-11ef-8000-bb3209de79c0
332f8db6-c031-4bc0-ae9b-5ba2d6f65af1,69b0e5b9-3be2-4ec3-a9a6-bb5b523d4b32,da334c89-29ad-56a6-852b-1ab5940f21f6
332f8db6-c031-4bc0-ae9b-5ba2d6f65af1,69b0e5b9-3be2-4ec3-a9a6-bb5b523d4b32,368a7d0d-7e98-5b0f-91c5-d6b46d6556b6
332f8db6-c031-4bc0-ae9b-5ba2d6f65af1,69b0e5b9-3be2-4ec3-a9a6-bb5b523d4b32,0e93a422-4402-4a2b-aa06-6a0740bc5489
332f8db6-c031-4bc0-ae9b-5ba2d6f65af1,69b0e5b9-3be2-4ec3-a9a6-bb5b523d4b32,652d9a7e-4310-43ff-8572-2f7e963499ae
332f8db6-c031-4bc0-ae9b-5ba2d6f65af1,7d11b956-0014-43be-9a3e-f89e2b31ec4f,652d9a7e-4310-43ff-8572-2f7e963499ae
338d45df-ba19-4abf-812e-2930d41e7bf7,69b0e5b9-3be2-4ec3-a9a6-bb5b523d4b32,6bf3f105-9764-51f5-96d3-e21be73b8822
338d45df-ba19-4abf-812e-2930d41e7bf7,69b0e5b9-3be2-4ec3-a9a6-bb5b523d4b32,b255cc4d-866d-530f-9e74-1436eb062f06
338d45df-ba19-4abf-812e-2930d41e7bf7,69b0e5b9-3be2-4ec3-a9a6-bb5b523d4b32,77b1d821-62e2-11ef-8000-bb3209de79c0
338d45df-ba19-4abf-812e-2930d41e7bf7,69b0e5b9-3be2-4ec3-a9a6-bb5b523d4b32,da334c89-29ad-56a6-852b-1ab5940f21f6
338d45df-ba19-4abf-812e-2930d41e7bf7,69b0e5b9-3be2-4ec3-a9a6-bb5b523d4b32,f0d61942-b083-5847-8804-9584926bd2cf
338d45df-ba19-4abf-812e-2930d41e7bf7,69b0e5b9-3be2-4ec3-a9a6-bb5b523d4b32,0691e1fe-8efe-41fa-9a0c-dae409285e7d
338d45df-ba19-4abf-812e-2930d41e7bf7,69b0e5b9-3be2-4ec3-a9a6-bb5b523d4b32,b3b33e0d-bdb4-42f6-a39a-2b99e8e7163c
338d45df-ba19-4abf-812e-2930d41e7bf7,7d11b956-0014-43be-9a3e-f89e2b31ec4f,b3b33e0d-bdb4-42f6-a39a-2b99e8e7163c
343a2938-500a-4913-8c2d-3827ee5dd091,69b0e5b9-3be2-4ec3-a9a6-bb5b523d4b32,d08754c0-1e6a-5794-8d3c-7cbf82cfb1a0
343a2938-500a-4913-8c2d-3827ee5dd091,69b0e5b9-3be2-4ec3-a9a6-bb5b523d4b32,eb314090-6cf0-11ef-8000-bb3209de79c0
343a2938-500a-4913-8c2d-3827ee5dd091,69b0e5b9-3be2-4ec3-a9a6-bb5b523d4b32,da334c89-29ad-56a6-852b-1ab5940f21f6
343a2938-500a-4913-8c2d-3827ee5dd091,69b0e5b9-3be2-4ec3-a9a6-bb5b523d4b32,6da3ee3d-b2ec-54c2-894c-bd02e98559f1
343a2938-500a-4913-8c2d-3827ee5dd091,69b0e5b9-3be2-4ec3-a9a6-bb5b523d4b32,e28a9f4e-cfc7-4eb4-8058-9d5314414e5e
343a2938-500a-4913-8c2d-3827ee5dd091,69b0e5b9-3be2-4ec3-a9a6-bb5b523d4b32,5f72e550-6f46-4bd1-a25c-a9b18a8cbb42
343a2938-500a-4913-8c2d-3827ee5dd091,69b0e5b9-3be2-4ec3-a9a6-bb5b523d4b32,21b2b267-3956-491f-8276-a705b80b3831
343a2938-500a-4913-8c2d-3827ee5dd091,69b0e5b9-3be2-4ec3-a9a6-bb5b523d4b32,04ff825a-8191-4fd1-bf47-26ab800999d1
343a2938-500a-4913-8c2d-3827ee5dd091,69b0e5b9-3be2-4ec3-a9a6-bb5b523d4b32,a293846a-b3f8-4917-8f00-34dd48a14c0d
343a2938-500a-4913-8c2d-3827ee5dd091,69b0e5b9-3be2-4ec3-a9a6-bb5b523d4b32,3101a5d8-1241-474a-9898-f23fe75e502d
343a2938-500a-4913-8c2d-3827ee5dd091,69b0e5b9-3be2-4ec3-a9a6-bb5b523d4b32,20a6c495-a478-4b18-83b1-ab97ef909665
343a2938-500a-4913-8c2d-3827ee5dd091,8130458f-ae96-4ab3-89b9-21f06a2aac78,20a6c495-a478-4b18-83b1-ab97ef909665
396dbeb1-d478-4bb4-9b4c-295912158f48,69b0e5b9-3be2-4ec3-a9a6-bb5b523d4b32,a445d29b-2ba7-5a46-8885-5a5d11680eba
396dbeb1-d478-4bb4-9b4c-295912158f48,69b0e5b9-3be2-4ec3-a9a6-bb5b523d4b32,eb4722e8-6cf0-11ef-8000-bb3209de79c0
396dbeb1-d478-4bb4-9b4c-295912158f48,69b0e5b9-3be2-4ec3-a9a6-bb5b523d4b32,da334c89-29ad-56a6-852b-1ab5940f21f6
396dbeb1-d478-4bb4-9b4c-295912158f48,69b0e5b9-3be2-4ec3-a9a6-bb5b523d4b32,498ce380-c399-11f3-8000-bb3209de79c0
396dbeb1-d478-4bb4-9b4c-295912158f48,69b0e5b9-3be2-4ec3-a9a6-bb5b523d4b32,21b2b267-3956-491f-8276-a705b80b3831
396dbeb1-d478-4bb4-9b4c-295912158f48,69b0e5b9-3be2-4ec3-a9a6-bb5b523d4b32,31c79380-d8c8-4304-bd35-6448e6378c41
396dbeb1-d478-4bb4-9b4c-295912158f48,69b0e5b9-3be2-4ec3-a9a6-bb5b523d4b32,6bb0b0b6-41cd-4bb3-a0e8-d483b25f6cf1
396dbeb1-d478-4bb4-9b4c-295912158f48,8130458f-ae96-4ab3-89b9-21f06a2aac78,6bb0b0b6-41cd-4bb3-a0e8-d483b25f6cf1
3d2c9fb6-9ce1-41c2-9f4f-b811543421f1,69b0e5b9-3be2-4ec3-a9a6-bb5b523d4b32,c37bb10c-96d3-5039-9612-6cd415ce6a23
3d2c9fb6-9ce1-41c2-9f4f-b811543421f1,69b0e5b9-3be2-4ec3-a9a6-bb5b523d4b32,eae9a78c-6cf0-11ef-8000-bb3209de79c0
3d2c9fb6-9ce1-41c2-9f4f-b811543421f1,69b0e5b9-3be2-4ec3-a9a6-bb5b523d4b32,da334c89-29ad-56a6-852b-1ab5940f21f6
3d2c9fb6-9ce1-41c2-9f4f-b811543421f1,69b0e5b9-3be2-4ec3-a9a6-bb5b523d4b32,6dbade48-d71c-519f-a013-ea7e70fbd8f8
3d2c9fb6-9ce1-41c2-9f4f-b811543421f1,69b0e5b9-3be2-4ec3-a9a6-bb5b523d4b32,df97bfed-4494-4041-ae94-bfc86d6c9118
3d2c9fb6-9ce1-41c2-9f4f-b811543421f1,69b0e5b9-3be2-4ec3-a9a6-bb5b523d4b32,8bf1ea32-e1e8-4196-b346-88614525df2c
3d2c9fb6-9ce1-41c2-9f4f-b811543421f1,69b0e5b9-3be2-4ec3-a9a6-bb5b523d4b32,7a1b2a2c-84b5-445e-a06c-fe8b06bc1fbf
3d2c9fb6-9ce1-41c2-9f4f-b811543421f1,69b0e5b9-3be2-4ec3-a9a6-bb5b523d4b32,750120c8-1d4b-4fed-8908-ce14e30d3e15
3d2c9fb6-9ce1-41c2-9f4f-b811543421f1,69b0e5b9-3be2-4ec3-a9a6-bb5b523d4b32,fcd7f192-b04e-4765-90cf-5cc4f6125619
3d2c9fb6-9ce1-41c2-9f4f-b811543421f1,69b0e5b9-3be2-4ec3-a9a6-bb5b523d4b32,21b2b267-3956-491f-8276-a705b80b3831
3d2c9fb6-9ce1-41c2-9f4f-b811543421f1,69b0e5b9-3be2-4ec3-a9a6-bb5b523d4b32,a980b931-9769-4975-847a-5d81405b213b
3d2c9fb6-9ce1-41c2-9f4f-b811543421f1,8130458f-ae96-4ab3-89b9-21f06a2aac78,a980b931-9769-4975-847a-5d81405b213b
3e1ea4e4-bd2e-4624-bcf5-35d345b2c64b,69b0e5b9-3be2-4ec3-a9a6-bb5b523d4b32,23f041c3-638d-574b-a4e5-a6b077194c2f
3e1ea4e4-bd2e-4624-bcf5-35d345b2c64b,69b0e5b9-3be2-4ec3-a9a6-bb5b523d4b32,f8a593b2-6335-516f-baf5-a7cc7c0e2631
3e1ea4e4-bd2e-4624-bcf5-35d345b2c64b,69b0e5b9-3be2-4ec3-a9a6-bb5b523d4b32,77b98e88-62e2-11ef-8000-bb3209de79c0
3e1ea4e4-bd2e-4624-bcf5-35d345b2c64b,69b0e5b9-3be2-4ec3-a9a6-bb5b523d4b32,da334c89-29ad-56a6-852b-1ab5940f21f6
3e1ea4e4-bd2e-4624-bcf5-35d345b2c64b,69b0e5b9-3be2-4ec3-a9a6-bb5b523d4b32,aff05289-7b84-5e6a-94af-36b7b1b8bd1e
3e1ea4e4-bd2e-4624-bcf5-35d345b2c64b,69b0e5b9-3be2-4ec3-a9a6-bb5b523d4b32,332f8db6-c031-4bc0-ae9b-5ba2d6f65af1
3e1ea4e4-bd2e-4624-bcf5-35d345b2c64b,69b0e5b9-3be2-4ec3-a9a6-bb5b523d4b32,db33e338-f50a-4c9f-b0b5-b02121f4088c
3e1ea4e4-bd2e-4624-bcf5-35d345b2c64b,69b0e5b9-3be2-4ec3-a9a6-bb5b523d4b32,77d4fc38-3fe8-4f50-87d8-599c77ab880d
3e1ea4e4-bd2e-4624-bcf5-35d345b2c64b,69b0e5b9-3be2-4ec3-a9a6-bb5b523d4b32,bbdadac6-65c2-4a03-9f74-9784b916378e
3e1ea4e4-bd2e-4624-bcf5-35d345b2c64b,7d11b956-0014-43be-9a3e-f89e2b31ec4f,bbdadac6-65c2-4a03-9f74-9784b916378e
3eb28f55-3fae-4bbd-b4a9-bb48f96775aa,69b0e5b9-3be2-4ec3-a9a6-bb5b523d4b32,c37bb10c-96d3-5039-9612-6cd415ce6a23
3eb28f55-3fae-4bbd-b4a9-bb48f96775aa,69b0e5b9-3be2-4ec3-a9a6-bb5b523d4b32,eacdc7b4-6cf0-11ef-8000-bb3209de79c0
3eb28f55-3fae-4bbd-b4a9-bb48f96775aa,69b0e5b9-3be2-4ec3-a9a6-bb5b523d4b32,da334c89-29ad-56a6-852b-1ab5940f21f6
3eb28f55-3fae-4bbd-b4a9-bb48f96775aa,69b0e5b9-3be2-4ec3-a9a6-bb5b523d4b32,9a7c7a4b-ce48-5c69-9c89-356779bfbeab
3eb28f55-3fae-4bbd-b4a9-bb48f96775aa,69b0e5b9-3be2-4ec3-a9a6-bb5b523d4b32,7beaf4a9-bbe3-4fd9-bfac-746d25703270
3eb28f55-3fae-4bbd-b4a9-bb48f96775aa,69b0e5b9-3be2-4ec3-a9a6-bb5b523d4b32,48bc2f4e-fe5a-41d3-bc7c-5c4bc7c0cd91
3eb28f55-3fae-4bbd-b4a9-bb48f96775aa,69b0e5b9-3be2-4ec3-a9a6-bb5b523d4b32,7a1b2a2c-84b5-445e-a06c-fe8b06bc1fbf
3eb28f55-3fae-4bbd-b4a9-bb48f96775aa,69b0e5b9-3be2-4ec3-a9a6-bb5b523d4b32,750120c8-1d4b-4fed-8908-ce14e30d3e15
3eb28f55-3fae-4bbd-b4a9-bb48f96775aa,69b0e5b9-3be2-4ec3-a9a6-bb5b523d4b32,fcd7f192-b04e-4765-90cf-5cc4f6125619
3eb28f55-3fae-4bbd-b4a9-bb48f96775aa,69b0e5b9-3be2-4ec3-a9a6-bb5b523d4b32,21b2b267-3956-491f-8276-a705b80b3831
3eb28f55-3fae-4bbd-b4a9-bb48f96775aa,69b0e5b9-3be2-4ec3-a9a6-bb5b523d4b32,a980b931-9769-4975-847a-5d81405b213b
3eb28f55-3fae-4bbd-b4a9-bb48f96775aa,8130458f-ae96-4ab3-89b9-21f06a2aac78,a980b931-9769-4975-847a-5d81405b213b
3feb038a-6c2c-4705-90ff-1f97fec8bdc4,69b0e5b9-3be2-4ec3-a9a6-bb5b523d4b32,94a67c11-7e60-5557-8a7c-3fb7883d3b9a
3feb038a-6c2c-4705-90ff-1f97fec8bdc4,69b0e5b9-3be2-4ec3-a9a6-bb5b523d4b32,eb8039bc-6cf0-11ef-8000-bb3209de79c0
3feb038a-6c2c-4705-90ff-1f97fec8bdc4,69b0e5b9-3be2-4ec3-a9a6-bb5b523d4b32,da334c89-29ad-56a6-852b-1ab5940f21f6
3feb038a-6c2c-4705-90ff-1f97fec8bdc4,69b0e5b9-3be2-4ec3-a9a6-bb5b523d4b32,4434b643-41f7-5372-972a-85c22d1060e6
3feb038a-6c2c-4705-90ff-1f97fec8bdc4,69b0e5b9-3be2-4ec3-a9a6-bb5b523d4b32,4ec897fb-cc41-450f-8521-0a43e6db40a6
3feb038a-6c2c-4705-90ff-1f97fec8bdc4,69b0e5b9-3be2-4ec3-a9a6-bb5b523d4b32,01e734f7-3c78-409e-9049-a1a706f66685
3feb038a-6c2c-4705-90ff-1f97fec8bdc4,69b0e5b9-3be2-4ec3-a9a6-bb5b523d4b32,21b2b267-3956-491f-8276-a705b80b3831
3feb038a-6c2c-4705-90ff-1f97fec8bdc4,69b0e5b9-3be2-4ec3-a9a6-bb5b523d4b32,518f088d-1e08-4ee9-bada-620d0b8d069d
3feb038a-6c2c-4705-90ff-1f97fec8bdc4,69b0e5b9-3be2-4ec3-a9a6-bb5b523d4b32,25017629-9e9e-4ae4-98ef-9e579ff5f69e
3feb038a-6c2c-4705-90ff-1f97fec8bdc4,69b0e5b9-3be2-4ec3-a9a6-bb5b523d4b32,8c4e2d0a-ae38-58e6-84a4-3563d3c484f4
3feb038a-6c2c-4705-90ff-1f97fec8bdc4,69b0e5b9-3be2-4ec3-a9a6-bb5b523d4b32,4e292a65-9a0d-4bfa-9e4f-16ae238c2627
3feb038a-6c2c-4705-90ff-1f97fec8bdc4,8130458f-ae96-4ab3-89b9-21f06a2aac78,4e292a65-9a0d-4bfa-9e4f-16ae238c2627
40a5ab24-f21a-4e48-b053-e509809aa532,69b0e5b9-3be2-4ec3-a9a6-bb5b523d4b32,c37bb10c-96d3-5039-9612-6cd415ce6a23
40a5ab24-f21a-4e48-b053-e509809aa532,69b0e5b9-3be2-4ec3-a9a6-bb5b523d4b32,eab32061-6cf0-11ef-8000-bb3209de79c0
40a5ab24-f21a-4e48-b053-e509809aa532,69b0e5b9-3be2-4ec3-a9a6-bb5b523d4b32,da334c89-29ad-56a6-852b-1ab5940f21f6
40a5ab24-f21a-4e48-b053-e509809aa532,69b0e5b9-3be2-4ec3-a9a6-bb5b523d4b32,48a9897e-e810-527a-bcd6-daa7ad74da86
40a5ab24-f21a-4e48-b053-e509809aa532,69b0e5b9-3be2-4ec3-a9a6-bb5b523d4b32,7beaf4a9-bbe3-4fd9-bfac-746d25703270
40a5ab24-f21a-4e48-b053-e509809aa532,69b0e5b9-3be2-4ec3-a9a6-bb5b523d4b32,48bc2f4e-fe5a-41d3-bc7c-5c4bc7c0cd91
40a5ab24-f21a-4e48-b053-e509809aa532,69b0e5b9-3be2-4ec3-a9a6-bb5b523d4b32,7a1b2a2c-84b5-445e-a06c-fe8b06bc1fbf
40a5ab24-f21a-4e48-b053-e509809aa532,69b0e5b9-3be2-4ec3-a9a6-bb5b523d4b32,750120c8-1d4b-4fed-8908-ce14e30d3e15
40a5ab24-f21a-4e48-b053-e509809aa532,69b0e5b9-3be2-4ec3-a9a6-bb5b523d4b32,fcd7f192-b04e-4765-90cf-5cc4f6125619
40a5ab24-f21a-4e48-b053-e509809aa532,69b0e5b9-3be2-4ec3-a9a6-bb5b523d4b32,21b2b267-3956-491f-8276-a705b80b3831
40a5ab24-f21a-4e48-b053-e509809aa532,69b0e5b9-3be2-4ec3-a9a6-bb5b523d4b32,a980b931-9769-4975-847a-5d81405b213b
40a5ab24-f21a-4e48-b053-e509809aa532,8130458f-ae96-4ab3-89b9-21f06a2aac78,a980b931-9769-4975-847a-5d81405b213b
40f5398d-83e3-40c0-be69-0ec34feff51a,69b0e5b9-3be2-4ec3-a9a6-bb5b523d4b32,6026404d-fddf-55c3-be51-306a6b510a6a
40f5398d-83e3-40c0-be69-0ec34feff51a,69b0e5b9-3be2-4ec3-a9a6-bb5b523d4b32,ccf8d746-d1ee-549e-a005-f3836d72518a
40f5398d-83e3-40c0-be69-0ec34feff51a,69b0e5b9-3be2-4ec3-a9a6-bb5b523d4b32,77b42dd2-62e2-11ef-8000-bb3209de79c0
40f5398d-83e3-40c0-be69-0ec34feff51a,69b0e5b9-3be2-4ec3-a9a6-bb5b523d4b32,da334c89-29ad-56a6-852b-1ab5940f21f6
40f5398d-83e3-40c0-be69-0ec34feff51a,69b0e5b9-3be2-4ec3-a9a6-bb5b523d4b32,4df7eea7-3a2d-50a1-b12b-c7ca87c05818
40f5398d-83e3-40c0-be69-0ec34feff51a,69b0e5b9-3be2-4ec3-a9a6-bb5b523d4b32,183e2482-f8b5-4345-8a6f-eebba54ee21d
40f5398d-83e3-40c0-be69-0ec34feff51a,69b0e5b9-3be2-4ec3-a9a6-bb5b523d4b32,a51d6887-725c-4cbc-9c94-593de8bac94d
40f5398d-83e3-40c0-be69-0ec34feff51a,69b0e5b9-3be2-4ec3-a9a6-bb5b523d4b32,4ab749af-25a0-4906-8783-9337a543dffa
40f5398d-83e3-40c0-be69-0ec34feff51a,7d11b956-0014-43be-9a3e-f89e2b31ec4f,4ab749af-25a0-4906-8783-9337a543dffa
42170b95-f059-45d6-9f48-2faf19890285,69b0e5b9-3be2-4ec3-a9a6-bb5b523d4b32,a445d29b-2ba7-5a46-8885-5a5d11680eba
42170b95-f059-45d6-9f48-2faf19890285,69b0e5b9-3be2-4ec3-a9a6-bb5b523d4b32,eb65869b-6cf0-11ef-8000-bb3209de79c0
42170b95-f059-45d6-9f48-2faf19890285,69b0e5b9-3be2-4ec3-a9a6-bb5b523d4b32,da334c89-29ad-56a6-852b-1ab5940f21f6
42170b95-f059-45d6-9f48-2faf19890285,69b0e5b9-3be2-4ec3-a9a6-bb5b523d4b32,3d2d2380-4c6d-11f0-8000-bb3209de79c0
42170b95-f059-45d6-9f48-2faf19890285,69b0e5b9-3be2-4ec3-a9a6-bb5b523d4b32,21b2b267-3956-491f-8276-a705b80b3831
42170b95-f059-45d6-9f48-2faf19890285,69b0e5b9-3be2-4ec3-a9a6-bb5b523d4b32,31c79380-d8c8-4304-bd35-6448e6378c41
42170b95-f059-45d6-9f48-2faf19890285,69b0e5b9-3be2-4ec3-a9a6-bb5b523d4b32,6bb0b0b6-41cd-4bb3-a0e8-d483b25f6cf1
42170b95-f059-45d6-9f48-2faf19890285,8130458f-ae96-4ab3-89b9-21f06a2aac78,6bb0b0b6-41cd-4bb3-a0e8-d483b25f6cf1
425cd7fd-2610-431e-9029-150e25c30eb0,69b0e5b9-3be2-4ec3-a9a6-bb5b523d4b32,85150212-a4ca-5b7f-93e5-befb0f9b7a58
425cd7fd-2610-431e-9029-150e25c30eb0,69b0e5b9-3be2-4ec3-a9a6-bb5b523d4b32,eb4f2c0e-6cf0-11ef-8000-bb3209de79c0
425cd7fd-2610-431e-9029-150e25c30eb0,69b0e5b9-3be2-4ec3-a9a6-bb5b523d4b32,da334c89-29ad-56a6-852b-1ab5940f21f6
425cd7fd-2610-431e-9029-150e25c30eb0,69b0e5b9-3be2-4ec3-a9a6-bb5b523d4b32,a8bce88a-9930-55fb-99b5-e5617b205abc
425cd7fd-2610-431e-9029-150e25c30eb0,69b0e5b9-3be2-4ec3-a9a6-bb5b523d4b32,94980575-029e-4997-a325-dd0e9ca1f442
425cd7fd-2610-431e-9029-150e25c30eb0,69b0e5b9-3be2-4ec3-a9a6-bb5b523d4b32,396dbeb1-d478-4bb4-9b4c-295912158f48
425cd7fd-2610-431e-9029-150e25c30eb0,69b0e5b9-3be2-4ec3-a9a6-bb5b523d4b32,ad27f18d-99e2-4402-8803-4825e4a439c6
425cd7fd-2610-431e-9029-150e25c30eb0,69b0e5b9-3be2-4ec3-a9a6-bb5b523d4b32,21b2b267-3956-491f-8276-a705b80b3831
425cd7fd-2610-431e-9029-150e25c30eb0,69b0e5b9-3be2-4ec3-a9a6-bb5b523d4b32,ed3af5ca-0f74-4794-bda3-abd64300b1ca
425cd7fd-2610-431e-9029-150e25c30eb0,69b0e5b9-3be2-4ec3-a9a6-bb5b523d4b32,3603c6e0-605b-48a0-ad84-47c17d98bf6b
425cd7fd-2610-431e-9029-150e25c30eb0,8130458f-ae96-4ab3-89b9-21f06a2aac78,3603c6e0-605b-48a0-ad84-47c17d98bf6b
42ab476a-a72b-4d68-b976-e2f8d0a1619f,69b0e5b9-3be2-4ec3-a9a6-bb5b523d4b32,c37bb10c-96d3-5039-9612-6cd415ce6a23
42ab476a-a72b-4d68-b976-e2f8d0a1619f,69b0e5b9-3be2-4ec3-a9a6-bb5b523d4b32,eafe284e-6cf0-11ef-8000-bb3209de79c0
42ab476a-a72b-4d68-b976-e2f8d0a1619f,69b0e5b9-3be2-4ec3-a9a6-bb5b523d4b32,da334c89-29ad-56a6-852b-1ab5940f21f6
42ab476a-a72b-4d68-b976-e2f8d0a1619f,69b0e5b9-3be2-4ec3-a9a6-bb5b523d4b32,565a6506-f9a3-5ef7-8f15-92c6e5e011ce
42ab476a-a72b-4d68-b976-e2f8d0a1619f,69b0e5b9-3be2-4ec3-a9a6-bb5b523d4b32,df97bfed-4494-4041-ae94-bfc86d6c9118
42ab476a-a72b-4d68-b976-e2f8d0a1619f,69b0e5b9-3be2-4ec3-a9a6-bb5b523d4b32,8bf1ea32-e1e8-4196-b346-88614525df2c
42ab476a-a72b-4d68-b976-e2f8d0a1619f,69b0e5b9-3be2-4ec3-a9a6-bb5b523d4b32,7a1b2a2c-84b5-445e-a06c-fe8b06bc1fbf
42ab476a-a72b-4d68-b976-e2f8d0a1619f,69b0e5b9-3be2-4ec3-a9a6-bb5b523d4b32,750120c8-1d4b-4fed-8908-ce14e30d3e15
42ab476a-a72b-4d68-b976-e2f8d0a1619f,69b0e5b9-3be2-4ec3-a9a6-bb5b523d4b32,fcd7f192-b04e-4765-90cf-5cc4f6125619
42ab476a-a72b-4d68-b976-e2f8d0a1619f,69b0e5b9-3be2-4ec3-a9a6-bb5b523d4b32,21b2b267-3956-491f-8276-a705b80b3831
42ab476a-a72b-4d68-b976-e2f8d0a1619f,69b0e5b9-3be2-4ec3-a9a6-bb5b523d4b32,a980b931-9769-4975-847a-5d81405b213b
42ab476a-a72b-4d68-b976-e2f8d0a1619f,8130458f-ae96-4ab3-89b9-21f06a2aac78,a980b931-9769-4975-847a-5d81405b213b
45a88bec-1c88-4bfa-bbf0-a2dd12caf401,69b0e5b9-3be2-4ec3-a9a6-bb5b523d4b32,abab8141-9f3f-5f7a-a6d4-a0bc14074583
45a88bec-1c88-4bfa-bbf0-a2dd12caf401,69b0e5b9-3be2-4ec3-a9a6-bb5b523d4b32,acbf35ab-91f7-51e9-a389-6ed9659277dd
45a88bec-1c88-4bfa-bbf0-a2dd12caf401,69b0e5b9-3be2-4ec3-a9a6-bb5b523d4b32,77b31426-62e2-11ef-8000-bb3209de79c0
45a88bec-1c88-4bfa-bbf0-a2dd12caf401,69b0e5b9-3be2-4ec3-a9a6-bb5b523d4b32,da334c89-29ad-56a6-852b-1ab5940f21f6
45a88bec-1c88-4bfa-bbf0-a2dd12caf401,69b0e5b9-3be2-4ec3-a9a6-bb5b523d4b32,7bc2719b-dd89-5385-b8fa-49d865dcaa61
45a88bec-1c88-4bfa-bbf0-a2dd12caf401,69b0e5b9-3be2-4ec3-a9a6-bb5b523d4b32,fcd7f192-b04e-4765-90cf-5cc4f6125619
45a88bec-1c88-4bfa-bbf0-a2dd12caf401,69b0e5b9-3be2-4ec3-a9a6-bb5b523d4b32,65c798a6-a51f-4bba-872a-a60d49594ec4
45a88bec-1c88-4bfa-bbf0-a2dd12caf401,7d11b956-0014-43be-9a3e-f89e2b31ec4f,65c798a6-a51f-4bba-872a-a60d49594ec4
466ea4e3-837b-4ebc-8b48-3e5ceb396e61,69b0e5b9-3be2-4ec3-a9a6-bb5b523d4b32,a38a618d-86f2-52ee-abf2-03feefe10c7d
466ea4e3-837b-4ebc-8b48-3e5ceb396e61,69b0e5b9-3be2-4ec3-a9a6-bb5b523d4b32,eb511ad0-6cf0-11ef-8000-bb3209de79c0
466ea4e3-837b-4ebc-8b48-3e5ceb396e61,69b0e5b9-3be2-4ec3-a9a6-bb5b523d4b32,da334c89-29ad-56a6-852b-1ab5940f21f6
466ea4e3-837b-4ebc-8b48-3e5ceb396e61,69b0e5b9-3be2-4ec3-a9a6-bb5b523d4b32,3db376c1-3949-5241-a28d-95d849a81dfd
466ea4e3-837b-4ebc-8b48-3e5ceb396e61,69b0e5b9-3be2-4ec3-a9a6-bb5b523d4b32,b11ad57f-e2a3-4d0a-b2ff-01c2e2e46f47
466ea4e3-837b-4ebc-8b48-3e5ceb396e61,69b0e5b9-3be2-4ec3-a9a6-bb5b523d4b32,396dbeb1-d478-4bb4-9b4c-295912158f48
466ea4e3-837b-4ebc-8b48-3e5ceb396e61,69b0e5b9-3be2-4ec3-a9a6-bb5b523d4b32,fba565f5-e89e-40f3-bb1d-32805e835d89
466ea4e3-837b-4ebc-8b48-3e5ceb396e61,69b0e5b9-3be2-4ec3-a9a6-bb5b523d4b32,21b2b267-3956-491f-8276-a705b80b3831
466ea4e3-837b-4ebc-8b48-3e5ceb396e61,69b0e5b9-3be2-4ec3-a9a6-bb5b523d4b32,2f476d95-7185-4b13-aa15-e50d42203f8b
466ea4e3-837b-4ebc-8b48-3e5ceb396e61,69b0e5b9-3be2-4ec3-a9a6-bb5b523d4b32,9704d53d-8560-4569-9f37-8182baab988c
466ea4e3-837b-4ebc-8b48-3e5ceb396e61,69b0e5b9-3be2-4ec3-a9a6-bb5b523d4b32,15d081f0-e663-4b09-b2e1-3f068043f60e
466ea4e3-837b-4ebc-8b48-3e5ceb396e61,69b0e5b9-3be2-4ec3-a9a6-bb5b523d4b32,f9d69eb8-9ab7-44da-b9d0-8256de2b4497
466ea4e3-837b-4ebc-8b48-3e5ceb396e61,8130458f-ae96-4ab3-89b9-21f06a2aac78,f9d69eb8-9ab7-44da-b9d0-8256de2b4497
48bc2f4e-fe5a-41d3-bc7c-5c4bc7c0cd91,69b0e5b9-3be2-4ec3-a9a6-bb5b523d4b32,fa02ca91-ae28-5513-bdae-4bc44229b991
48bc2f4e-fe5a-41d3-bc7c-5c4bc7c0cd91,69b0e5b9-3be2-4ec3-a9a6-bb5b523d4b32,eaae4771-6cf0-11ef-8000-bb3209de79c0
48bc2f4e-fe5a-41d3-bc7c-5c4bc7c0cd91,69b0e5b9-3be2-4ec3-a9a6-bb5b523d4b32,da334c89-29ad-56a6-852b-1ab5940f21f6
48bc2f4e-fe5a-41d3-bc7c-5c4bc7c0cd91,69b0e5b9-3be2-4ec3-a9a6-bb5b523d4b32,635ecaec-615c-56f7-8dc5-6425d0c85b5b
48bc2f4e-fe5a-41d3-bc7c-5c4bc7c0cd91,69b0e5b9-3be2-4ec3-a9a6-bb5b523d4b32,7beaf4a9-bbe3-4fd9-bfac-746d25703270
48bc2f4e-fe5a-41d3-bc7c-5c4bc7c0cd91,69b0e5b9-3be2-4ec3-a9a6-bb5b523d4b32,7a1b2a2c-84b5-445e-a06c-fe8b06bc1fbf
48bc2f4e-fe5a-41d3-bc7c-5c4bc7c0cd91,69b0e5b9-3be2-4ec3-a9a6-bb5b523d4b32,f2fa28ac-1aef-4b86-9a27-8ba4ad802e60
48bc2f4e-fe5a-41d3-bc7c-5c4bc7c0cd91,69b0e5b9-3be2-4ec3-a9a6-bb5b523d4b32,9a6cfc6f-45ab-4247-a794-efe73e71f049
48bc2f4e-fe5a-41d3-bc7c-5c4bc7c0cd91,69b0e5b9-3be2-4ec3-a9a6-bb5b523d4b32,21b2b267-3956-491f-8276-a705b80b3831
48bc2f4e-fe5a-41d3-bc7c-5c4bc7c0cd91,69b0e5b9-3be2-4ec3-a9a6-bb5b523d4b32,dabf85cb-c1e7-489b-aa66-0572dd1bd1dd
48bc2f4e-fe5a-41d3-bc7c-5c4bc7c0cd91,8130458f-ae96-4ab3-89b9-21f06a2aac78,dabf85cb-c1e7-489b-aa66-0572dd1bd1dd
48da83e2-3f8a-4720-8771-2f697d025931,69b0e5b9-3be2-4ec3-a9a6-bb5b523d4b32,c37bb10c-96d3-5039-9612-6cd415ce6a23
48da83e2-3f8a-4720-8771-2f697d025931,69b0e5b9-3be2-4ec3-a9a6-bb5b523d4b32,eae12543-6cf0-11ef-8000-bb3209de79c0
48da83e2-3f8a-4720-8771-2f697d025931,69b0e5b9-3be2-4ec3-a9a6-bb5b523d4b32,da334c89-29ad-56a6-852b-1ab5940f21f6
48da83e2-3f8a-4720-8771-2f697d025931,69b0e5b9-3be2-4ec3-a9a6-bb5b523d4b32,0eb50f6b-ac83-5270-a002-4412105dd4f7
48da83e2-3f8a-4720-8771-2f697d025931,69b0e5b9-3be2-4ec3-a9a6-bb5b523d4b32,7beaf4a9-bbe3-4fd9-bfac-746d25703270
48da83e2-3f8a-4720-8771-2f697d025931,69b0e5b9-3be2-4ec3-a9a6-bb5b523d4b32,48bc2f4e-fe5a-41d3-bc7c-5c4bc7c0cd91
48da83e2-3f8a-4720-8771-2f697d025931,69b0e5b9-3be2-4ec3-a9a6-bb5b523d4b32,7a1b2a2c-84b5-445e-a06c-fe8b06bc1fbf
48da83e2-3f8a-4720-8771-2f697d025931,69b0e5b9-3be2-4ec3-a9a6-bb5b523d4b32,750120c8-1d4b-4fed-8908-ce14e30d3e15
48da83e2-3f8a-4720-8771-2f697d025931,69b0e5b9-3be2-4ec3-a9a6-bb5b523d4b32,fcd7f192-b04e-4765-90cf-5cc4f6125619
48da83e2-3f8a-4720-8771-2f697d025931,69b0e5b9-3be2-4ec3-a9a6-bb5b523d4b32,21b2b267-3956-491f-8276-a705b80b3831
48da83e2-3f8a-4720-8771-2f697d025931,69b0e5b9-3be2-4ec3-a9a6-bb5b523d4b32,a980b931-9769-4975-847a-5d81405b213b
48da83e2-3f8a-4720-8771-2f697d025931,8130458f-ae96-4ab3-89b9-21f06a2aac78,a980b931-9769-4975-847a-5d81405b213b
4da36995-83eb-4d30-a853-3e6851df60b8,69b0e5b9-3be2-4ec3-a9a6-bb5b523d4b32,5efa2f5e-5f8b-5e1c-93c6-77327c916e5f
4da36995-83eb-4d30-a853-3e6851df60b8,69b0e5b9-3be2-4ec3-a9a6-bb5b523d4b32,eb82693f-6cf0-11ef-8000-bb3209de79c0
4da36995-83eb-4d30-a853-3e6851df60b8,69b0e5b9-3be2-4ec3-a9a6-bb5b523d4b32,da334c89-29ad-56a6-852b-1ab5940f21f6
4da36995-83eb-4d30-a853-3e6851df60b8,69b0e5b9-3be2-4ec3-a9a6-bb5b523d4b32,677e31bd-df3b-5ef6-af95-6b90f6674c7b
4da36995-83eb-4d30-a853-3e6851df60b8,69b0e5b9-3be2-4ec3-a9a6-bb5b523d4b32,4ec897fb-cc41-450f-8521-0a43e6db40a6
4da36995-83eb-4d30-a853-3e6851df60b8,69b0e5b9-3be2-4ec3-a9a6-bb5b523d4b32,01e734f7-3c78-409e-9049-a1a706f66685
4da36995-83eb-4d30-a853-3e6851df60b8,69b0e5b9-3be2-4ec3-a9a6-bb5b523d4b32,66a6cd3b-ab4d-4161-98a9-6e0b767a2705
4da36995-83eb-4d30-a853-3e6851df60b8,69b0e5b9-3be2-4ec3-a9a6-bb5b523d4b32,21b2b267-3956-491f-8276-a705b80b3831
4da36995-83eb-4d30-a853-3e6851df60b8,69b0e5b9-3be2-4ec3-a9a6-bb5b523d4b32,a7fbc436-d312-4a69-98c8-afa67470b110
4da36995-83eb-4d30-a853-3e6851df60b8,69b0e5b9-3be2-4ec3-a9a6-bb5b523d4b32,b4b7f338-7eed-46ce-81bf-35b6d53bdf81
4da36995-83eb-4d30-a853-3e6851df60b8,69b0e5b9-3be2-4ec3-a9a6-bb5b523d4b32,fcae9992-8838-447e-a530-5f63aab304b2
4da36995-83eb-4d30-a853-3e6851df60b8,8130458f-ae96-4ab3-89b9-21f06a2aac78,fcae9992-8838-447e-a530-5f63aab304b2
4ec897fb-cc41-450f-8521-0a43e6db40a6,69b0e5b9-3be2-4ec3-a9a6-bb5b523d4b32,a445d29b-2ba7-5a46-8885-5a5d11680eba
4ec897fb-cc41-450f-8521-0a43e6db40a6,69b0e5b9-3be2-4ec3-a9a6-bb5b523d4b32,eb25c804-6cf0-11ef-8000-bb3209de79c0
4ec897fb-cc41-450f-8521-0a43e6db40a6,69b0e5b9-3be2-4ec3-a9a6-bb5b523d4b32,da334c89-29ad-56a6-852b-1ab5940f21f6
4ec897fb-cc41-450f-8521-0a43e6db40a6,69b0e5b9-3be2-4ec3-a9a6-bb5b523d4b32,23d28a00-20c5-11ed-8000-bb3209de79c0
4ec897fb-cc41-450f-8521-0a43e6db40a6,69b0e5b9-3be2-4ec3-a9a6-bb5b523d4b32,21b2b267-3956-491f-8276-a705b80b3831
4ec897fb-cc41-450f-8521-0a43e6db40a6,69b0e5b9-3be2-4ec3-a9a6-bb5b523d4b32,31c79380-d8c8-4304-bd35-6448e6378c41
4ec897fb-cc41-450f-8521-0a43e6db40a6,69b0e5b9-3be2-4ec3-a9a6-bb5b523d4b32,6bb0b0b6-41cd-4bb3-a0e8-d483b25f6cf1
4ec897fb-cc41-450f-8521-0a43e6db40a6,8130458f-ae96-4ab3-89b9-21f06a2aac78,6bb0b0b6-41cd-4bb3-a0e8-d483b25f6cf1
50195e56-886f-4dba-82d3-0e6d81f03e63,69b0e5b9-3be2-4ec3-a9a6-bb5b523d4b32,c37bb10c-96d3-5039-9612-6cd415ce6a23
50195e56-886f-4dba-82d3-0e6d81f03e63,69b0e5b9-3be2-4ec3-a9a6-bb5b523d4b32,eabda7a6-6cf0-11ef-8000-bb3209de79c0
50195e56-886f-4dba-82d3-0e6d81f03e63,69b0e5b9-3be2-4ec3-a9a6-bb5b523d4b32,da334c89-29ad-56a6-852b-1ab5940f21f6
50195e56-886f-4dba-82d3-0e6d81f03e63,69b0e5b9-3be2-4ec3-a9a6-bb5b523d4b32,fc987cd4-e5e3-5277-bff9-4826c717120b
50195e56-886f-4dba-82d3-0e6d81f03e63,69b0e5b9-3be2-4ec3-a9a6-bb5b523d4b32,7beaf4a9-bbe3-4fd9-bfac-746d25703270
50195e56-886f-4dba-82d3-0e6d81f03e63,69b0e5b9-3be2-4ec3-a9a6-bb5b523d4b32,48bc2f4e-fe5a-41d3-bc7c-5c4bc7c0cd91
50195e56-886f-4dba-82d3-0e6d81f03e63,69b0e5b9-3be2-4ec3-a9a6-bb5b523d4b32,7a1b2a2c-84b5-445e-a06c-fe8b06bc1fbf
50195e56-886f-4dba-82d3-0e6d81f03e63,69b0e5b9-3be2-4ec3-a9a6-bb5b523d4b32,750120c8-1d4b-4fed-8908-ce14e30d3e15
50195e56-886f-4dba-82d3-0e6d81f03e63,69b0e5b9-3be2-4ec3-a9a6-bb5b523d4b32,fcd7f192-b04e-4765-90cf-5cc4f6125619
50195e56-886f-4dba-82d3-0e6d81f03e63,69b0e5b9-3be2-4ec3-a9a6-bb5b523d4b32,21b2b267-3956-491f-8276-a705b80b3831
50195e56-886f-4dba-82d3-0e6d81f03e63,69b0e5b9-3be2-4ec3-a9a6-bb5b523d4b32,a980b931-9769-4975-847a-5d81405b213b
50195e56-886f-4dba-82d3-0e6d81f03e63,8130458f-ae96-4ab3-89b9-21f06a2aac78,a980b931-9769-4975-847a-5d81405b213b
5083baf0-6fe0-43ac-a325-746906738e4c,69b0e5b9-3be2-4ec3-a9a6-bb5b523d4b32,c37bb10c-96d3-5039-9612-6cd415ce6a23
5083baf0-6fe0-43ac-a325-746906738e4c,69b0e5b9-3be2-4ec3-a9a6-bb5b523d4b32,eab52c72-6cf0-11ef-8000-bb3209de79c0
5083baf0-6fe0-43ac-a325-746906738e4c,69b0e5b9-3be2-4ec3-a9a6-bb5b523d4b32,da334c89-29ad-56a6-852b-1ab5940f21f6
5083baf0-6fe0-43ac-a325-746906738e4c,69b0e5b9-3be2-4ec3-a9a6-bb5b523d4b32,eb042972-77ee-50b6-94c6-5d129090860d
5083baf0-6fe0-43ac-a325-746906738e4c,69b0e5b9-3be2-4ec3-a9a6-bb5b523d4b32,7beaf4a9-bbe3-4fd9-bfac-746d25703270
5083baf0-6fe0-43ac-a325-746906738e4c,69b0e5b9-3be2-4ec3-a9a6-bb5b523d4b32,48bc2f4e-fe5a-41d3-bc7c-5c4bc7c0cd91
5083baf0-6fe0-43ac-a325-746906738e4c,69b0e5b9-3be2-4ec3-a9a6-bb5b523d4b32,7a1b2a2c-84b5-445e-a06c-fe8b06bc1fbf
5083baf0-6fe0-43ac-a325-746906738e4c,69b0e5b9-3be2-4ec3-a9a6-bb5b523d4b32,750120c8-1d4b-4fed-8908-ce14e30d3e15
5083baf0-6fe0-43ac-a325-746906738e4c,69b0e5b9-3be2-4ec3-a9a6-bb5b523d4b32,fcd7f192-b04e-4765-90cf-5cc4f6125619
5083baf0-6fe0-43ac-a325-746906738e4c,69b0e5b9-3be2-4ec3-a9a6-bb5b523d4b32,21b2b267-3956-491f-8276-a705b80b3831
5083baf0-6fe0-43ac-a325-746906738e4c,69b0e5b9-3be2-4ec3-a9a6-bb5b523d4b32,a980b931-9769-4975-847a-5d81405b213b
5083baf0-6fe0-43ac-a325-746906738e4c,8130458f-ae96-4ab3-89b9-21f06a2aac78,a980b931-9769-4975-847a-5d81405b213b
50c731fe-148f-4c67-b15b-e368cee39949,69b0e5b9-3be2-4ec3-a9a6-bb5b523d4b32,23f041c3-638d-574b-a4e5-a6b077194c2f
50c731fe-148f-4c67-b15b-e368cee39949,69b0e5b9-3be2-4ec3-a9a6-bb5b523d4b32,c85ff3fe-e4e0-5a8e-9390-957ed7386ba8
50c731fe-148f-4c67-b15b-e368cee39949,69b0e5b9-3be2-4ec3-a9a6-bb5b523d4b32,77b2cb03-62e2-11ef-8000-bb3209de79c0
50c731fe-148f-4c67-b15b-e368cee39949,69b0e5b9-3be2-4ec3-a9a6-bb5b523d4b32,da334c89-29ad-56a6-852b-1ab5940f21f6
50c731fe-148f-4c67-b15b-e368cee39949,69b0e5b9-3be2-4ec3-a9a6-bb5b523d4b32,d348e83c-7618-5b17-bda6-5f1653f6b229
50c731fe-148f-4c67-b15b-e368cee39949,69b0e5b9-3be2-4ec3-a9a6-bb5b523d4b32,bbdadac6-65c2-4a03-9f74-9784b916378e
50c731fe-148f-4c67-b15b-e368cee39949,7d11b956-0014-43be-9a3e-f89e2b31ec4f,bbdadac6-65c2-4a03-9f74-9784b916378e
50cef304-8f32-4ebc-a327-a316d8498abc,69b0e5b9-3be2-4ec3-a9a6-bb5b523d4b32,c37bb10c-96d3-5039-9612-6cd415ce6a23
50cef304-8f32-4ebc-a327-a316d8498abc,69b0e5b9-3be2-4ec3-a9a6-bb5b523d4b32,eaed28af-6cf0-11ef-8000-bb3209de79c0
50cef304-8f32-4ebc-a327-a316d8498abc,69b0e5b9-3be2-4ec3-a9a6-bb5b523d4b32,da334c89-29ad-56a6-852b-1ab5940f21f6
50cef304-8f32-4ebc-a327-a316d8498abc,69b0e5b9-3be2-4ec3-a9a6-bb5b523d4b32,a67fd8dc-66f9-59d6-9fb8-6eb0509a6dc1
50cef304-8f32-4ebc-a327-a316d8498abc,69b0e5b9-3be2-4ec3-a9a6-bb5b523d4b32,df97bfed-4494-4041-ae94-bfc86d6c9118
50cef304-8f32-4ebc-a327-a316d8498abc,69b0e5b9-3be2-4ec3-a9a6-bb5b523d4b32,8bf1ea32-e1e8-4196-b346-88614525df2c
50cef304-8f32-4ebc-a327-a316d8498abc,69b0e5b9-3be2-4ec3-a9a6-bb5b523d4b32,7a1b2a2c-84b5-445e-a06c-fe8b06bc1fbf
50cef304-8f32-4ebc-a327-a316d8498abc,69b0e5b9-3be2-4ec3-a9a6-bb5b523d4b32,750120c8-1d4b-4fed-8908-ce14e30d3e15
50cef304-8f32-4ebc-a327-a316d8498abc,69b0e5b9-3be2-4ec3-a9a6-bb5b523d4b32,fcd7f192-b04e-4765-90cf-5cc4f6125619
50cef304-8f32-4ebc-a327-a316d8498abc,69b0e5b9-3be2-4ec3-a9a6-bb5b523d4b32,21b2b267-3956-491f-8276-a705b80b3831
50cef304-8f32-4ebc-a327-a316d8498abc,69b0e5b9-3be2-4ec3-a9a6-bb5b523d4b32,a980b931-9769-4975-847a-5d81405b213b
50cef304-8f32-4ebc-a327-a316d8498abc,8130458f-ae96-4ab3-89b9-21f06a2aac78,a980b931-9769-4975-847a-5d81405b213b
518f088d-1e08-4ee9-bada-620d0b8d069d,69b0e5b9-3be2-4ec3-a9a6-bb5b523d4b32,2a0cf3ec-3afd-5350-890e-974a5066c126
518f088d-1e08-4ee9-bada-620d0b8d069d,69b0e5b9-3be2-4ec3-a9a6-bb5b523d4b32,fdfcab08-6674-554a-9224-ee426a370e6d
518f088d-1e08-4ee9-bada-620d0b8d069d,69b0e5b9-3be2-4ec3-a9a6-bb5b523d4b32,77b8e130-62e2-11ef-8000-bb3209de79c0
518f088d-1e08-4ee9-bada-620d0b8d069d,69b0e5b9-3be2-4ec3-a9a6-bb5b523d4b32,da334c89-29ad-56a6-852b-1ab5940f21f6
518f088d-1e08-4ee9-bada-620d0b8d069d,69b0e5b9-3be2-4ec3-a9a6-bb5b523d4b32,9afe9b06-b884-5768-b072-eda21489c016
518f088d-1e08-4ee9-bada-620d0b8d069d,69b0e5b9-3be2-4ec3-a9a6-bb5b523d4b32,efbfe0f6-376d-4461-9f47-f4823d8a426b
518f088d-1e08-4ee9-bada-620d0b8d069d,7d11b956-0014-43be-9a3e-f89e2b31ec4f,efbfe0f6-376d-4461-9f47-f4823d8a426b
53e2438b-47ed-43db-8596-3c3ada6d7f8a,69b0e5b9-3be2-4ec3-a9a6-bb5b523d4b32,c37bb10c-96d3-5039-9612-6cd415ce6a23
53e2438b-47ed-43db-8596-3c3ada6d7f8a,69b0e5b9-3be2-4ec3-a9a6-bb5b523d4b32,eadb6761-6cf0-11ef-8000-bb3209de79c0
53e2438b-47ed-43db-8596-3c3ada6d7f8a,69b0e5b9-3be2-4ec3-a9a6-bb5b523d4b32,da334c89-29ad-56a6-852b-1ab5940f21f6
53e2438b-47ed-43db-8596-3c3ada6d7f8a,69b0e5b9-3be2-4ec3-a9a6-bb5b523d4b32,781c320b-218c-5b16-916e-8fdd21d9fb61
53e2438b-47ed-43db-8596-3c3ada6d7f8a,69b0e5b9-3be2-4ec3-a9a6-bb5b523d4b32,7beaf4a9-bbe3-4fd9-bfac-746d25703270
53e2438b-47ed-43db-8596-3c3ada6d7f8a,69b0e5b9-3be2-4ec3-a9a6-bb5b523d4b32,48bc2f4e-fe5a-41d3-bc7c-5c4bc7c0cd91
53e2438b-47ed-43db-8596-3c3ada6d7f8a,69b0e5b9-3be2-4ec3-a9a6-bb5b523d4b32,7a1b2a2c-84b5-445e-a06c-fe8b06bc1fbf
53e2438b-47ed-43db-8596-3c3ada6d7f8a,69b0e5b9-3be2-4ec3-a9a6-bb5b523d4b32,750120c8-1d4b-4fed-8908-ce14e30d3e15
53e2438b-47ed-43db-8596-3c3ada6d7f8a,69b0e5b9-3be2-4ec3-a9a6-bb5b523d4b32,fcd7f192-b04e-4765-90cf-5cc4f6125619
53e2438b-47ed-43db-8596-3c3ada6d7f8a,69b0e5b9-3be2-4ec3-a9a6-bb5b523d4b32,21b2b267-3956-491f-8276-a705b80b3831
53e2438b-47ed-43db-8596-3c3ada6d7f8a,69b0e5b9-3be2-4ec3-a9a6-bb5b523d4b32,a980b931-9769-4975-847a-5d81405b213b
53e2438b-47ed-43db-8596-3c3ada6d7f8a,8130458f-ae96-4ab3-89b9-21f06a2aac78,a980b931-9769-4975-847a-5d81405b213b
558f3f3e-9680-4bc6-a0a9-b1803156e5de,69b0e5b9-3be2-4ec3-a9a6-bb5b523d4b32,c37bb10c-96d3-5039-9612-6cd415ce6a23
558f3f3e-9680-4bc6-a0a9-b1803156e5de,69b0e5b9-3be2-4ec3-a9a6-bb5b523d4b32,ead552ba-6cf0-11ef-8000-bb3209de79c0
558f3f3e-9680-4bc6-a0a9-b1803156e5de,69b0e5b9-3be2-4ec3-a9a6-bb5b523d4b32,da334c89-29ad-56a6-852b-1ab5940f21f6
558f3f3e-9680-4bc6-a0a9-b1803156e5de,69b0e5b9-3be2-4ec3-a9a6-bb5b523d4b32,6b98b919-1252-5a53-bdcc-a85e9f75babb
558f3f3e-9680-4bc6-a0a9-b1803156e5de,69b0e5b9-3be2-4ec3-a9a6-bb5b523d4b32,7beaf4a9-bbe3-4fd9-bfac-746d25703270
558f3f3e-9680-4bc6-a0a9-b1803156e5de,69b0e5b9-3be2-4ec3-a9a6-bb5b523d4b32,48bc2f4e-fe5a-41d3-bc7c-5c4bc7c0cd91
558f3f3e-9680-4bc6-a0a9-b1803156e5de,69b0e5b9-3be2-4ec3-a9a6-bb5b523d4b32,7a1b2a2c-84b5-445e-a06c-fe8b06bc1fbf
558f3f3e-9680-4bc6-a0a9-b1803156e5de,69b0e5b9-3be2-4ec3-a9a6-bb5b523d4b32,750120c8-1d4b-4fed-8908-ce14e30d3e15
558f3f3e-9680-4bc6-a0a9-b1803156e5de,69b0e5b9-3be2-4ec3-a9a6-bb5b523d4b32,fcd7f192-b04e-4765-90cf-5cc4f6125619
558f3f3e-9680-4bc6-a0a9-b1803156e5de,69b0e5b9-3be2-4ec3-a9a6-bb5b523d4b32,21b2b267-3956-491f-8276-a705b80b3831
558f3f3e-9680-4bc6-a0a9-b1803156e5de,69b0e5b9-3be2-4ec3-a9a6-bb5b523d4b32,a980b931-9769-4975-847a-5d81405b213b
558f3f3e-9680-4bc6-a0a9-b1803156e5de,8130458f-ae96-4ab3-89b9-21f06a2aac78,a980b931-9769-4975-847a-5d81405b213b
58b06ec5-b9df-437d-9ebb-a338dbd9a1ab,69b0e5b9-3be2-4ec3-a9a6-bb5b523d4b32,6026404d-fddf-55c3-be51-306a6b510a6a
58b06ec5-b9df-437d-9ebb-a338dbd9a1ab,69b0e5b9-3be2-4ec3-a9a6-bb5b523d4b32,4125fd48-efb6-5d18-8eca-335f3c7c9043
58b06ec5-b9df-437d-9ebb-a338dbd9a1ab,69b0e5b9-3be2-4ec3-a9a6-bb5b523d4b32,77b4794d-62e2-11ef-8000-bb3209de79c0
58b06ec5-b9df-437d-9ebb-a338dbd9a1ab,69b0e5b9-3be2-4ec3-a9a6-bb5b523d4b32,da334c89-29ad-56a6-852b-1ab5940f21f6
58b06ec5-b9df-437d-9ebb-a338dbd9a1ab,69b0e5b9-3be2-4ec3-a9a6-bb5b523d4b32,71f95789-c56f-5f53-9879-26f5664e673c
58b06ec5-b9df-437d-9ebb-a338dbd9a1ab,69b0e5b9-3be2-4ec3-a9a6-bb5b523d4b32,f7406282-1a0b-4ad6-8d04-10d504fd9851
58b06ec5-b9df-437d-9ebb-a338dbd9a1ab,69b0e5b9-3be2-4ec3-a9a6-bb5b523d4b32,fba565f5-e89e-40f3-bb1d-32805e835d89
58b06ec5-b9df-437d-9ebb-a338dbd9a1ab,69b0e5b9-3be2-4ec3-a9a6-bb5b523d4b32,4ab749af-25a0-4906-8783-9337a543dffa
58b06ec5-b9df-437d-9ebb-a338dbd9a1ab,7d11b956-0014-43be-9a3e-f89e2b31ec4f,4ab749af-25a0-4906-8783-9337a543dffa
59c211c5-337c-4a25-8a31-919f7dd37314,69b0e5b9-3be2-4ec3-a9a6-bb5b523d4b32,23f041c3-638d-574b-a4e5-a6b077194c2f
59c211c5-337c-4a25-8a31-919f7dd37314,69b0e5b9-3be2-4ec3-a9a6-bb5b523d4b32,fb75a34d-6867-5278-b798-f53a304f773a
59c211c5-337c-4a25-8a31-919f7dd37314,69b0e5b9-3be2-4ec3-a9a6-bb5b523d4b32,77b57430-62e2-11ef-8000-bb3209de79c0
59c211c5-337c-4a25-8a31-919f7dd37314,69b0e5b9-3be2-4ec3-a9a6-bb5b523d4b32,da334c89-29ad-56a6-852b-1ab5940f21f6
59c211c5-337c-4a25-8a31-919f7dd37314,69b0e5b9-3be2-4ec3-a9a6-bb5b523d4b32,682da105-9817-5010-bfa0-5f1ba8f71536
59c211c5-337c-4a25-8a31-919f7dd37314,69b0e5b9-3be2-4ec3-a9a6-bb5b523d4b32,187fa880-21ee-41b8-b365-b27cd1d2b8a0
59c211c5-337c-4a25-8a31-919f7dd37314,69b0e5b9-3be2-4ec3-a9a6-bb5b523d4b32,bbdadac6-65c2-4a03-9f74-9784b916378e
59c211c5-337c-4a25-8a31-919f7dd37314,7d11b956-0014-43be-9a3e-f89e2b31ec4f,bbdadac6-65c2-4a03-9f74-9784b916378e
5ae35f95-51d6-4b79-9880-21b220353324,69b0e5b9-3be2-4ec3-a9a6-bb5b523d4b32,94a67c11-7e60-5557-8a7c-3fb7883d3b9a
5ae35f95-51d6-4b79-9880-21b220353324,69b0e5b9-3be2-4ec3-a9a6-bb5b523d4b32,eb6f1687-6cf0-11ef-8000-bb3209de79c0
5ae35f95-51d6-4b79-9880-21b220353324,69b0e5b9-3be2-4ec3-a9a6-bb5b523d4b32,da334c89-29ad-56a6-852b-1ab5940f21f6
5ae35f95-51d6-4b79-9880-21b220353324,69b0e5b9-3be2-4ec3-a9a6-bb5b523d4b32,bb287429-9694-59e4-b750-f28b800dcbd4
5ae35f95-51d6-4b79-9880-21b220353324,69b0e5b9-3be2-4ec3-a9a6-bb5b523d4b32,769bd0c3-9b4c-4723-8cd8-b8c0bd4d7264
5ae35f95-51d6-4b79-9880-21b220353324,69b0e5b9-3be2-4ec3-a9a6-bb5b523d4b32,dca5a5b1-68ed-4600-b3f0-acb5652f1357
5ae35f95-51d6-4b79-9880-21b220353324,69b0e5b9-3be2-4ec3-a9a6-bb5b523d4b32,21b2b267-3956-491f-8276-a705b80b3831
5ae35f95-51d6-4b79-9880-21b220353324,69b0e5b9-3be2-4ec3-a9a6-bb5b523d4b32,5d372230-d516-45bd-94f4-0064f09f1f67
5ae35f95-51d6-4b79-9880-21b220353324,69b0e5b9-3be2-4ec3-a9a6-bb5b523d4b32,f0bb3398-a594-438e-9689-b9033fc987f9
5ae35f95-51d6-4b79-9880-21b220353324,69b0e5b9-3be2-4ec3-a9a6-bb5b523d4b32,ef903dd2-9f48-5fc7-a04c-b04b321c780f
5ae35f95-51d6-4b79-9880-21b220353324,69b0e5b9-3be2-4ec3-a9a6-bb5b523d4b32,4e292a65-9a0d-4bfa-9e4f-16ae238c2627
5ae35f95-51d6-4b79-9880-21b220353324,8130458f-ae96-4ab3-89b9-21f06a2aac78,4e292a65-9a0d-4bfa-9e4f-16ae238c2627
5b0e6f24-79ce-42b0-8d26-e1855228af24,69b0e5b9-3be2-4ec3-a9a6-bb5b523d4b32,e07afcc4-447a-58b4-b0e5-6949419f0ec3
5b0e6f24-79ce-42b0-8d26-e1855228af24,69b0e5b9-3be2-4ec3-a9a6-bb5b523d4b32,04039c7b-5dc5-53b8-814e-79f664940ac8
5b0e6f24-79ce-42b0-8d26-e1855228af24,69b0e5b9-3be2-4ec3-a9a6-bb5b523d4b32,77b48e44-62e2-11ef-8000-bb3209de79c0
5b0e6f24-79ce-42b0-8d26-e1855228af24,69b0e5b9-3be2-4ec3-a9a6-bb5b523d4b32,da334c89-29ad-56a6-852b-1ab5940f21f6
5b0e6f24-79ce-42b0-8d26-e1855228af24,69b0e5b9-3be2-4ec3-a9a6-bb5b523d4b32,53ba8529-e0c3-50eb-81dd-ddf9f079b803
5b0e6f24-79ce-42b0-8d26-e1855228af24,69b0e5b9-3be2-4ec3-a9a6-bb5b523d4b32,2699b39d-7e68-4850-be72-d76c17355d48
5b0e6f24-79ce-42b0-8d26-e1855228af24,69b0e5b9-3be2-4ec3-a9a6-bb5b523d4b32,828b8a81-f980-4c91-b1bd-07228f20c524
5b0e6f24-79ce-42b0-8d26-e1855228af24,7d11b956-0014-43be-9a3e-f89e2b31ec4f,828b8a81-f980-4c91-b1bd-07228f20c524
5c59e5a4-7315-478e-be99-709c0d177704,69b0e5b9-3be2-4ec3-a9a6-bb5b523d4b32,6bf3f105-9764-51f5-96d3-e21be73b8822
5c59e5a4-7315-478e-be99-709c0d177704,69b0e5b9-3be2-4ec3-a9a6-bb5b523d4b32,edcace01-6f7a-5579-8245-f70072fa086c
5c59e5a4-7315-478e-be99-709c0d177704,69b0e5b9-3be2-4ec3-a9a6-bb5b523d4b32,77b31b4f-62e2-11ef-8000-bb3209de79c0
5c59e5a4-7315-478e-be99-709c0d177704,69b0e5b9-3be2-4ec3-a9a6-bb5b523d4b32,da334c89-29ad-56a6-852b-1ab5940f21f6
5c59e5a4-7315-478e-be99-709c0d177704,69b0e5b9-3be2-4ec3-a9a6-bb5b523d4b32,0ea676b4-1ecc-5fc1-99dd-271deda9237d
5c59e5a4-7315-478e-be99-709c0d177704,69b0e5b9-3be2-4ec3-a9a6-bb5b523d4b32,9a6cfc6f-45ab-4247-a794-efe73e71f049
5c59e5a4-7315-478e-be99-709c0d177704,69b0e5b9-3be2-4ec3-a9a6-bb5b523d4b32,b3b33e0d-bdb4-42f6-a39a-2b99e8e7163c
5c59e5a4-7315-478e-be99-709c0d177704,7d11b956-0014-43be-9a3e-f89e2b31ec4f,b3b33e0d-bdb4-42f6-a39a-2b99e8e7163c
5d372230-d516-45bd-94f4-0064f09f1f67,69b0e5b9-3be2-4ec3-a9a6-bb5b523d4b32,2a0cf3ec-3afd-5350-890e-974a5066c126
5d372230-d516-45bd-94f4-0064f09f1f67,69b0e5b9-3be2-4ec3-a9a6-bb5b523d4b32,d6d15190-ef79-5ab7-b01d-e0d03a256ece
5d372230-d516-45bd-94f4-0064f09f1f67,69b0e5b9-3be2-4ec3-a9a6-bb5b523d4b32,77b8da65-62e2-11ef-8000-bb3209de79c0
5d372230-d516-45bd-94f4-0064f09f1f67,69b0e5b9-3be2-4ec3-a9a6-bb5b523d4b32,da334c89-29ad-56a6-852b-1ab5940f21f6
5d372230-d516-45bd-94f4-0064f09f1f67,69b0e5b9-3be2-4ec3-a9a6-bb5b523d4b32,c443bc00-b5a5-5561-aec6-878ff2f74295
5d372230-d516-45bd-94f4-0064f09f1f67,69b0e5b9-3be2-4ec3-a9a6-bb5b523d4b32,efbfe0f6-376d-4461-9f47-f4823d8a426b
5d372230-d516-45bd-94f4-0064f09f1f67,7d11b956-0014-43be-9a3e-f89e2b31ec4f,efbfe0f6-376d-4461-9f47-f4823d8a426b
5d8b7616-9529-4665-9c4b-e114bf41bdda,69b0e5b9-3be2-4ec3-a9a6-bb5b523d4b32,c37bb10c-96d3-5039-9612-6cd415ce6a23
5d8b7616-9529-4665-9c4b-e114bf41bdda,69b0e5b9-3be2-4ec3-a9a6-bb5b523d4b32,ead0a43c-6cf0-11ef-8000-bb3209de79c0
5d8b7616-9529-4665-9c4b-e114bf41bdda,69b0e5b9-3be2-4ec3-a9a6-bb5b523d4b32,da334c89-29ad-56a6-852b-1ab5940f21f6
5d8b7616-9529-4665-9c4b-e114bf41bdda,69b0e5b9-3be2-4ec3-a9a6-bb5b523d4b32,8824c93d-731b-518a-9d26-be29b2cb7d7b
5d8b7616-9529-4665-9c4b-e114bf41bdda,69b0e5b9-3be2-4ec3-a9a6-bb5b523d4b32,7beaf4a9-bbe3-4fd9-bfac-746d25703270
5d8b7616-9529-4665-9c4b-e114bf41bdda,69b0e5b9-3be2-4ec3-a9a6-bb5b523d4b32,48bc2f4e-fe5a-41d3-bc7c-5c4bc7c0cd91
5d8b7616-9529-4665-9c4b-e114bf41bdda,69b0e5b9-3be2-4ec3-a9a6-bb5b523d4b32,7a1b2a2c-84b5-445e-a06c-fe8b06bc1fbf
5d8b7616-9529-4665-9c4b-e114bf41bdda,69b0e5b9-3be2-4ec3-a9a6-bb5b523d4b32,750120c8-1d4b-4fed-8908-ce14e30d3e15
5d8b7616-9529-4665-9c4b-e114bf41bdda,69b0e5b9-3be2-4ec3-a9a6-bb5b523d4b32,fcd7f192-b04e-4765-90cf-5cc4f6125619
5d8b7616-9529-4665-9c4b-e114bf41bdda,69b0e5b9-3be2-4ec3-a9a6-bb5b523d4b32,21b2b267-3956-491f-8276-a705b80b3831
5d8b7616-9529-4665-9c4b-e114bf41bdda,69b0e5b9-3be2-4ec3-a9a6-bb5b523d4b32,a980b931-9769-4975-847a-5d81405b213b
5d8b7616-9529-4665-9c4b-e114bf41bdda,8130458f-ae96-4ab3-89b9-21f06a2aac78,a980b931-9769-4975-847a-5d81405b213b
5e3931a1-47f2-4e3e-8b22-d110ee8e651e,69b0e5b9-3be2-4ec3-a9a6-bb5b523d4b32,c37bb10c-96d3-5039-9612-6cd415ce6a23
5e3931a1-47f2-4e3e-8b22-d110ee8e651e,69b0e5b9-3be2-4ec3-a9a6-bb5b523d4b32,eb1b9710-6cf0-11ef-8000-bb3209de79c0
5e3931a1-47f2-4e3e-8b22-d110ee8e651e,69b0e5b9-3be2-4ec3-a9a6-bb5b523d4b32,da334c89-29ad-56a6-852b-1ab5940f21f6
5e3931a1-47f2-4e3e-8b22-d110ee8e651e,69b0e5b9-3be2-4ec3-a9a6-bb5b523d4b32,35f3d693-e5f1-5b34-8798-c06b89592b61
5e3931a1-47f2-4e3e-8b22-d110ee8e651e,69b0e5b9-3be2-4ec3-a9a6-bb5b523d4b32,df97bfed-4494-4041-ae94-bfc86d6c9118
5e3931a1-47f2-4e3e-8b22-d110ee8e651e,69b0e5b9-3be2-4ec3-a9a6-bb5b523d4b32,8bf1ea32-e1e8-4196-b346-88614525df2c
5e3931a1-47f2-4e3e-8b22-d110ee8e651e,69b0e5b9-3be2-4ec3-a9a6-bb5b523d4b32,7a1b2a2c-84b5-445e-a06c-fe8b06bc1fbf
5e3931a1-47f2-4e3e-8b22-d110ee8e651e,69b0e5b9-3be2-4ec3-a9a6-bb5b523d4b32,750120c8-1d4b-4fed-8908-ce14e30d3e15
5e3931a1-47f2-4e3e-8b22-d110ee8e651e,69b0e5b9-3be2-4ec3-a9a6-bb5b523d4b32,fcd7f192-b04e-4765-90cf-5cc4f6125619
5e3931a1-47f2-4e3e-8b22-d110ee8e651e,69b0e5b9-3be2-4ec3-a9a6-bb5b523d4b32,21b2b267-3956-491f-8276-a705b80b3831
5e3931a1-47f2-4e3e-8b22-d110ee8e651e,69b0e5b9-3be2-4ec3-a9a6-bb5b523d4b32,a980b931-9769-4975-847a-5d81405b213b
5e3931a1-47f2-4e3e-8b22-d110ee8e651e,8130458f-ae96-4ab3-89b9-21f06a2aac78,a980b931-9769-4975-847a-5d81405b213b
5f2e6255-decd-469f-9597-3905fe1270d9,69b0e5b9-3be2-4ec3-a9a6-bb5b523d4b32,c37bb10c-96d3-5039-9612-6cd415ce6a23
5f2e6255-decd-469f-9597-3905fe1270d9,69b0e5b9-3be2-4ec3-a9a6-bb5b523d4b32,eacc8b72-6cf0-11ef-8000-bb3209de79c0
5f2e6255-decd-469f-9597-3905fe1270d9,69b0e5b9-3be2-4ec3-a9a6-bb5b523d4b32,da334c89-29ad-56a6-852b-1ab5940f21f6
5f2e6255-decd-469f-9597-3905fe1270d9,69b0e5b9-3be2-4ec3-a9a6-bb5b523d4b32,980f6c69-8b5d-567d-8d1a-6d9882b2163c
5f2e6255-decd-469f-9597-3905fe1270d9,69b0e5b9-3be2-4ec3-a9a6-bb5b523d4b32,7beaf4a9-bbe3-4fd9-bfac-746d25703270
5f2e6255-decd-469f-9597-3905fe1270d9,69b0e5b9-3be2-4ec3-a9a6-bb5b523d4b32,48bc2f4e-fe5a-41d3-bc7c-5c4bc7c0cd91
5f2e6255-decd-469f-9597-3905fe1270d9,69b0e5b9-3be2-4ec3-a9a6-bb5b523d4b32,7a1b2a2c-84b5-445e-a06c-fe8b06bc1fbf
5f2e6255-decd-469f-9597-3905fe1270d9,69b0e5b9-3be2-4ec3-a9a6-bb5b523d4b32,750120c8-1d4b-4fed-8908-ce14e30d3e15
5f2e6255-decd-469f-9597-3905fe1270d9,69b0e5b9-3be2-4ec3-a9a6-bb5b523d4b32,fcd7f192-b04e-4765-90cf-5cc4f6125619
5f2e6255-decd-469f-9597-3905fe1270d9,69b0e5b9-3be2-4ec3-a9a6-bb5b523d4b32,21b2b267-3956-491f-8276-a705b80b3831
5f2e6255-decd-469f-9597-3905fe1270d9,69b0e5b9-3be2-4ec3-a9a6-bb5b523d4b32,a980b931-9769-4975-847a-5d81405b213b
5f2e6255-decd-469f-9597-3905fe1270d9,8130458f-ae96-4ab3-89b9-21f06a2aac78,a980b931-9769-4975-847a-5d81405b213b
5f72e550-6f46-4bd1-a25c-a9b18a8cbb42,69b0e5b9-3be2-4ec3-a9a6-bb5b523d4b32,a445d29b-2ba7-5a46-8885-5a5d11680eba
5f72e550-6f46-4bd1-a25c-a9b18a8cbb42,69b0e5b9-3be2-4ec3-a9a6-bb5b523d4b32,eb3133bf-6cf0-11ef-8000-bb3209de79c0
5f72e550-6f46-4bd1-a25c-a9b18a8cbb42,69b0e5b9-3be2-4ec3-a9a6-bb5b523d4b32,da334c89-29ad-56a6-852b-1ab5940f21f6
5f72e550-6f46-4bd1-a25c-a9b18a8cbb42,69b0e5b9-3be2-4ec3-a9a6-bb5b523d4b32,ea64c480-bd3a-11ef-8000-bb3209de79c0
5f72e550-6f46-4bd1-a25c-a9b18a8cbb42,69b0e5b9-3be2-4ec3-a9a6-bb5b523d4b32,21b2b267-3956-491f-8276-a705b80b3831
5f72e550-6f46-4bd1-a25c-a9b18a8cbb42,69b0e5b9-3be2-4ec3-a9a6-bb5b523d4b32,31c79380-d8c8-4304-bd35-6448e6378c41
5f72e550-6f46-4bd1-a25c-a9b18a8cbb42,69b0e5b9-3be2-4ec3-a9a6-bb5b523d4b32,6bb0b0b6-41cd-4bb3-a0e8-d483b25f6cf1
5f72e550-6f46-4bd1-a25c-a9b18a8cbb42,8130458f-ae96-4ab3-89b9-21f06a2aac78,6bb0b0b6-41cd-4bb3-a0e8-d483b25f6cf1
6304459d-bf6f-4e0d-90ed-ecfcf7c458e0,69b0e5b9-3be2-4ec3-a9a6-bb5b523d4b32,d88a5d55-9241-57a2-9dca-141a8db9b0bd
6304459d-bf6f-4e0d-90ed-ecfcf7c458e0,69b0e5b9-3be2-4ec3-a9a6-bb5b523d4b32,ae037a1b-d619-55b3-ad92-4a340d30f6fc
6304459d-bf6f-4e0d-90ed-ecfcf7c458e0,69b0e5b9-3be2-4ec3-a9a6-bb5b523d4b32,77b54ae8-62e2-11ef-8000-bb3209de79c0
6304459d-bf6f-4e0d-90ed-ecfcf7c458e0,69b0e5b9-3be2-4ec3-a9a6-bb5b523d4b32,da334c89-29ad-56a6-852b-1ab5940f21f6
6304459d-bf6f-4e0d-90ed-ecfcf7c458e0,69b0e5b9-3be2-4ec3-a9a6-bb5b523d4b32,e579ce55-cfb1-561e-a5c6-0670e96e232c
6304459d-bf6f-4e0d-90ed-ecfcf7c458e0,69b0e5b9-3be2-4ec3-a9a6-bb5b523d4b32,2f476d95-7185-4b13-aa15-e50d42203f8b
6304459d-bf6f-4e0d-90ed-ecfcf7c458e0,69b0e5b9-3be2-4ec3-a9a6-bb5b523d4b32,17b9a165-a969-4871-8a7d-2b9b6c7c6168
6304459d-bf6f-4e0d-90ed-ecfcf7c458e0,7d11b956-0014-43be-9a3e-f89e2b31ec4f,17b9a165-a969-4871-8a7d-2b9b6c7c6168
6376fb84-847c-46b5-a782-2fc1e4e29e83,69b0e5b9-3be2-4ec3-a9a6-bb5b523d4b32,6026404d-fddf-55c3-be51-306a6b510a6a
6376fb84-847c-46b5-a782-2fc1e4e29e83,69b0e5b9-3be2-4ec3-a9a6-bb5b523d4b32,20bd7be4-fed1-582a-bc7e-0273effa324e
6376fb84-847c-46b5-a782-2fc1e4e29e83,69b0e5b9-3be2-4ec3-a9a6-bb5b523d4b32,77b461b2-62e2-11ef-8000-bb3209de79c0
6376fb84-847c-46b5-a782-2fc1e4e29e83,69b0e5b9-3be2-4ec3-a9a6-bb5b523d4b32,da334c89-29ad-56a6-852b-1ab5940f21f6
6376fb84-847c-46b5-a782-2fc1e4e29e83,69b0e5b9-3be2-4ec3-a9a6-bb5b523d4b32,99df5f5e-d059-58fb-b2ea-971cf27182fb
6376fb84-847c-46b5-a782-2fc1e4e29e83,69b0e5b9-3be2-4ec3-a9a6-bb5b523d4b32,bffc603e-a460-42a9-b283-d1eb45c554cb
6376fb84-847c-46b5-a782-2fc1e4e29e83,69b0e5b9-3be2-4ec3-a9a6-bb5b523d4b32,7ff9e52f-bcb2-4070-bfce-e4fdd643cee4
6376fb84-847c-46b5-a782-2fc1e4e29e83,69b0e5b9-3be2-4ec3-a9a6-bb5b523d4b32,4ab749af-25a0-4906-8783-9337a543dffa
6376fb84-847c-46b5-a782-2fc1e4e29e83,7d11b956-0014-43be-9a3e-f89e2b31ec4f,4ab749af-25a0-4906-8783-9337a543dffa
63ee151e-af0d-4dd7-a007-15706ba37820,69b0e5b9-3be2-4ec3-a9a6-bb5b523d4b32,d88a5d55-9241-57a2-9dca-141a8db9b0bd
63ee151e-af0d-4dd7-a007-15706ba37820,69b0e5b9-3be2-4ec3-a9a6-bb5b523d4b32,ae8f1e27-1189-5ab9-9727-e23979f15c41
63ee151e-af0d-4dd7-a007-15706ba37820,69b0e5b9-3be2-4ec3-a9a6-bb5b523d4b32,77b560e7-62e2-11ef-8000-bb3209de79c0
63ee151e-af0d-4dd7-a007-15706ba37820,69b0e5b9-3be2-4ec3-a9a6-bb5b523d4b32,da334c89-29ad-56a6-852b-1ab5940f21f6
63ee151e-af0d-4dd7-a007-15706ba37820,69b0e5b9-3be2-4ec3-a9a6-bb5b523d4b32,ad38e420-0781-50ff-ae7e-279a71817b44
63ee151e-af0d-4dd7-a007-15706ba37820,69b0e5b9-3be2-4ec3-a9a6-bb5b523d4b32,17b9a165-a969-4871-8a7d-2b9b6c7c6168
63ee151e-af0d-4dd7-a007-15706ba37820,7d11b956-0014-43be-9a3e-f89e2b31ec4f,17b9a165-a969-4871-8a7d-2b9b6c7c6168
648ca79e-36dc-43c6-a5f3-0d1d7c14c770,69b0e5b9-3be2-4ec3-a9a6-bb5b523d4b32,6bf3f105-9764-51f5-96d3-e21be73b8822
648ca79e-36dc-43c6-a5f3-0d1d7c14c770,69b0e5b9-3be2-4ec3-a9a6-bb5b523d4b32,303a8977-da85-57b4-9938-8ed610ec3a60
648ca79e-36dc-43c6-a5f3-0d1d7c14c770,69b0e5b9-3be2-4ec3-a9a6-bb5b523d4b32,77b3282e-62e2-11ef-8000-bb3209de79c0
648ca79e-36dc-43c6-a5f3-0d1d7c14c770,69b0e5b9-3be2-4ec3-a9a6-bb5b523d4b32,da334c89-29ad-56a6-852b-1ab5940f21f6
648ca79e-36dc-43c6-a5f3-0d1d7c14c770,69b0e5b9-3be2-4ec3-a9a6-bb5b523d4b32,f7d33e34-419f-59d8-8631-da8a0b552ec5
648ca79e-36dc-43c6-a5f3-0d1d7c14c770,69b0e5b9-3be2-4ec3-a9a6-bb5b523d4b32,938efa25-8c0d-4380-b7f3-0e0d1e984456
648ca79e-36dc-43c6-a5f3-0d1d7c14c770,69b0e5b9-3be2-4ec3-a9a6-bb5b523d4b32,b3b33e0d-bdb4-42f6-a39a-2b99e8e7163c
648ca79e-36dc-43c6-a5f3-0d1d7c14c770,7d11b956-0014-43be-9a3e-f89e2b31ec4f,b3b33e0d-bdb4-42f6-a39a-2b99e8e7163c
65c36d83-516b-41c2-8237-20016f047fb4,69b0e5b9-3be2-4ec3-a9a6-bb5b523d4b32,23f041c3-638d-574b-a4e5-a6b077194c2f
65c36d83-516b-41c2-8237-20016f047fb4,69b0e5b9-3be2-4ec3-a9a6-bb5b523d4b32,b7007bdf-e3bb-50d3-ba74-50b667d58346
65c36d83-516b-41c2-8237-20016f047fb4,69b0e5b9-3be2-4ec3-a9a6-bb5b523d4b32,77b32ac2-62e2-11ef-8000-bb3209de79c0
65c36d83-516b-41c2-8237-20016f047fb4,69b0e5b9-3be2-4ec3-a9a6-bb5b523d4b32,da334c89-29ad-56a6-852b-1ab5940f21f6
65c36d83-516b-41c2-8237-20016f047fb4,69b0e5b9-3be2-4ec3-a9a6-bb5b523d4b32,da252e8d-b85e-5eef-9348-38e63814e9b0
65c36d83-516b-41c2-8237-20016f047fb4,69b0e5b9-3be2-4ec3-a9a6-bb5b523d4b32,bbdadac6-65c2-4a03-9f74-9784b916378e
65c36d83-516b-41c2-8237-20016f047fb4,7d11b956-0014-43be-9a3e-f89e2b31ec4f,bbdadac6-65c2-4a03-9f74-9784b916378e
66a6cd3b-ab4d-4161-98a9-6e0b767a2705,69b0e5b9-3be2-4ec3-a9a6-bb5b523d4b32,23f041c3-638d-574b-a4e5-a6b077194c2f
66a6cd3b-ab4d-4161-98a9-6e0b767a2705,69b0e5b9-3be2-4ec3-a9a6-bb5b523d4b32,52c7b281-b48a-50ba-a438-1e492e30cd80
66a6cd3b-ab4d-4161-98a9-6e0b767a2705,69b0e5b9-3be2-4ec3-a9a6-bb5b523d4b32,77b99605-62e2-11ef-8000-bb3209de79c0
66a6cd3b-ab4d-4161-98a9-6e0b767a2705,69b0e5b9-3be2-4ec3-a9a6-bb5b523d4b32,da334c89-29ad-56a6-852b-1ab5940f21f6
66a6cd3b-ab4d-4161-98a9-6e0b767a2705,69b0e5b9-3be2-4ec3-a9a6-bb5b523d4b32,6b479957-c6dd-5517-89d9-bf5c2336f7b8
66a6cd3b-ab4d-4161-98a9-6e0b767a2705,69b0e5b9-3be2-4ec3-a9a6-bb5b523d4b32,332f8db6-c031-4bc0-ae9b-5ba2d6f65af1
66a6cd3b-ab4d-4161-98a9-6e0b767a2705,69b0e5b9-3be2-4ec3-a9a6-bb5b523d4b32,db33e338-f50a-4c9f-b0b5-b02121f4088c
66a6cd3b-ab4d-4161-98a9-6e0b767a2705,69b0e5b9-3be2-4ec3-a9a6-bb5b523d4b32,c39b6637-1ae4-44ef-9838-13cb31a323ec
66a6cd3b-ab4d-4161-98a9-6e0b767a2705,69b0e5b9-3be2-4ec3-a9a6-bb5b523d4b32,bbdadac6-65c2-4a03-9f74-9784b916378e
66a6cd3b-ab4d-4161-98a9-6e0b767a2705,7d11b956-0014-43be-9a3e-f89e2b31ec4f,bbdadac6-65c2-4a03-9f74-9784b916378e
6b1d3369-6c1a-435e-b006-6d90994b304e,69b0e5b9-3be2-4ec3-a9a6-bb5b523d4b32,d08754c0-1e6a-5794-8d3c-7cbf82cfb1a0
6b1d3369-6c1a-435e-b006-6d90994b304e,69b0e5b9-3be2-4ec3-a9a6-bb5b523d4b32,eb2fc0e3-6cf0-11ef-8000-bb3209de79c0
6b1d3369-6c1a-435e-b006-6d90994b304e,69b0e5b9-3be2-4ec3-a9a6-bb5b523d4b32,da334c89-29ad-56a6-852b-1ab5940f21f6
6b1d3369-6c1a-435e-b006-6d90994b304e,69b0e5b9-3be2-4ec3-a9a6-bb5b523d4b32,ddd60cac-0de3-5f85-9fe6-831d6c965b52
6b1d3369-6c1a-435e-b006-6d90994b304e,69b0e5b9-3be2-4ec3-a9a6-bb5b523d4b32,4ec897fb-cc41-450f-8521-0a43e6db40a6
6b1d3369-6c1a-435e-b006-6d90994b304e,69b0e5b9-3be2-4ec3-a9a6-bb5b523d4b32,01e734f7-3c78-409e-9049-a1a706f66685
6b1d3369-6c1a-435e-b006-6d90994b304e,69b0e5b9-3be2-4ec3-a9a6-bb5b523d4b32,21b2b267-3956-491f-8276-a705b80b3831
6b1d3369-6c1a-435e-b006-6d90994b304e,69b0e5b9-3be2-4ec3-a9a6-bb5b523d4b32,04ff825a-8191-4fd1-bf47-26ab800999d1
6b1d3369-6c1a-435e-b006-6d90994b304e,69b0e5b9-3be2-4ec3-a9a6-bb5b523d4b32,7fcbe3ac-096d-4acb-a7d0-186a2195271e
6b1d3369-6c1a-435e-b006-6d90994b304e,69b0e5b9-3be2-4ec3-a9a6-bb5b523d4b32,2a34f561-1be0-4185-979b-39993e6b1693
6b1d3369-6c1a-435e-b006-6d90994b304e,69b0e5b9-3be2-4ec3-a9a6-bb5b523d4b32,20a6c495-a478-4b18-83b1-ab97ef909665
6b1d3369-6c1a-435e-b006-6d90994b304e,8130458f-ae96-4ab3-89b9-21f06a2aac78,20a6c495-a478-4b18-83b1-ab97ef909665
6cab7470-e18e-4598-8850-4645f3109ef6,69b0e5b9-3be2-4ec3-a9a6-bb5b523d4b32,f11d529b-77af-567a-9715-494223f4b483
6cab7470-e18e-4598-8850-4645f3109ef6,69b0e5b9-3be2-4ec3-a9a6-bb5b523d4b32,7a4fd236-9ff0-5aa9-a995-ef952f708a0d
6cab7470-e18e-4598-8850-4645f3109ef6,69b0e5b9-3be2-4ec3-a9a6-bb5b523d4b32,77b36c11-62e2-11ef-8000-bb3209de79c0
6cab7470-e18e-4598-8850-4645f3109ef6,69b0e5b9-3be2-4ec3-a9a6-bb5b523d4b32,da334c89-29ad-56a6-852b-1ab5940f21f6
6cab7470-e18e-4598-8850-4645f3109ef6,69b0e5b9-3be2-4ec3-a9a6-bb5b523d4b32,d6fa29c6-cfd8-573c-89fd-07115af23356
6cab7470-e18e-4598-8850-4645f3109ef6,69b0e5b9-3be2-4ec3-a9a6-bb5b523d4b32,65c36d83-516b-41c2-8237-20016f047fb4
6cab7470-e18e-4598-8850-4645f3109ef6,69b0e5b9-3be2-4ec3-a9a6-bb5b523d4b32,73b12acd-dc2e-4b10-b574-731e07c6d049
6cab7470-e18e-4598-8850-4645f3109ef6,7d11b956-0014-43be-9a3e-f89e2b31ec4f,73b12acd-dc2e-4b10-b574-731e07c6d049
6ccea3fd-df1b-4ce8-85c3-1387deedbbb4,69b0e5b9-3be2-4ec3-a9a6-bb5b523d4b32,1d68fe59-181a-5d90-b04c-832b02c9b90d
6ccea3fd-df1b-4ce8-85c3-1387deedbbb4,69b0e5b9-3be2-4ec3-a9a6-bb5b523d4b32,77d1b0dc-62e2-11ef-8000-bb3209de79c0
6ccea3fd-df1b-4ce8-85c3-1387deedbbb4,69b0e5b9-3be2-4ec3-a9a6-bb5b523d4b32,da334c89-29ad-56a6-852b-1ab5940f21f6
6ccea3fd-df1b-4ce8-85c3-1387deedbbb4,69b0e5b9-3be2-4ec3-a9a6-bb5b523d4b32,ef5bf657-359f-563e-8d8a-0ae8564eba96
6ccea3fd-df1b-4ce8-85c3-1387deedbbb4,69b0e5b9-3be2-4ec3-a9a6-bb5b523d4b32,f8daaca3-c180-4b35-ab4c-85612ef66dcf
6ccea3fd-df1b-4ce8-85c3-1387deedbbb4,69b0e5b9-3be2-4ec3-a9a6-bb5b523d4b32,b36d464d-fca8-4bf5-bf0d-fe21c1744431
6ccea3fd-df1b-4ce8-85c3-1387deedbbb4,69b0e5b9-3be2-4ec3-a9a6-bb5b523d4b32,04ff825a-8191-4fd1-bf47-26ab800999d1
6ccea3fd-df1b-4ce8-85c3-1387deedbbb4,69b0e5b9-3be2-4ec3-a9a6-bb5b523d4b32,6c668919-a78c-4239-bdc1-95cf53b3ed94
6ccea3fd-df1b-4ce8-85c3-1387deedbbb4,7d11b956-0014-43be-9a3e-f89e2b31ec4f,6c668919-a78c-4239-bdc1-95cf53b3ed94
6d2f2bff-94e2-483c-a279-10fdd610c55f,69b0e5b9-3be2-4ec3-a9a6-bb5b523d4b32,23f041c3-638d-574b-a4e5-a6b077194c2f
6d2f2bff-94e2-483c-a279-10fdd610c55f,69b0e5b9-3be2-4ec3-a9a6-bb5b523d4b32,107dcbb2-b309-5532-b32e-3b5e1d757189
6d2f2bff-94e2-483c-a279-10fdd610c55f,69b0e5b9-3be2-4ec3-a9a6-bb5b523d4b32,77b2143b-62e2-11ef-8000-bb3209de79c0
6d2f2bff-94e2-483c-a279-10fdd610c55f,69b0e5b9-3be2-4ec3-a9a6-bb5b523d4b32,da334c89-29ad-56a6-852b-1ab5940f21f6
6d2f2bff-94e2-483c-a279-10fdd610c55f,69b0e5b9-3be2-4ec3-a9a6-bb5b523d4b32,6d1622a0-d7ac-593d-8eb2-2667f5a25f35
6d2f2bff-94e2-483c-a279-10fdd610c55f,69b0e5b9-3be2-4ec3-a9a6-bb5b523d4b32,bbdadac6-65c2-4a03-9f74-9784b916378e
6d2f2bff-94e2-483c-a279-10fdd610c55f,7d11b956-0014-43be-9a3e-f89e2b31ec4f,bbdadac6-65c2-4a03-9f74-9784b916378e
6db86b0b-5947-4c2a-8f71-f7296f7df24b,69b0e5b9-3be2-4ec3-a9a6-bb5b523d4b32,c37bb10c-96d3-5039-9612-6cd415ce6a23
6db86b0b-5947-4c2a-8f71-f7296f7df24b,69b0e5b9-3be2-4ec3-a9a6-bb5b523d4b32,eabf5f08-6cf0-11ef-8000-bb3209de79c0
6db86b0b-5947-4c2a-8f71-f7296f7df24b,69b0e5b9-3be2-4ec3-a9a6-bb5b523d4b32,da334c89-29ad-56a6-852b-1ab5940f21f6
6db86b0b-5947-4c2a-8f71-f7296f7df24b,69b0e5b9-3be2-4ec3-a9a6-bb5b523d4b32,27c8e248-58e1-5e27-8316-73a151d5f671
6db86b0b-5947-4c2a-8f71-f7296f7df24b,69b0e5b9-3be2-4ec3-a9a6-bb5b523d4b32,7beaf4a9-bbe3-4fd9-bfac-746d25703270
6db86b0b-5947-4c2a-8f71-f7296f7df24b,69b0e5b9-3be2-4ec3-a9a6-bb5b523d4b32,48bc2f4e-fe5a-41d3-bc7c-5c4bc7c0cd91
6db86b0b-5947-4c2a-8f71-f7296f7df24b,69b0e5b9-3be2-4ec3-a9a6-bb5b523d4b32,7a1b2a2c-84b5-445e-a06c-fe8b06bc1fbf
6db86b0b-5947-4c2a-8f71-f7296f7df24b,69b0e5b9-3be2-4ec3-a9a6-bb5b523d4b32,750120c8-1d4b-4fed-8908-ce14e30d3e15
6db86b0b-5947-4c2a-8f71-f7296f7df24b,69b0e5b9-3be2-4ec3-a9a6-bb5b523d4b32,fcd7f192-b04e-4765-90cf-5cc4f6125619
6db86b0b-5947-4c2a-8f71-f7296f7df24b,69b0e5b9-3be2-4ec3-a9a6-bb5b523d4b32,21b2b267-3956-491f-8276-a705b80b3831
6db86b0b-5947-4c2a-8f71-f7296f7df24b,69b0e5b9-3be2-4ec3-a9a6-bb5b523d4b32,a980b931-9769-4975-847a-5d81405b213b
6db86b0b-5947-4c2a-8f71-f7296f7df24b,8130458f-ae96-4ab3-89b9-21f06a2aac78,a980b931-9769-4975-847a-5d81405b213b
6f00889f-e68d-40c9-b970-ca2f3d6bfdb7,69b0e5b9-3be2-4ec3-a9a6-bb5b523d4b32,05d060c1-56c3-5b67-91d7-17d14081dccc
6f00889f-e68d-40c9-b970-ca2f3d6bfdb7,69b0e5b9-3be2-4ec3-a9a6-bb5b523d4b32,4aef34be-588e-5beb-bff8-9a1594749441
6f00889f-e68d-40c9-b970-ca2f3d6bfdb7,69b0e5b9-3be2-4ec3-a9a6-bb5b523d4b32,77b377de-62e2-11ef-8000-bb3209de79c0
6f00889f-e68d-40c9-b970-ca2f3d6bfdb7,69b0e5b9-3be2-4ec3-a9a6-bb5b523d4b32,da334c89-29ad-56a6-852b-1ab5940f21f6
6f00889f-e68d-40c9-b970-ca2f3d6bfdb7,69b0e5b9-3be2-4ec3-a9a6-bb5b523d4b32,c48386c2-5034-5ee3-8e98-e5ab64c5719d
6f00889f-e68d-40c9-b970-ca2f3d6bfdb7,69b0e5b9-3be2-4ec3-a9a6-bb5b523d4b32,938efa25-8c0d-4380-b7f3-0e0d1e984456
6f00889f-e68d-40c9-b970-ca2f3d6bfdb7,69b0e5b9-3be2-4ec3-a9a6-bb5b523d4b32,65c36d83-516b-41c2-8237-20016f047fb4
6f00889f-e68d-40c9-b970-ca2f3d6bfdb7,69b0e5b9-3be2-4ec3-a9a6-bb5b523d4b32,5ccc13dd-c63c-4502-aa0d-786410b138cd
6f00889f-e68d-40c9-b970-ca2f3d6bfdb7,7d11b956-0014-43be-9a3e-f89e2b31ec4f,5ccc13dd-c63c-4502-aa0d-786410b138cd
750120c8-1d4b-4fed-8908-ce14e30d3e15,69b0e5b9-3be2-4ec3-a9a6-bb5b523d4b32,23f041c3-638d-574b-a4e5-a6b077194c2f
750120c8-1d4b-4fed-8908-ce14e30d3e15,69b0e5b9-3be2-4ec3-a9a6-bb5b523d4b32,dadc131c-0315-5cf5-9919-ba641eacd386
750120c8-1d4b-4fed-8908-ce14e30d3e15,69b0e5b9-3be2-4ec3-a9a6-bb5b523d4b32,77b2d7d1-62e2-11ef-8000-bb3209de79c0
750120c8-1d4b-4fed-8908-ce14e30d3e15,69b0e5b9-3be2-4ec3-a9a6-bb5b523d4b32,da334c89-29ad-56a6-852b-1ab5940f21f6
750120c8-1d4b-4fed-8908-ce14e30d3e15,69b0e5b9-3be2-4ec3-a9a6-bb5b523d4b32,c2197c0b-7812-5577-b207-bfce5c13d779
750120c8-1d4b-4fed-8908-ce14e30d3e15,69b0e5b9-3be2-4ec3-a9a6-bb5b523d4b32,bbdadac6-65c2-4a03-9f74-9784b916378e
750120c8-1d4b-4fed-8908-ce14e30d3e15,7d11b956-0014-43be-9a3e-f89e2b31ec4f,bbdadac6-65c2-4a03-9f74-9784b916378e
769bd0c3-9b4c-4723-8cd8-b8c0bd4d7264,69b0e5b9-3be2-4ec3-a9a6-bb5b523d4b32,a445d29b-2ba7-5a46-8885-5a5d11680eba
769bd0c3-9b4c-4723-8cd8-b8c0bd4d7264,69b0e5b9-3be2-4ec3-a9a6-bb5b523d4b32,eb6b9511-6cf0-11ef-8000-bb3209de79c0
769bd0c3-9b4c-4723-8cd8-b8c0bd4d7264,69b0e5b9-3be2-4ec3-a9a6-bb5b523d4b32,da334c89-29ad-56a6-852b-1ab5940f21f6
769bd0c3-9b4c-4723-8cd8-b8c0bd4d7264,69b0e5b9-3be2-4ec3-a9a6-bb5b523d4b32,d8e42a00-e6c9-11ed-8000-bb3209de79c0
769bd0c3-9b4c-4723-8cd8-b8c0bd4d7264,69b0e5b9-3be2-4ec3-a9a6-bb5b523d4b32,21b2b267-3956-491f-8276-a705b80b3831
769bd0c3-9b4c-4723-8cd8-b8c0bd4d7264,69b0e5b9-3be2-4ec3-a9a6-bb5b523d4b32,31c79380-d8c8-4304-bd35-6448e6378c41
769bd0c3-9b4c-4723-8cd8-b8c0bd4d7264,69b0e5b9-3be2-4ec3-a9a6-bb5b523d4b32,6bb0b0b6-41cd-4bb3-a0e8-d483b25f6cf1
769bd0c3-9b4c-4723-8cd8-b8c0bd4d7264,8130458f-ae96-4ab3-89b9-21f06a2aac78,6bb0b0b6-41cd-4bb3-a0e8-d483b25f6cf1
77147de4-2ccf-4a14-9bdc-07c47f77a014,69b0e5b9-3be2-4ec3-a9a6-bb5b523d4b32,a445d29b-2ba7-5a46-8885-5a5d11680eba
77147de4-2ccf-4a14-9bdc-07c47f77a014,69b0e5b9-3be2-4ec3-a9a6-bb5b523d4b32,eb2a8238-6cf0-11ef-8000-bb3209de79c0
77147de4-2ccf-4a14-9bdc-07c47f77a014,69b0e5b9-3be2-4ec3-a9a6-bb5b523d4b32,da334c89-29ad-56a6-852b-1ab5940f21f6
77147de4-2ccf-4a14-9bdc-07c47f77a014,69b0e5b9-3be2-4ec3-a9a6-bb5b523d4b32,b7401480-dbe3-11e9-8000-bb3209de79c0
77147de4-2ccf-4a14-9bdc-07c47f77a014,69b0e5b9-3be2-4ec3-a9a6-bb5b523d4b32,21b2b267-3956-491f-8276-a705b80b3831
77147de4-2ccf-4a14-9bdc-07c47f77a014,69b0e5b9-3be2-4ec3-a9a6-bb5b523d4b32,31c79380-d8c8-4304-bd35-6448e6378c41
77147de4-2ccf-4a14-9bdc-07c47f77a014,69b0e5b9-3be2-4ec3-a9a6-bb5b523d4b32,6bb0b0b6-41cd-4bb3-a0e8-d483b25f6cf1
77147de4-2ccf-4a14-9bdc-07c47f77a014,8130458f-ae96-4ab3-89b9-21f06a2aac78,6bb0b0b6-41cd-4bb3-a0e8-d483b25f6cf1
77d4fc38-3fe8-4f50-87d8-599c77ab880d,69b0e5b9-3be2-4ec3-a9a6-bb5b523d4b32,6026404d-fddf-55c3-be51-306a6b510a6a
77d4fc38-3fe8-4f50-87d8-599c77ab880d,69b0e5b9-3be2-4ec3-a9a6-bb5b523d4b32,77b9dddd-62e2-11ef-8000-bb3209de79c0
77d4fc38-3fe8-4f50-87d8-599c77ab880d,69b0e5b9-3be2-4ec3-a9a6-bb5b523d4b32,da334c89-29ad-56a6-852b-1ab5940f21f6
77d4fc38-3fe8-4f50-87d8-599c77ab880d,69b0e5b9-3be2-4ec3-a9a6-bb5b523d4b32,02355a48-a33a-52f4-a70a-d87833e955a7
77d4fc38-3fe8-4f50-87d8-599c77ab880d,69b0e5b9-3be2-4ec3-a9a6-bb5b523d4b32,3e1ea4e4-bd2e-4624-bcf5-35d345b2c64b
77d4fc38-3fe8-4f50-87d8-599c77ab880d,69b0e5b9-3be2-4ec3-a9a6-bb5b523d4b32,1eb9e4ca-60d1-48e2-940e-38ebe5600e1b
77d4fc38-3fe8-4f50-87d8-599c77ab880d,69b0e5b9-3be2-4ec3-a9a6-bb5b523d4b32,4ab749af-25a0-4906-8783-9337a543dffa
77d4fc38-3fe8-4f50-87d8-599c77ab880d,7d11b956-0014-43be-9a3e-f89e2b31ec4f,4ab749af-25a0-4906-8783-9337a543dffa
7a0ab39a-107c-4782-a2f1-b6097534f442,69b0e5b9-3be2-4ec3-a9a6-bb5b523d4b32,23f041c3-638d-574b-a4e5-a6b077194c2f
7a0ab39a-107c-4782-a2f1-b6097534f442,69b0e5b9-3be2-4ec3-a9a6-bb5b523d4b32,4e266850-df56-5099-97b2-5ea8de890f4a
7a0ab39a-107c-4782-a2f1-b6097534f442,69b0e5b9-3be2-4ec3-a9a6-bb5b523d4b32,9ecb60d3-f961-59fb-b876-136b66893dc2
7a0ab39a-107c-4782-a2f1-b6097534f442,69b0e5b9-3be2-4ec3-a9a6-bb5b523d4b32,77b16778-62e2-11ef-8000-bb3209de79c0
7a0ab39a-107c-4782-a2f1-b6097534f442,69b0e5b9-3be2-4ec3-a9a6-bb5b523d4b32,da334c89-29ad-56a6-852b-1ab5940f21f6
7a0ab39a-107c-4782-a2f1-b6097534f442,69b0e5b9-3be2-4ec3-a9a6-bb5b523d4b32,8d39e722-1578-53f3-bdd6-e74d4fa7a254
7a0ab39a-107c-4782-a2f1-b6097534f442,69b0e5b9-3be2-4ec3-a9a6-bb5b523d4b32,bbdadac6-65c2-4a03-9f74-9784b916378e
7a0ab39a-107c-4782-a2f1-b6097534f442,7d11b956-0014-43be-9a3e-f89e2b31ec4f,bbdadac6-65c2-4a03-9f74-9784b916378e
7a1b2a2c-84b5-445e-a06c-fe8b06bc1fbf,69b0e5b9-3be2-4ec3-a9a6-bb5b523d4b32,a445d29b-2ba7-5a46-8885-5a5d11680eba
7a1b2a2c-84b5-445e-a06c-fe8b06bc1fbf,69b0e5b9-3be2-4ec3-a9a6-bb5b523d4b32,eaae2b94-6cf0-11ef-8000-bb3209de79c0
7a1b2a2c-84b5-445e-a06c-fe8b06bc1fbf,69b0e5b9-3be2-4ec3-a9a6-bb5b523d4b32,da334c89-29ad-56a6-852b-1ab5940f21f6
7a1b2a2c-84b5-445e-a06c-fe8b06bc1fbf,69b0e5b9-3be2-4ec3-a9a6-bb5b523d4b32,127b9280-f41b-11f3-8000-bb3209de79c0
7a1b2a2c-84b5-445e-a06c-fe8b06bc1fbf,69b0e5b9-3be2-4ec3-a9a6-bb5b523d4b32,21b2b267-3956-491f-8276-a705b80b3831
7a1b2a2c-84b5-445e-a06c-fe8b06bc1fbf,69b0e5b9-3be2-4ec3-a9a6-bb5b523d4b32,31c79380-d8c8-4304-bd35-6448e6378c41
7a1b2a2c-84b5-445e-a06c-fe8b06bc1fbf,69b0e5b9-3be2-4ec3-a9a6-bb5b523d4b32,6bb0b0b6-41cd-4bb3-a0e8-d483b25f6cf1
7a1b2a2c-84b5-445e-a06c-fe8b06bc1fbf,8130458f-ae96-4ab3-89b9-21f06a2aac78,6bb0b0b6-41cd-4bb3-a0e8-d483b25f6cf1
7b49b800-6030-4d3a-aebc-ced34871e70e,69b0e5b9-3be2-4ec3-a9a6-bb5b523d4b32,c37bb10c-96d3-5039-9612-6cd415ce6a23
7b49b800-6030-4d3a-aebc-ced34871e70e,69b0e5b9-3be2-4ec3-a9a6-bb5b523d4b32,eac98b3f-6cf0-11ef-8000-bb3209de79c0
7b49b800-6030-4d3a-aebc-ced34871e70e,69b0e5b9-3be2-4ec3-a9a6-bb5b523d4b32,da334c89-29ad-56a6-852b-1ab5940f21f6
7b49b800-6030-4d3a-aebc-ced34871e70e,69b0e5b9-3be2-4ec3-a9a6-bb5b523d4b32,36a332c4-03e4-53d1-8486-d0cb65b40357
7b49b800-6030-4d3a-aebc-ced34871e70e,69b0e5b9-3be2-4ec3-a9a6-bb5b523d4b32,7beaf4a9-bbe3-4fd9-bfac-746d25703270
7b49b800-6030-4d3a-aebc-ced34871e70e,69b0e5b9-3be2-4ec3-a9a6-bb5b523d4b32,48bc2f4e-fe5a-41d3-bc7c-5c4bc7c0cd91
7b49b800-6030-4d3a-aebc-ced34871e70e,69b0e5b9-3be2-4ec3-a9a6-bb5b523d4b32,7a1b2a2c-84b5-445e-a06c-fe8b06bc1fbf
7b49b800-6030-4d3a-aebc-ced34871e70e,69b0e5b9-3be2-4ec3-a9a6-bb5b523d4b32,750120c8-1d4b-4fed-8908-ce14e30d3e15
7b49b800-6030-4d3a-aebc-ced34871e70e,69b0e5b9-3be2-4ec3-a9a6-bb5b523d4b32,fcd7f192-b04e-4765-90cf-5cc4f6125619
7b49b800-6030-4d3a-aebc-ced34871e70e,69b0e5b9-3be2-4ec3-a9a6-bb5b523d4b32,21b2b267-3956-491f-8276-a705b80b3831
7b49b800-6030-4d3a-aebc-ced34871e70e,69b0e5b9-3be2-4ec3-a9a6-bb5b523d4b32,a980b931-9769-4975-847a-5d81405b213b
7b49b800-6030-4d3a-aebc-ced34871e70e,8130458f-ae96-4ab3-89b9-21f06a2aac78,a980b931-9769-4975-847a-5d81405b213b
7beaf4a9-bbe3-4fd9-bfac-746d25703270,69b0e5b9-3be2-4ec3-a9a6-bb5b523d4b32,a445d29b-2ba7-5a46-8885-5a5d11680eba
7beaf4a9-bbe3-4fd9-bfac-746d25703270,69b0e5b9-3be2-4ec3-a9a6-bb5b523d4b32,eaad08d4-6cf0-11ef-8000-bb3209de79c0
7beaf4a9-bbe3-4fd9-bfac-746d25703270,69b0e5b9-3be2-4ec3-a9a6-bb5b523d4b32,da334c89-29ad-56a6-852b-1ab5940f21f6
7beaf4a9-bbe3-4fd9-bfac-746d25703270,69b0e5b9-3be2-4ec3-a9a6-bb5b523d4b32,883d8a00-e997-11eb-8000-bb3209de79c0
7beaf4a9-bbe3-4fd9-bfac-746d25703270,69b0e5b9-3be2-4ec3-a9a6-bb5b523d4b32,21b2b267-3956-491f-8276-a705b80b3831
7beaf4a9-bbe3-4fd9-bfac-746d25703270,69b0e5b9-3be2-4ec3-a9a6-bb5b523d4b32,31c79380-d8c8-4304-bd35-6448e6378c41
7beaf4a9-bbe3-4fd9-bfac-746d25703270,69b0e5b9-3be2-4ec3-a9a6-bb5b523d4b32,6bb0b0b6-41cd-4bb3-a0e8-d483b25f6cf1
7beaf4a9-bbe3-4fd9-bfac-746d25703270,8130458f-ae96-4ab3-89b9-21f06a2aac78,6bb0b0b6-41cd-4bb3-a0e8-d483b25f6cf1
7c92babe-5c0a-4c9c-a55b-854effd49df0,69b0e5b9-3be2-4ec3-a9a6-bb5b523d4b32,c37bb10c-96d3-5039-9612-6cd415ce6a23
7c92babe-5c0a-4c9c-a55b-854effd49df0,69b0e5b9-3be2-4ec3-a9a6-bb5b523d4b32,eafae482-6cf0-11ef-8000-bb3209de79c0
7c92babe-5c0a-4c9c-a55b-854effd49df0,69b0e5b9-3be2-4ec3-a9a6-bb5b523d4b32,da334c89-29ad-56a6-852b-1ab5940f21f6
7c92babe-5c0a-4c9c-a55b-854effd49df0,69b0e5b9-3be2-4ec3-a9a6-bb5b523d4b32,2d609622-dd1d-5ceb-a326-efab63b14a59
7c92babe-5c0a-4c9c-a55b-854effd49df0,69b0e5b9-3be2-4ec3-a9a6-bb5b523d4b32,df97bfed-4494-4041-ae94-bfc86d6c9118
7c92babe-5c0a-4c9c-a55b-854effd49df0,69b0e5b9-3be2-4ec3-a9a6-bb5b523d4b32,8bf1ea32-e1e8-4196-b346-88614525df2c
7c92babe-5c0a-4c9c-a55b-854effd49df0,69b0e5b9-3be2-4ec3-a9a6-bb5b523d4b32,7a1b2a2c-84b5-445e-a06c-fe8b06bc1fbf
7c92babe-5c0a-4c9c-a55b-854effd49df0,69b0e5b9-3be2-4ec3-a9a6-bb5b523d4b32,750120c8-1d4b-4fed-8908-ce14e30d3e15
7c92babe-5c0a-4c9c-a55b-854effd49df0,69b0e5b9-3be2-4ec3-a9a6-bb5b523d4b32,fcd7f192-b04e-4765-90cf-5cc4f6125619
7c92babe-5c0a-4c9c-a55b-854effd49df0,69b0e5b9-3be2-4ec3-a9a6-bb5b523d4b32,21b2b267-3956-491f-8276-a705b80b3831
7c92babe-5c0a-4c9c-a55b-854effd49df0,69b0e5b9-3be2-4ec3-a9a6-bb5b523d4b32,a980b931-9769-4975-847a-5d81405b213b
7c92babe-5c0a-4c9c-a55b-854effd49df0,8130458f-ae96-4ab3-89b9-21f06a2aac78,a980b931-9769-4975-847a-5d81405b213b
7dd6bcd7-6a17-4d45-8d58-c39ba1c9da12,69b0e5b9-3be2-4ec3-a9a6-bb5b523d4b32,23f041c3-638d-574b-a4e5-a6b077194c2f
7dd6bcd7-6a17-4d45-8d58-c39ba1c9da12,69b0e5b9-3be2-4ec3-a9a6-bb5b523d4b32,77b322f9-62e2-11ef-8000-bb3209de79c0
7dd6bcd7-6a17-4d45-8d58-c39ba1c9da12,69b0e5b9-3be2-4ec3-a9a6-bb5b523d4b32,da334c89-29ad-56a6-852b-1ab5940f21f6
7dd6bcd7-6a17-4d45-8d58-c39ba1c9da12,69b0e5b9-3be2-4ec3-a9a6-bb5b523d4b32,17de717c-6ef9-5270-80ed-3585cf29106a
7dd6bcd7-6a17-4d45-8d58-c39ba1c9da12,69b0e5b9-3be2-4ec3-a9a6-bb5b523d4b32,bbdadac6-65c2-4a03-9f74-9784b916378e
7dd6bcd7-6a17-4d45-8d58-c39ba1c9da12,7d11b956-0014-43be-9a3e-f89e2b31ec4f,bbdadac6-65c2-4a03-9f74-9784b916378e
7e181b8d-0aed-46ee-928e-b08d60d0ed58,69b0e5b9-3be2-4ec3-a9a6-bb5b523d4b32,fa02ca91-ae28-5513-bdae-4bc44229b991
7e181b8d-0aed-46ee-928e-b08d60d0ed58,69b0e5b9-3be2-4ec3-a9a6-bb5b523d4b32,ea88f36a-6cf0-11ef-8000-bb3209de79c0
7e181b8d-0aed-46ee-928e-b08d60d0ed58,69b0e5b9-3be2-4ec3-a9a6-bb5b523d4b32,da334c89-29ad-56a6-852b-1ab5940f21f6
7e181b8d-0aed-46ee-928e-b08d60d0ed58,69b0e5b9-3be2-4ec3-a9a6-bb5b523d4b32,51978147-23c7-5d8b-a437-fb3d8decbcab
7e181b8d-0aed-46ee-928e-b08d60d0ed58,69b0e5b9-3be2-4ec3-a9a6-bb5b523d4b32,a080c348-e46b-4597-80f5-633e93daac4e
7e181b8d-0aed-46ee-928e-b08d60d0ed58,69b0e5b9-3be2-4ec3-a9a6-bb5b523d4b32,c8a8cf7b-0d08-431a-b880-6178102d5339
7e181b8d-0aed-46ee-928e-b08d60d0ed58,69b0e5b9-3be2-4ec3-a9a6-bb5b523d4b32,8c1d6f78-392e-45a6-829d-056e4b796b0b
7e181b8d-0aed-46ee-928e-b08d60d0ed58,69b0e5b9-3be2-4ec3-a9a6-bb5b523d4b32,0691e1fe-8efe-41fa-9a0c-dae409285e7d
7e181b8d-0aed-46ee-928e-b08d60d0ed58,69b0e5b9-3be2-4ec3-a9a6-bb5b523d4b32,21b2b267-3956-491f-8276-a705b80b3831
7e181b8d-0aed-46ee-928e-b08d60d0ed58,69b0e5b9-3be2-4ec3-a9a6-bb5b523d4b32,dabf85cb-c1e7-489b-aa66-0572dd1bd1dd
7e181b8d-0aed-46ee-928e-b08d60d0ed58,8130458f-ae96-4ab3-89b9-21f06a2aac78,dabf85cb-c1e7-489b-aa66-0572dd1bd1dd
7fcbe3ac-096d-4acb-a7d0-186a2195271e,69b0e5b9-3be2-4ec3-a9a6-bb5b523d4b32,c37bb10c-96d3-5039-9612-6cd415ce6a23
7fcbe3ac-096d-4acb-a7d0-186a2195271e,69b0e5b9-3be2-4ec3-a9a6-bb5b523d4b32,eab14979-6cf0-11ef-8000-bb3209de79c0
7fcbe3ac-096d-4acb-a7d0-186a2195271e,69b0e5b9-3be2-4ec3-a9a6-bb5b523d4b32,da334c89-29ad-56a6-852b-1ab5940f21f6
7fcbe3ac-096d-4acb-a7d0-186a2195271e,69b0e5b9-3be2-4ec3-a9a6-bb5b523d4b32,2d5b2923-27b2-5298-bfe0-35cc0a8397af
7fcbe3ac-096d-4acb-a7d0-186a2195271e,69b0e5b9-3be2-4ec3-a9a6-bb5b523d4b32,7beaf4a9-bbe3-4fd9-bfac-746d25703270
7fcbe3ac-096d-4acb-a7d0-186a2195271e,69b0e5b9-3be2-4ec3-a9a6-bb5b523d4b32,48bc2f4e-fe5a-41d3-bc7c-5c4bc7c0cd91
7fcbe3ac-096d-4acb-a7d0-186a2195271e,69b0e5b9-3be2-4ec3-a9a6-bb5b523d4b32,7a1b2a2c-84b5-445e-a06c-fe8b06bc1fbf
7fcbe3ac-096d-4acb-a7d0-186a2195271e,69b0e5b9-3be2-4ec3-a9a6-bb5b523d4b32,750120c8-1d4b-4fed-8908-ce14e30d3e15
7fcbe3ac-096d-4acb-a7d0-186a2195271e,69b0e5b9-3be2-4ec3-a9a6-bb5b523d4b32,fcd7f192-b04e-4765-90cf-5cc4f6125619
7fcbe3ac-096d-4acb-a7d0-186a2195271e,69b0e5b9-3be2-4ec3-a9a6-bb5b523d4b32,21b2b267-3956-491f-8276-a705b80b3831
7fcbe3ac-096d-4acb-a7d0-186a2195271e,69b0e5b9-3be2-4ec3-a9a6-bb5b523d4b32,a980b931-9769-4975-847a-5d81405b213b
7fcbe3ac-096d-4acb-a7d0-186a2195271e,8130458f-ae96-4ab3-89b9-21f06a2aac78,a980b931-9769-4975-847a-5d81405b213b
7fd08eec-b03b-4245-8b77-4e8e2e92f347,69b0e5b9-3be2-4ec3-a9a6-bb5b523d4b32,23f041c3-638d-574b-a4e5-a6b077194c2f
7fd08eec-b03b-4245-8b77-4e8e2e92f347,69b0e5b9-3be2-4ec3-a9a6-bb5b523d4b32,00cbc494-885e-5e60-9464-4c02021f1edc
7fd08eec-b03b-4245-8b77-4e8e2e92f347,69b0e5b9-3be2-4ec3-a9a6-bb5b523d4b32,77b975ad-62e2-11ef-8000-bb3209de79c0
7fd08eec-b03b-4245-8b77-4e8e2e92f347,69b0e5b9-3be2-4ec3-a9a6-bb5b523d4b32,77b991eb-62e2-11ef-8000-bb3209de79c0
7fd08eec-b03b-4245-8b77-4e8e2e92f347,69b0e5b9-3be2-4ec3-a9a6-bb5b523d4b32,da334c89-29ad-56a6-852b-1ab5940f21f6
7fd08eec-b03b-4245-8b77-4e8e2e92f347,69b0e5b9-3be2-4ec3-a9a6-bb5b523d4b32,3fe06e51-22bc-5680-a8e0-94065d6b3f29
7fd08eec-b03b-4245-8b77-4e8e2e92f347,69b0e5b9-3be2-4ec3-a9a6-bb5b523d4b32,10b0f07a-62e1-5692-83c6-885754fc148c
7fd08eec-b03b-4245-8b77-4e8e2e92f347,69b0e5b9-3be2-4ec3-a9a6-bb5b523d4b32,332f8db6-c031-4bc0-ae9b-5ba2d6f65af1
7fd08eec-b03b-4245-8b77-4e8e2e92f347,69b0e5b9-3be2-4ec3-a9a6-bb5b523d4b32,9aa96187-b66b-4730-a110-d06287e3680a
7fd08eec-b03b-4245-8b77-4e8e2e92f347,69b0e5b9-3be2-4ec3-a9a6-bb5b523d4b32,90b8f451-bdba-40e5-a7cc-446e6698c98e
7fd08eec-b03b-4245-8b77-4e8e2e92f347,69b0e5b9-3be2-4ec3-a9a6-bb5b523d4b32,bbdadac6-65c2-4a03-9f74-9784b916378e
7fd08eec-b03b-4245-8b77-4e8e2e92f347,7d11b956-0014-43be-9a3e-f89e2b31ec4f,bbdadac6-65c2-4a03-9f74-9784b916378e
7ff9e52f-bcb2-4070-bfce-e4fdd643cee4,69b0e5b9-3be2-4ec3-a9a6-bb5b523d4b32,23f041c3-638d-574b-a4e5-a6b077194c2f
7ff9e52f-bcb2-4070-bfce-e4fdd643cee4,69b0e5b9-3be2-4ec3-a9a6-bb5b523d4b32,2026b90d-06c8-5bc5-aa60-b6b07fd267a5
7ff9e52f-bcb2-4070-bfce-e4fdd643cee4,69b0e5b9-3be2-4ec3-a9a6-bb5b523d4b32,77b467b5-62e2-11ef-8000-bb3209de79c0
7ff9e52f-bcb2-4070-bfce-e4fdd643cee4,69b0e5b9-3be2-4ec3-a9a6-bb5b523d4b32,da334c89-29ad-56a6-852b-1ab5940f21f6
7ff9e52f-bcb2-4070-bfce-e4fdd643cee4,69b0e5b9-3be2-4ec3-a9a6-bb5b523d4b32,44fe5487-a6ba-5012-9dd3-78b0513f1059
7ff9e52f-bcb2-4070-bfce-e4fdd643cee4,69b0e5b9-3be2-4ec3-a9a6-bb5b523d4b32,c6f51ca5-f12e-4519-8aaa-d52298bdd431
7ff9e52f-bcb2-4070-bfce-e4fdd643cee4,69b0e5b9-3be2-4ec3-a9a6-bb5b523d4b32,6376fb84-847c-46b5-a782-2fc1e4e29e83
7ff9e52f-bcb2-4070-bfce-e4fdd643cee4,69b0e5b9-3be2-4ec3-a9a6-bb5b523d4b32,bbdadac6-65c2-4a03-9f74-9784b916378e
7ff9e52f-bcb2-4070-bfce-e4fdd643cee4,7d11b956-0014-43be-9a3e-f89e2b31ec4f,bbdadac6-65c2-4a03-9f74-9784b916378e
82fca4c9-0904-4ea8-abf9-1d0b0ec51301,69b0e5b9-3be2-4ec3-a9a6-bb5b523d4b32,c37bb10c-96d3-5039-9612-6cd415ce6a23
82fca4c9-0904-4ea8-abf9-1d0b0ec51301,69b0e5b9-3be2-4ec3-a9a6-bb5b523d4b32,eb1cc237-6cf0-11ef-8000-bb3209de79c0
82fca4c9-0904-4ea8-abf9-1d0b0ec51301,69b0e5b9-3be2-4ec3-a9a6-bb5b523d4b32,da334c89-29ad-56a6-852b-1ab5940f21f6
82fca4c9-0904-4ea8-abf9-1d0b0ec51301,69b0e5b9-3be2-4ec3-a9a6-bb5b523d4b32,d79a7637-385b-577e-9751-1c63482b452d
82fca4c9-0904-4ea8-abf9-1d0b0ec51301,69b0e5b9-3be2-4ec3-a9a6-bb5b523d4b32,df97bfed-4494-4041-ae94-bfc86d6c9118
82fca4c9-0904-4ea8-abf9-1d0b0ec51301,69b0e5b9-3be2-4ec3-a9a6-bb5b523d4b32,8bf1ea32-e1e8-4196-b346-88614525df2c
82fca4c9-0904-4ea8-abf9-1d0b0ec51301,69b0e5b9-3be2-4ec3-a9a6-bb5b523d4b32,7a1b2a2c-84b5-445e-a06c-fe8b06bc1fbf
82fca4c9-0904-4ea8-abf9-1d0b0ec51301,69b0e5b9-3be2-4ec3-a9a6-bb5b523d4b32,750120c8-1d4b-4fed-8908-ce14e30d3e15
82fca4c9-0904-4ea8-abf9-1d0b0ec51301,69b0e5b9-3be2-4ec3-a9a6-bb5b523d4b32,fcd7f192-b04e-4765-90cf-5cc4f6125619
82fca4c9-0904-4ea8-abf9-1d0b0ec51301,69b0e5b9-3be2-4ec3-a9a6-bb5b523d4b32,21b2b267-3956-491f-8276-a705b80b3831
82fca4c9-0904-4ea8-abf9-1d0b0ec51301,69b0e5b9-3be2-4ec3-a9a6-bb5b523d4b32,a980b931-9769-4975-847a-5d81405b213b
82fca4c9-0904-4ea8-abf9-1d0b0ec51301,8130458f-ae96-4ab3-89b9-21f06a2aac78,a980b931-9769-4975-847a-5d81405b213b
83ddb527-717c-47b3-8bb2-ee38a6534517,69b0e5b9-3be2-4ec3-a9a6-bb5b523d4b32,c8fd011e-1c18-5fc9-93d9-08af2a6fd210
83ddb527-717c-47b3-8bb2-ee38a6534517,69b0e5b9-3be2-4ec3-a9a6-bb5b523d4b32,eb55f97b-6cf0-11ef-8000-bb3209de79c0
83ddb527-717c-47b3-8bb2-ee38a6534517,69b0e5b9-3be2-4ec3-a9a6-bb5b523d4b32,da334c89-29ad-56a6-852b-1ab5940f21f6
83ddb527-717c-47b3-8bb2-ee38a6534517,69b0e5b9-3be2-4ec3-a9a6-bb5b523d4b32,da9cb5b4-4849-531d-ace8-ac04bae78bae
83ddb527-717c-47b3-8bb2-ee38a6534517,69b0e5b9-3be2-4ec3-a9a6-bb5b523d4b32,c7746867-f51f-4dda-a45a-cf5cfdd5229a
83ddb527-717c-47b3-8bb2-ee38a6534517,69b0e5b9-3be2-4ec3-a9a6-bb5b523d4b32,af1b6f3b-afe2-41be-bd26-e4666d73ea6f
83ddb527-717c-47b3-8bb2-ee38a6534517,69b0e5b9-3be2-4ec3-a9a6-bb5b523d4b32,187fa880-21ee-41b8-b365-b27cd1d2b8a0
83ddb527-717c-47b3-8bb2-ee38a6534517,69b0e5b9-3be2-4ec3-a9a6-bb5b523d4b32,21b2b267-3956-491f-8276-a705b80b3831
83ddb527-717c-47b3-8bb2-ee38a6534517,69b0e5b9-3be2-4ec3-a9a6-bb5b523d4b32,a66d1d4a-6939-461e-9493-d2e6407c50e2
83ddb527-717c-47b3-8bb2-ee38a6534517,69b0e5b9-3be2-4ec3-a9a6-bb5b523d4b32,ce890a47-d948-4c36-9229-705a85728a5e
83ddb527-717c-47b3-8bb2-ee38a6534517,69b0e5b9-3be2-4ec3-a9a6-bb5b523d4b32,07d5cfb9-1dc5-41ca-bd9c-a298a16e6767
83ddb527-717c-47b3-8bb2-ee38a6534517,8130458f-ae96-4ab3-89b9-21f06a2aac78,07d5cfb9-1dc5-41ca-bd9c-a298a16e6767
8883c70b-bc98-4c5f-b65d-92a21658947c,69b0e5b9-3be2-4ec3-a9a6-bb5b523d4b32,c37bb10c-96d3-5039-9612-6cd415ce6a23
8883c70b-bc98-4c5f-b65d-92a21658947c,69b0e5b9-3be2-4ec3-a9a6-bb5b523d4b32,eadcc79e-6cf0-11ef-8000-bb3209de79c0
8883c70b-bc98-4c5f-b65d-92a21658947c,69b0e5b9-3be2-4ec3-a9a6-bb5b523d4b32,da334c89-29ad-56a6-852b-1ab5940f21f6
8883c70b-bc98-4c5f-b65d-92a21658947c,69b0e5b9-3be2-4ec3-a9a6-bb5b523d4b32,57c8958f-f01f-5e68-99a3-f98ffe624d06
8883c70b-bc98-4c5f-b65d-92a21658947c,69b0e5b9-3be2-4ec3-a9a6-bb5b523d4b32,7beaf4a9-bbe3-4fd9-bfac-746d25703270
8883c70b-bc98-4c5f-b65d-92a21658947c,69b0e5b9-3be2-4ec3-a9a6-bb5b523d4b32,48bc2f4e-fe5a-41d3-bc7c-5c4bc7c0cd91
8883c70b-bc98-4c5f-b65d-92a21658947c,69b0e5b9-3be2-4ec3-a9a6-bb5b523d4b32,7a1b2a2c-84b5-445e-a06c-fe8b06bc1fbf
8883c70b-bc98-4c5f-b65d-92a21658947c,69b0e5b9-3be2-4ec3-a9a6-bb5b523d4b32,750120c8-1d4b-4fed-8908-ce14e30d3e15
8883c70b-bc98-4c5f-b65d-92a21658947c,69b0e5b9-3be2-4ec3-a9a6-bb5b523d4b32,fcd7f192-b04e-4765-90cf-5cc4f6125619
8883c70b-bc98-4c5f-b65d-92a21658947c,69b0e5b9-3be2-4ec3-a9a6-bb5b523d4b32,21b2b267-3956-491f-8276-a705b80b3831
8883c70b-bc98-4c5f-b65d-92a21658947c,69b0e5b9-3be2-4ec3-a9a6-bb5b523d4b32,a980b931-9769-4975-847a-5d81405b213b
8883c70b-bc98-4c5f-b65d-92a21658947c,8130458f-ae96-4ab3-89b9-21f06a2aac78,a980b931-9769-4975-847a-5d81405b213b
8bf1ea32-e1e8-4196-b346-88614525df2c,69b0e5b9-3be2-4ec3-a9a6-bb5b523d4b32,fa02ca91-ae28-5513-bdae-4bc44229b991
8bf1ea32-e1e8-4196-b346-88614525df2c,69b0e5b9-3be2-4ec3-a9a6-bb5b523d4b32,eae5c71f-6cf0-11ef-8000-bb3209de79c0
8bf1ea32-e1e8-4196-b346-88614525df2c,69b0e5b9-3be2-4ec3-a9a6-bb5b523d4b32,da334c89-29ad-56a6-852b-1ab5940f21f6
8bf1ea32-e1e8-4196-b346-88614525df2c,69b0e5b9-3be2-4ec3-a9a6-bb5b523d4b32,38439d71-00a4-57e6-b346-e7f5ac82fe8d
8bf1ea32-e1e8-4196-b346-88614525df2c,69b0e5b9-3be2-4ec3-a9a6-bb5b523d4b32,df97bfed-4494-4041-ae94-bfc86d6c9118
8bf1ea32-e1e8-4196-b346-88614525df2c,69b0e5b9-3be2-4ec3-a9a6-bb5b523d4b32,7a1b2a2c-84b5-445e-a06c-fe8b06bc1fbf
8bf1ea32-e1e8-4196-b346-88614525df2c,69b0e5b9-3be2-4ec3-a9a6-bb5b523d4b32,f2fa28ac-1aef-4b86-9a27-8ba4ad802e60
8bf1ea32-e1e8-4196-b346-88614525df2c,69b0e5b9-3be2-4ec3-a9a6-bb5b523d4b32,9a6cfc6f-45ab-4247-a794-efe73e71f049
8bf1ea32-e1e8-4196-b346-88614525df2c,69b0e5b9-3be2-4ec3-a9a6-bb5b523d4b32,21b2b267-3956-491f-8276-a705b80b3831
8bf1ea32-e1e8-4196-b346-88614525df2c,69b0e5b9-3be2-4ec3-a9a6-bb5b523d4b32,dabf85cb-c1e7-489b-aa66-0572dd1bd1dd
8bf1ea32-e1e8-4196-b346-88614525df2c,8130458f-ae96-4ab3-89b9-21f06a2aac78,dabf85cb-c1e7-489b-aa66-0572dd1bd1dd
8c1d6f78-392e-45a6-829d-056e4b796b0b,69b0e5b9-3be2-4ec3-a9a6-bb5b523d4b32,23f041c3-638d-574b-a4e5-a6b077194c2f
8c1d6f78-392e-45a6-829d-056e4b796b0b,69b0e5b9-3be2-4ec3-a9a6-bb5b523d4b32,73529584-f0c9-5742-8c66-bd6ae4be5b66
8c1d6f78-392e-45a6-829d-056e4b796b0b,69b0e5b9-3be2-4ec3-a9a6-bb5b523d4b32,77b1c9e4-62e2-11ef-8000-bb3209de79c0
8c1d6f78-392e-45a6-829d-056e4b796b0b,69b0e5b9-3be2-4ec3-a9a6-bb5b523d4b32,da334c89-29ad-56a6-852b-1ab5940f21f6
8c1d6f78-392e-45a6-829d-056e4b796b0b,69b0e5b9-3be2-4ec3-a9a6-bb5b523d4b32,8d39e722-1578-53f3-bdd6-e74d4fa7a254
8c1d6f78-392e-45a6-829d-056e4b796b0b,69b0e5b9-3be2-4ec3-a9a6-bb5b523d4b32,bbdadac6-65c2-4a03-9f74-9784b916378e
8c1d6f78-392e-45a6-829d-056e4b796b0b,7d11b956-0014-43be-9a3e-f89e2b31ec4f,bbdadac6-65c2-4a03-9f74-9784b916378e
9012284e-24a6-4e2b-a050-4719db46d317,69b0e5b9-3be2-4ec3-a9a6-bb5b523d4b32,94a67c11-7e60-5557-8a7c-3fb7883d3b9a
9012284e-24a6-4e2b-a050-4719db46d317,69b0e5b9-3be2-4ec3-a9a6-bb5b523d4b32,eb877180-6cf0-11ef-8000-bb3209de79c0
9012284e-24a6-4e2b-a050-4719db46d317,69b0e5b9-3be2-4ec3-a9a6-bb5b523d4b32,da334c89-29ad-56a6-852b-1ab5940f21f6
9012284e-24a6-4e2b-a050-4719db46d317,69b0e5b9-3be2-4ec3-a9a6-bb5b523d4b32,2e269236-d31d-5db3-80ff-fa7d28fe3c63
9012284e-24a6-4e2b-a050-4719db46d317,69b0e5b9-3be2-4ec3-a9a6-bb5b523d4b32,e28a9f4e-cfc7-4eb4-8058-9d5314414e5e
9012284e-24a6-4e2b-a050-4719db46d317,69b0e5b9-3be2-4ec3-a9a6-bb5b523d4b32,5f72e550-6f46-4bd1-a25c-a9b18a8cbb42
9012284e-24a6-4e2b-a050-4719db46d317,69b0e5b9-3be2-4ec3-a9a6-bb5b523d4b32,21b2b267-3956-491f-8276-a705b80b3831
9012284e-24a6-4e2b-a050-4719db46d317,69b0e5b9-3be2-4ec3-a9a6-bb5b523d4b32,518f088d-1e08-4ee9-bada-620d0b8d069d
9012284e-24a6-4e2b-a050-4719db46d317,69b0e5b9-3be2-4ec3-a9a6-bb5b523d4b32,c400477f-b69a-4f64-8ab1-7260300f1cb3
9012284e-24a6-4e2b-a050-4719db46d317,69b0e5b9-3be2-4ec3-a9a6-bb5b523d4b32,677ebc38-d815-5a8e-bfbb-c4d44ee4158e
9012284e-24a6-4e2b-a050-4719db46d317,69b0e5b9-3be2-4ec3-a9a6-bb5b523d4b32,4e292a65-9a0d-4bfa-9e4f-16ae238c2627
9012284e-24a6-4e2b-a050-4719db46d317,8130458f-ae96-4ab3-89b9-21f06a2aac78,4e292a65-9a0d-4bfa-9e4f-16ae238c2627
90b8f451-bdba-40e5-a7cc-446e6698c98e,69b0e5b9-3be2-4ec3-a9a6-bb5b523d4b32,6026404d-fddf-55c3-be51-306a6b510a6a
90b8f451-bdba-40e5-a7cc-446e6698c98e,69b0e5b9-3be2-4ec3-a9a6-bb5b523d4b32,77b9d658-62e2-11ef-8000-bb3209de79c0
90b8f451-bdba-40e5-a7cc-446e6698c98e,69b0e5b9-3be2-4ec3-a9a6-bb5b523d4b32,da334c89-29ad-56a6-852b-1ab5940f21f6
90b8f451-bdba-40e5-a7cc-446e6698c98e,69b0e5b9-3be2-4ec3-a9a6-bb5b523d4b32,7df15264-b183-5e6a-bb51-0d5b068e7d66
90b8f451-bdba-40e5-a7cc-446e6698c98e,69b0e5b9-3be2-4ec3-a9a6-bb5b523d4b32,a287a47d-ec0b-40a2-bef6-82cabe685003
90b8f451-bdba-40e5-a7cc-446e6698c98e,69b0e5b9-3be2-4ec3-a9a6-bb5b523d4b32,7fd08eec-b03b-4245-8b77-4e8e2e92f347
90b8f451-bdba-40e5-a7cc-446e6698c98e,69b0e5b9-3be2-4ec3-a9a6-bb5b523d4b32,4ab749af-25a0-4906-8783-9337a543dffa
90b8f451-bdba-40e5-a7cc-446e6698c98e,7d11b956-0014-43be-9a3e-f89e2b31ec4f,4ab749af-25a0-4906-8783-9337a543dffa
938efa25-8c0d-4380-b7f3-0e0d1e984456,69b0e5b9-3be2-4ec3-a9a6-bb5b523d4b32,f7826127-6dd1-58fc-82ab-d5d8a26872d5
938efa25-8c0d-4380-b7f3-0e0d1e984456,69b0e5b9-3be2-4ec3-a9a6-bb5b523d4b32,614ab67e-e232-511e-92d9-98d91fb893e8
938efa25-8c0d-4380-b7f3-0e0d1e984456,69b0e5b9-3be2-4ec3-a9a6-bb5b523d4b32,77b325b4-62e2-11ef-8000-bb3209de79c0
938efa25-8c0d-4380-b7f3-0e0d1e984456,69b0e5b9-3be2-4ec3-a9a6-bb5b523d4b32,da334c89-29ad-56a6-852b-1ab5940f21f6
938efa25-8c0d-4380-b7f3-0e0d1e984456,69b0e5b9-3be2-4ec3-a9a6-bb5b523d4b32,dd56898e-2092-5763-91e4-7ca5a9a4cc7f
938efa25-8c0d-4380-b7f3-0e0d1e984456,69b0e5b9-3be2-4ec3-a9a6-bb5b523d4b32,7dd6bcd7-6a17-4d45-8d58-c39ba1c9da12
938efa25-8c0d-4380-b7f3-0e0d1e984456,69b0e5b9-3be2-4ec3-a9a6-bb5b523d4b32,fcd7f192-b04e-4765-90cf-5cc4f6125619
938efa25-8c0d-4380-b7f3-0e0d1e984456,69b0e5b9-3be2-4ec3-a9a6-bb5b523d4b32,6f00889f-e68d-40c9-b970-ca2f3d6bfdb7
938efa25-8c0d-4380-b7f3-0e0d1e984456,69b0e5b9-3be2-4ec3-a9a6-bb5b523d4b32,69237cad-6966-4825-ba09-f1402bc93e91
938efa25-8c0d-4380-b7f3-0e0d1e984456,7d11b956-0014-43be-9a3e-f89e2b31ec4f,69237cad-6966-4825-ba09-f1402bc93e91
94808823-9865-438f-abf9-5da2ebc1bf5c,69b0e5b9-3be2-4ec3-a9a6-bb5b523d4b32,f7826127-6dd1-58fc-82ab-d5d8a26872d5
94808823-9865-438f-abf9-5da2ebc1bf5c,69b0e5b9-3be2-4ec3-a9a6-bb5b523d4b32,3fbe81c5-d9a0-58a3-9248-61c9106e77e7
94808823-9865-438f-abf9-5da2ebc1bf5c,69b0e5b9-3be2-4ec3-a9a6-bb5b523d4b32,77b18a00-62e2-11ef-8000-bb3209de79c0
94808823-9865-438f-abf9-5da2ebc1bf5c,69b0e5b9-3be2-4ec3-a9a6-bb5b523d4b32,da334c89-29ad-56a6-852b-1ab5940f21f6
94808823-9865-438f-abf9-5da2ebc1bf5c,69b0e5b9-3be2-4ec3-a9a6-bb5b523d4b32,a56670d2-f0d0-5f9c-a934-f72bb86135bf
94808823-9865-438f-abf9-5da2ebc1bf5c,69b0e5b9-3be2-4ec3-a9a6-bb5b523d4b32,7a0ab39a-107c-4782-a2f1-b6097534f442
94808823-9865-438f-abf9-5da2ebc1bf5c,69b0e5b9-3be2-4ec3-a9a6-bb5b523d4b32,69237cad-6966-4825-ba09-f1402bc93e91
94808823-9865-438f-abf9-5da2ebc1bf5c,7d11b956-0014-43be-9a3e-f89e2b31ec4f,69237cad-6966-4825-ba09-f1402bc93e91
94980575-029e-4997-a325-dd0e9ca1f442,69b0e5b9-3be2-4ec3-a9a6-bb5b523d4b32,a445d29b-2ba7-5a46-8885-5a5d11680eba
94980575-029e-4997-a325-dd0e9ca1f442,69b0e5b9-3be2-4ec3-a9a6-bb5b523d4b32,eb463013-6cf0-11ef-8000-bb3209de79c0
94980575-029e-4997-a325-dd0e9ca1f442,69b0e5b9-3be2-4ec3-a9a6-bb5b523d4b32,da334c89-29ad-56a6-852b-1ab5940f21f6
94980575-029e-4997-a325-dd0e9ca1f442,69b0e5b9-3be2-4ec3-a9a6-bb5b523d4b32,d8f7e580-4c5b-11d9-8000-bb3209de79c0
94980575-029e-4997-a325-dd0e9ca1f442,69b0e5b9-3be2-4ec3-a9a6-bb5b523d4b32,21b2b267-3956-491f-8276-a705b80b3831
94980575-029e-4997-a325-dd0e9ca1f442,69b0e5b9-3be2-4ec3-a9a6-bb5b523d4b32,31c79380-d8c8-4304-bd35-6448e6378c41
94980575-029e-4997-a325-dd0e9ca1f442,69b0e5b9-3be2-4ec3-a9a6-bb5b523d4b32,6bb0b0b6-41cd-4bb3-a0e8-d483b25f6cf1
94980575-029e-4997-a325-dd0e9ca1f442,8130458f-ae96-4ab3-89b9-21f06a2aac78,6bb0b0b6-41cd-4bb3-a0e8-d483b25f6cf1
9704d53d-8560-4569-9f37-8182baab988c,69b0e5b9-3be2-4ec3-a9a6-bb5b523d4b32,c8fd011e-1c18-5fc9-93d9-08af2a6fd210
9704d53d-8560-4569-9f37-8182baab988c,69b0e5b9-3be2-4ec3-a9a6-bb5b523d4b32,eb512007-6cf0-11ef-8000-bb3209de79c0
9704d53d-8560-4569-9f37-8182baab988c,69b0e5b9-3be2-4ec3-a9a6-bb5b523d4b32,da334c89-29ad-56a6-852b-1ab5940f21f6
9704d53d-8560-4569-9f37-8182baab988c,69b0e5b9-3be2-4ec3-a9a6-bb5b523d4b32,613e3da2-2d92-5654-a7c6-523d4e46cc03
9704d53d-8560-4569-9f37-8182baab988c,69b0e5b9-3be2-4ec3-a9a6-bb5b523d4b32,b11ad57f-e2a3-4d0a-b2ff-01c2e2e46f47
9704d53d-8560-4569-9f37-8182baab988c,69b0e5b9-3be2-4ec3-a9a6-bb5b523d4b32,396dbeb1-d478-4bb4-9b4c-295912158f48
9704d53d-8560-4569-9f37-8182baab988c,69b0e5b9-3be2-4ec3-a9a6-bb5b523d4b32,58b06ec5-b9df-437d-9ebb-a338dbd9a1ab
9704d53d-8560-4569-9f37-8182baab988c,69b0e5b9-3be2-4ec3-a9a6-bb5b523d4b32,21b2b267-3956-491f-8276-a705b80b3831
9704d53d-8560-4569-9f37-8182baab988c,69b0e5b9-3be2-4ec3-a9a6-bb5b523d4b32,466ea4e3-837b-4ebc-8b48-3e5ceb396e61
9704d53d-8560-4569-9f37-8182baab988c,69b0e5b9-3be2-4ec3-a9a6-bb5b523d4b32,f49c69b1-9a28-492e-99d4-bc861c1f4a38
9704d53d-8560-4569-9f37-8182baab988c,69b0e5b9-3be2-4ec3-a9a6-bb5b523d4b32,07d5cfb9-1dc5-41ca-bd9c-a298a16e6767
9704d53d-8560-4569-9f37-8182baab988c,8130458f-ae96-4ab3-89b9-21f06a2aac78,07d5cfb9-1dc5-41ca-bd9c-a298a16e6767
988ced22-d631-42c1-95ca-d20088990723,69b0e5b9-3be2-4ec3-a9a6-bb5b523d4b32,db4e6ae3-fb78-54d6-b068-84c1ae0cd293
988ced22-d631-42c1-95ca-d20088990723,69b0e5b9-3be2-4ec3-a9a6-bb5b523d4b32,45998832-1d7a-5fc6-a18f-2d7f55b58b32
988ced22-d631-42c1-95ca-d20088990723,69b0e5b9-3be2-4ec3-a9a6-bb5b523d4b32,77a035e0-62e2-11ef-8000-bb3209de79c0
988ced22-d631-42c1-95ca-d20088990723,69b0e5b9-3be2-4ec3-a9a6-bb5b523d4b32,da334c89-29ad-56a6-852b-1ab5940f21f6
988ced22-d631-42c1-95ca-d20088990723,69b0e5b9-3be2-4ec3-a9a6-bb5b523d4b32,715cf84f-5456-5bdb-bca0-8f23610bcc15
988ced22-d631-42c1-95ca-d20088990723,69b0e5b9-3be2-4ec3-a9a6-bb5b523d4b32,fa589df8-5b75-4b5a-97e5-19d27f6801df
988ced22-d631-42c1-95ca-d20088990723,7d11b956-0014-43be-9a3e-f89e2b31ec4f,fa589df8-5b75-4b5a-97e5-19d27f6801df
9895a3cd-be4b-4922-a132-0fa8d9b19c5d,69b0e5b9-3be2-4ec3-a9a6-bb5b523d4b32,c37bb10c-96d3-5039-9612-6cd415ce6a23
9895a3cd-be4b-4922-a132-0fa8d9b19c5d,69b0e5b9-3be2-4ec3-a9a6-bb5b523d4b32,eaf15bef-6cf0-11ef-8000-bb3209de79c0
9895a3cd-be4b-4922-a132-0fa8d9b19c5d,69b0e5b9-3be2-4ec3-a9a6-bb5b523d4b32,da334c89-29ad-56a6-852b-1ab5940f21f6
9895a3cd-be4b-4922-a132-0fa8d9b19c5d,69b0e5b9-3be2-4ec3-a9a6-bb5b523d4b32,563ebf49-8b75-5816-82d5-0bf2e97b595e
9895a3cd-be4b-4922-a132-0fa8d9b19c5d,69b0e5b9-3be2-4ec3-a9a6-bb5b523d4b32,df97bfed-4494-4041-ae94-bfc86d6c9118
9895a3cd-be4b-4922-a132-0fa8d9b19c5d,69b0e5b9-3be2-4ec3-a9a6-bb5b523d4b32,8bf1ea32-e1e8-4196-b346-88614525df2c
9895a3cd-be4b-4922-a132-0fa8d9b19c5d,69b0e5b9-3be2-4ec3-a9a6-bb5b523d4b32,7a1b2a2c-84b5-445e-a06c-fe8b06bc1fbf
9895a3cd-be4b-4922-a132-0fa8d9b19c5d,69b0e5b9-3be2-4ec3-a9a6-bb5b523d4b32,750120c8-1d4b-4fed-8908-ce14e30d3e15
9895a3cd-be4b-4922-a132-0fa8d9b19c5d,69b0e5b9-3be2-4ec3-a9a6-bb5b523d4b32,fcd7f192-b04e-4765-90cf-5cc4f6125619
9895a3cd-be4b-4922-a132-0fa8d9b19c5d,69b0e5b9-3be2-4ec3-a9a6-bb5b523d4b32,21b2b267-3956-491f-8276-a705b80b3831
9895a3cd-be4b-4922-a132-0fa8d9b19c5d,69b0e5b9-3be2-4ec3-a9a6-bb5b523d4b32,a980b931-9769-4975-847a-5d81405b213b
9895a3cd-be4b-4922-a132-0fa8d9b19c5d,8130458f-ae96-4ab3-89b9-21f06a2aac78,a980b931-9769-4975-847a-5d81405b213b
9962283e-75b7-4f04-9fe6-f9be111900ab,69b0e5b9-3be2-4ec3-a9a6-bb5b523d4b32,5efa2f5e-5f8b-5e1c-93c6-77327c916e5f
9962283e-75b7-4f04-9fe6-f9be111900ab,69b0e5b9-3be2-4ec3-a9a6-bb5b523d4b32,ea6a103d-6cf0-11ef-8000-bb3209de79c0
9962283e-75b7-4f04-9fe6-f9be111900ab,69b0e5b9-3be2-4ec3-a9a6-bb5b523d4b32,da334c89-29ad-56a6-852b-1ab5940f21f6
9962283e-75b7-4f04-9fe6-f9be111900ab,69b0e5b9-3be2-4ec3-a9a6-bb5b523d4b32,c3729353-d31c-5b95-b7ca-a1213110dc27
9962283e-75b7-4f04-9fe6-f9be111900ab,69b0e5b9-3be2-4ec3-a9a6-bb5b523d4b32,9aa96187-b66b-4730-a110-d06287e3680a
9962283e-75b7-4f04-9fe6-f9be111900ab,69b0e5b9-3be2-4ec3-a9a6-bb5b523d4b32,21b2b267-3956-491f-8276-a705b80b3831
9962283e-75b7-4f04-9fe6-f9be111900ab,69b0e5b9-3be2-4ec3-a9a6-bb5b523d4b32,b4b7f338-7eed-46ce-81bf-35b6d53bdf81
9962283e-75b7-4f04-9fe6-f9be111900ab,69b0e5b9-3be2-4ec3-a9a6-bb5b523d4b32,fcae9992-8838-447e-a530-5f63aab304b2
9962283e-75b7-4f04-9fe6-f9be111900ab,8130458f-ae96-4ab3-89b9-21f06a2aac78,fcae9992-8838-447e-a530-5f63aab304b2
9a310748-48cd-47bb-bbb8-8cf2002617ec,69b0e5b9-3be2-4ec3-a9a6-bb5b523d4b32,c37bb10c-96d3-5039-9612-6cd415ce6a23
9a310748-48cd-47bb-bbb8-8cf2002617ec,69b0e5b9-3be2-4ec3-a9a6-bb5b523d4b32,eadfd279-6cf0-11ef-8000-bb3209de79c0
9a310748-48cd-47bb-bbb8-8cf2002617ec,69b0e5b9-3be2-4ec3-a9a6-bb5b523d4b32,da334c89-29ad-56a6-852b-1ab5940f21f6
9a310748-48cd-47bb-bbb8-8cf2002617ec,69b0e5b9-3be2-4ec3-a9a6-bb5b523d4b32,ab1d65ac-737a-564a-8f2a-9d825b041d29
9a310748-48cd-47bb-bbb8-8cf2002617ec,69b0e5b9-3be2-4ec3-a9a6-bb5b523d4b32,7beaf4a9-bbe3-4fd9-bfac-746d25703270
9a310748-48cd-47bb-bbb8-8cf2002617ec,69b0e5b9-3be2-4ec3-a9a6-bb5b523d4b32,48bc2f4e-fe5a-41d3-bc7c-5c4bc7c0cd91
9a310748-48cd-47bb-bbb8-8cf2002617ec,69b0e5b9-3be2-4ec3-a9a6-bb5b523d4b32,7a1b2a2c-84b5-445e-a06c-fe8b06bc1fbf
9a310748-48cd-47bb-bbb8-8cf2002617ec,69b0e5b9-3be2-4ec3-a9a6-bb5b523d4b32,750120c8-1d4b-4fed-8908-ce14e30d3e15
9a310748-48cd-47bb-bbb8-8cf2002617ec,69b0e5b9-3be2-4ec3-a9a6-bb5b523d4b32,fcd7f192-b04e-4765-90cf-5cc4f6125619
9a310748-48cd-47bb-bbb8-8cf2002617ec,69b0e5b9-3be2-4ec3-a9a6-bb5b523d4b32,21b2b267-3956-491f-8276-a705b80b3831
9a310748-48cd-47bb-bbb8-8cf2002617ec,69b0e5b9-3be2-4ec3-a9a6-bb5b523d4b32,a980b931-9769-4975-847a-5d81405b213b
9a310748-48cd-47bb-bbb8-8cf2002617ec,8130458f-ae96-4ab3-89b9-21f06a2aac78,a980b931-9769-4975-847a-5d81405b213b
9a61d44a-0db4-496c-a5e0-81765ebd8c49,69b0e5b9-3be2-4ec3-a9a6-bb5b523d4b32,c37bb10c-96d3-5039-9612-6cd415ce6a23
9a61d44a-0db4-496c-a5e0-81765ebd8c49,69b0e5b9-3be2-4ec3-a9a6-bb5b523d4b32,eb136b66-6cf0-11ef-8000-bb3209de79c0
9a61d44a-0db4-496c-a5e0-81765ebd8c49,69b0e5b9-3be2-4ec3-a9a6-bb5b523d4b32,da334c89-29ad-56a6-852b-1ab5940f21f6
9a61d44a-0db4-496c-a5e0-81765ebd8c49,69b0e5b9-3be2-4ec3-a9a6-bb5b523d4b32,86e1195c-ecc0-52f6-ae9b-fcf925d41d97
9a61d44a-0db4-496c-a5e0-81765ebd8c49,69b0e5b9-3be2-4ec3-a9a6-bb5b523d4b32,df97bfed-4494-4041-ae94-bfc86d6c9118
9a61d44a-0db4-496c-a5e0-81765ebd8c49,69b0e5b9-3be2-4ec3-a9a6-bb5b523d4b32,8bf1ea32-e1e8-4196-b346-88614525df2c
9a61d44a-0db4-496c-a5e0-81765ebd8c49,69b0e5b9-3be2-4ec3-a9a6-bb5b523d4b32,7a1b2a2c-84b5-445e-a06c-fe8b06bc1fbf
9a61d44a-0db4-496c-a5e0-81765ebd8c49,69b0e5b9-3be2-4ec3-a9a6-bb5b523d4b32,750120c8-1d4b-4fed-8908-ce14e30d3e15
9a61d44a-0db4-496c-a5e0-81765ebd8c49,69b0e5b9-3be2-4ec3-a9a6-bb5b523d4b32,fcd7f192-b04e-4765-90cf-5cc4f6125619
9a61d44a-0db4-496c-a5e0-81765ebd8c49,69b0e5b9-3be2-4ec3-a9a6-bb5b523d4b32,21b2b267-3956-491f-8276-a705b80b3831
9a61d44a-0db4-496c-a5e0-81765ebd8c49,69b0e5b9-3be2-4ec3-a9a6-bb5b523d4b32,a980b931-9769-4975-847a-5d81405b213b
9a61d44a-0db4-496c-a5e0-81765ebd8c49,8130458f-ae96-4ab3-89b9-21f06a2aac78,a980b931-9769-4975-847a-5d81405b213b
9a6cfc6f-45ab-4247-a794-efe73e71f049,69b0e5b9-3be2-4ec3-a9a6-bb5b523d4b32,f7826127-6dd1-58fc-82ab-d5d8a26872d5
9a6cfc6f-45ab-4247-a794-efe73e71f049,69b0e5b9-3be2-4ec3-a9a6-bb5b523d4b32,aabdbe41-e253-56b4-90b6-5e1b6278bb97
9a6cfc6f-45ab-4247-a794-efe73e71f049,69b0e5b9-3be2-4ec3-a9a6-bb5b523d4b32,77b2078c-62e2-11ef-8000-bb3209de79c0
9a6cfc6f-45ab-4247-a794-efe73e71f049,69b0e5b9-3be2-4ec3-a9a6-bb5b523d4b32,da334c89-29ad-56a6-852b-1ab5940f21f6
9a6cfc6f-45ab-4247-a794-efe73e71f049,69b0e5b9-3be2-4ec3-a9a6-bb5b523d4b32,d55ff4a9-078a-51a8-a178-4fe4238e9e7e
9a6cfc6f-45ab-4247-a794-efe73e71f049,69b0e5b9-3be2-4ec3-a9a6-bb5b523d4b32,f2fa28ac-1aef-4b86-9a27-8ba4ad802e60
9a6cfc6f-45ab-4247-a794-efe73e71f049,69b0e5b9-3be2-4ec3-a9a6-bb5b523d4b32,fcd7f192-b04e-4765-90cf-5cc4f6125619
9a6cfc6f-45ab-4247-a794-efe73e71f049,69b0e5b9-3be2-4ec3-a9a6-bb5b523d4b32,69237cad-6966-4825-ba09-f1402bc93e91
9a6cfc6f-45ab-4247-a794-efe73e71f049,7d11b956-0014-43be-9a3e-f89e2b31ec4f,69237cad-6966-4825-ba09-f1402bc93e91
9aa96187-b66b-4730-a110-d06287e3680a,69b0e5b9-3be2-4ec3-a9a6-bb5b523d4b32,23f041c3-638d-574b-a4e5-a6b077194c2f
9aa96187-b66b-4730-a110-d06287e3680a,69b0e5b9-3be2-4ec3-a9a6-bb5b523d4b32,77b9701d-62e2-11ef-8000-bb3209de79c0
9aa96187-b66b-4730-a110-d06287e3680a,69b0e5b9-3be2-4ec3-a9a6-bb5b523d4b32,da334c89-29ad-56a6-852b-1ab5940f21f6
9aa96187-b66b-4730-a110-d06287e3680a,69b0e5b9-3be2-4ec3-a9a6-bb5b523d4b32,10666d29-124c-5e4b-9606-47ab79210fdd
9aa96187-b66b-4730-a110-d06287e3680a,69b0e5b9-3be2-4ec3-a9a6-bb5b523d4b32,332f8db6-c031-4bc0-ae9b-5ba2d6f65af1
9aa96187-b66b-4730-a110-d06287e3680a,69b0e5b9-3be2-4ec3-a9a6-bb5b523d4b32,bbdadac6-65c2-4a03-9f74-9784b916378e
9aa96187-b66b-4730-a110-d06287e3680a,7d11b956-0014-43be-9a3e-f89e2b31ec4f,bbdadac6-65c2-4a03-9f74-9784b916378e
9b3b6de0-5e01-40d0-8ba6-2aed873a05ca,69b0e5b9-3be2-4ec3-a9a6-bb5b523d4b32,c37bb10c-96d3-5039-9612-6cd415ce6a23
9b3b6de0-5e01-40d0-8ba6-2aed873a05ca,69b0e5b9-3be2-4ec3-a9a6-bb5b523d4b32,eaba586d-6cf0-11ef-8000-bb3209de79c0
9b3b6de0-5e01-40d0-8ba6-2aed873a05ca,69b0e5b9-3be2-4ec3-a9a6-bb5b523d4b32,da334c89-29ad-56a6-852b-1ab5940f21f6
9b3b6de0-5e01-40d0-8ba6-2aed873a05ca,69b0e5b9-3be2-4ec3-a9a6-bb5b523d4b32,b0d02882-9aa3-541d-8dc0-838b7378362d
9b3b6de0-5e01-40d0-8ba6-2aed873a05ca,69b0e5b9-3be2-4ec3-a9a6-bb5b523d4b32,7beaf4a9-bbe3-4fd9-bfac-746d25703270
9b3b6de0-5e01-40d0-8ba6-2aed873a05ca,69b0e5b9-3be2-4ec3-a9a6-bb5b523d4b32,48bc2f4e-fe5a-41d3-bc7c-5c4bc7c0cd91
9b3b6de0-5e01-40d0-8ba6-2aed873a05ca,69b0e5b9-3be2-4ec3-a9a6-bb5b523d4b32,7a1b2a2c-84b5-445e-a06c-fe8b06bc1fbf
9b3b6de0-5e01-40d0-8ba6-2aed873a05ca,69b0e5b9-3be2-4ec3-a9a6-bb5b523d4b32,750120c8-1d4b-4fed-8908-ce14e30d3e15
9b3b6de0-5e01-40d0-8ba6-2aed873a05ca,69b0e5b9-3be2-4ec3-a9a6-bb5b523d4b32,fcd7f192-b04e-4765-90cf-5cc4f6125619
9b3b6de0-5e01-40d0-8ba6-2aed873a05ca,69b0e5b9-3be2-4ec3-a9a6-bb5b523d4b32,21b2b267-3956-491f-8276-a705b80b3831
9b3b6de0-5e01-40d0-8ba6-2aed873a05ca,69b0e5b9-3be2-4ec3-a9a6-bb5b523d4b32,a980b931-9769-4975-847a-5d81405b213b
9b3b6de0-5e01-40d0-8ba6-2aed873a05ca,8130458f-ae96-4ab3-89b9-21f06a2aac78,a980b931-9769-4975-847a-5d81405b213b
9cbe52a2-b45e-45f8-9fec-12248e471752,69b0e5b9-3be2-4ec3-a9a6-bb5b523d4b32,5efa2f5e-5f8b-5e1c-93c6-77327c916e5f
9cbe52a2-b45e-45f8-9fec-12248e471752,69b0e5b9-3be2-4ec3-a9a6-bb5b523d4b32,eb876f21-6cf0-11ef-8000-bb3209de79c0
9cbe52a2-b45e-45f8-9fec-12248e471752,69b0e5b9-3be2-4ec3-a9a6-bb5b523d4b32,da334c89-29ad-56a6-852b-1ab5940f21f6
9cbe52a2-b45e-45f8-9fec-12248e471752,69b0e5b9-3be2-4ec3-a9a6-bb5b523d4b32,97d5ad44-82de-5a75-b71c-cfa9117606a8
9cbe52a2-b45e-45f8-9fec-12248e471752,69b0e5b9-3be2-4ec3-a9a6-bb5b523d4b32,e28a9f4e-cfc7-4eb4-8058-9d5314414e5e
9cbe52a2-b45e-45f8-9fec-12248e471752,69b0e5b9-3be2-4ec3-a9a6-bb5b523d4b32,5f72e550-6f46-4bd1-a25c-a9b18a8cbb42
9cbe52a2-b45e-45f8-9fec-12248e471752,69b0e5b9-3be2-4ec3-a9a6-bb5b523d4b32,3e1ea4e4-bd2e-4624-bcf5-35d345b2c64b
9cbe52a2-b45e-45f8-9fec-12248e471752,69b0e5b9-3be2-4ec3-a9a6-bb5b523d4b32,21b2b267-3956-491f-8276-a705b80b3831
9cbe52a2-b45e-45f8-9fec-12248e471752,69b0e5b9-3be2-4ec3-a9a6-bb5b523d4b32,c400477f-b69a-4f64-8ab1-7260300f1cb3
9cbe52a2-b45e-45f8-9fec-12248e471752,69b0e5b9-3be2-4ec3-a9a6-bb5b523d4b32,b4b7f338-7eed-46ce-81bf-35b6d53bdf81
9cbe52a2-b45e-45f8-9fec-12248e471752,69b0e5b9-3be2-4ec3-a9a6-bb5b523d4b32,fcae9992-8838-447e-a530-5f63aab304b2
9cbe52a2-b45e-45f8-9fec-12248e471752,8130458f-ae96-4ab3-89b9-21f06a2aac78,fcae9992-8838-447e-a530-5f63aab304b2
9f90b480-fec7-44ce-b0ed-a71c14235f0a,69b0e5b9-3be2-4ec3-a9a6-bb5b523d4b32,c37bb10c-96d3-5039-9612-6cd415ce6a23
9f90b480-fec7-44ce-b0ed-a71c14235f0a,69b0e5b9-3be2-4ec3-a9a6-bb5b523d4b32,eb20c069-6cf0-11ef-8000-bb3209de79c0
9f90b480-fec7-44ce-b0ed-a71c14235f0a,69b0e5b9-3be2-4ec3-a9a6-bb5b523d4b32,da334c89-29ad-56a6-852b-1ab5940f21f6
9f90b480-fec7-44ce-b0ed-a71c14235f0a,69b0e5b9-3be2-4ec3-a9a6-bb5b523d4b32,b62f72ce-d958-5f90-8ab8-dd06ff30dfee
9f90b480-fec7-44ce-b0ed-a71c14235f0a,69b0e5b9-3be2-4ec3-a9a6-bb5b523d4b32,df97bfed-4494-4041-ae94-bfc86d6c9118
9f90b480-fec7-44ce-b0ed-a71c14235f0a,69b0e5b9-3be2-4ec3-a9a6-bb5b523d4b32,8bf1ea32-e1e8-4196-b346-88614525df2c
9f90b480-fec7-44ce-b0ed-a71c14235f0a,69b0e5b9-3be2-4ec3-a9a6-bb5b523d4b32,7a1b2a2c-84b5-445e-a06c-fe8b06bc1fbf
9f90b480-fec7-44ce-b0ed-a71c14235f0a,69b0e5b9-3be2-4ec3-a9a6-bb5b523d4b32,750120c8-1d4b-4fed-8908-ce14e30d3e15
9f90b480-fec7-44ce-b0ed-a71c14235f0a,69b0e5b9-3be2-4ec3-a9a6-bb5b523d4b32,fcd7f192-b04e-4765-90cf-5cc4f6125619
9f90b480-fec7-44ce-b0ed-a71c14235f0a,69b0e5b9-3be2-4ec3-a9a6-bb5b523d4b32,21b2b267-3956-491f-8276-a705b80b3831
9f90b480-fec7-44ce-b0ed-a71c14235f0a,69b0e5b9-3be2-4ec3-a9a6-bb5b523d4b32,a980b931-9769-4975-847a-5d81405b213b
9f90b480-fec7-44ce-b0ed-a71c14235f0a,8130458f-ae96-4ab3-89b9-21f06a2aac78,a980b931-9769-4975-847a-5d81405b213b
9fa094db-895d-4d71-9c3a-c6abe3cd681a,69b0e5b9-3be2-4ec3-a9a6-bb5b523d4b32,c37bb10c-96d3-5039-9612-6cd415ce6a23
9fa094db-895d-4d71-9c3a-c6abe3cd681a,69b0e5b9-3be2-4ec3-a9a6-bb5b523d4b32,eab8885c-6cf0-11ef-8000-bb3209de79c0
9fa094db-895d-4d71-9c3a-c6abe3cd681a,69b0e5b9-3be2-4ec3-a9a6-bb5b523d4b32,da334c89-29ad-56a6-852b-1ab5940f21f6
9fa094db-895d-4d71-9c3a-c6abe3cd681a,69b0e5b9-3be2-4ec3-a9a6-bb5b523d4b32,20cb34f5-8c4e-5e37-be9e-81a189218292
9fa094db-895d-4d71-9c3a-c6abe3cd681a,69b0e5b9-3be2-4ec3-a9a6-bb5b523d4b32,7beaf4a9-bbe3-4fd9-bfac-746d25703270
9fa094db-895d-4d71-9c3a-c6abe3cd681a,69b0e5b9-3be2-4ec3-a9a6-bb5b523d4b32,48bc2f4e-fe5a-41d3-bc7c-5c4bc7c0cd91
9fa094db-895d-4d71-9c3a-c6abe3cd681a,69b0e5b9-3be2-4ec3-a9a6-bb5b523d4b32,7a1b2a2c-84b5-445e-a06c-fe8b06bc1fbf
9fa094db-895d-4d71-9c3a-c6abe3cd681a,69b0e5b9-3be2-4ec3-a9a6-bb5b523d4b32,750120c8-1d4b-4fed-8908-ce14e30d3e15
9fa094db-895d-4d71-9c3a-c6abe3cd681a,69b0e5b9-3be2-4ec3-a9a6-bb5b523d4b32,fcd7f192-b04e-4765-90cf-5cc4f6125619
9fa094db-895d-4d71-9c3a-c6abe3cd681a,69b0e5b9-3be2-4ec3-a9a6-bb5b523d4b32,21b2b267-3956-491f-8276-a705b80b3831
9fa094db-895d-4d71-9c3a-c6abe3cd681a,69b0e5b9-3be2-4ec3-a9a6-bb5b523d4b32,a980b931-9769-4975-847a-5d81405b213b
9fa094db-895d-4d71-9c3a-c6abe3cd681a,8130458f-ae96-4ab3-89b9-21f06a2aac78,a980b931-9769-4975-847a-5d81405b213b
9fe01d6f-ebf4-4231-8775-7858c2eff844,69b0e5b9-3be2-4ec3-a9a6-bb5b523d4b32,c37bb10c-96d3-5039-9612-6cd415ce6a23
9fe01d6f-ebf4-4231-8775-7858c2eff844,69b0e5b9-3be2-4ec3-a9a6-bb5b523d4b32,eacf44be-6cf0-11ef-8000-bb3209de79c0
9fe01d6f-ebf4-4231-8775-7858c2eff844,69b0e5b9-3be2-4ec3-a9a6-bb5b523d4b32,da334c89-29ad-56a6-852b-1ab5940f21f6
9fe01d6f-ebf4-4231-8775-7858c2eff844,69b0e5b9-3be2-4ec3-a9a6-bb5b523d4b32,74a27b08-a727-54bb-b594-5449ae330bb0
9fe01d6f-ebf4-4231-8775-7858c2eff844,69b0e5b9-3be2-4ec3-a9a6-bb5b523d4b32,7beaf4a9-bbe3-4fd9-bfac-746d25703270
9fe01d6f-ebf4-4231-8775-7858c2eff844,69b0e5b9-3be2-4ec3-a9a6-bb5b523d4b32,48bc2f4e-fe5a-41d3-bc7c-5c4bc7c0cd91
9fe01d6f-ebf4-4231-8775-7858c2eff844,69b0e5b9-3be2-4ec3-a9a6-bb5b523d4b32,7a1b2a2c-84b5-445e-a06c-fe8b06bc1fbf
9fe01d6f-ebf4-4231-8775-7858c2eff844,69b0e5b9-3be2-4ec3-a9a6-bb5b523d4b32,750120c8-1d4b-4fed-8908-ce14e30d3e15
9fe01d6f-ebf4-4231-8775-7858c2eff844,69b0e5b9-3be2-4ec3-a9a6-bb5b523d4b32,fcd7f192-b04e-4765-90cf-5cc4f6125619
9fe01d6f-ebf4-4231-8775-7858c2eff844,69b0e5b9-3be2-4ec3-a9a6-bb5b523d4b32,21b2b267-3956-491f-8276-a705b80b3831
9fe01d6f-ebf4-4231-8775-7858c2eff844,69b0e5b9-3be2-4ec3-a9a6-bb5b523d4b32,a980b931-9769-4975-847a-5d81405b213b
9fe01d6f-ebf4-4231-8775-7858c2eff844,8130458f-ae96-4ab3-89b9-21f06a2aac78,a980b931-9769-4975-847a-5d81405b213b
9ffa0fc1-3365-4f63-801d-63ef72bda8e1,69b0e5b9-3be2-4ec3-a9a6-bb5b523d4b32,c37bb10c-96d3-5039-9612-6cd415ce6a23
9ffa0fc1-3365-4f63-801d-63ef72bda8e1,69b0e5b9-3be2-4ec3-a9a6-bb5b523d4b32,eb116a53-6cf0-11ef-8000-bb3209de79c0
9ffa0fc1-3365-4f63-801d-63ef72bda8e1,69b0e5b9-3be2-4ec3-a9a6-bb5b523d4b32,da334c89-29ad-56a6-852b-1ab5940f21f6
9ffa0fc1-3365-4f63-801d-63ef72bda8e1,69b0e5b9-3be2-4ec3-a9a6-bb5b523d4b32,97cbb283-112a-5480-8ca1-b22b04e3af9b
9ffa0fc1-3365-4f63-801d-63ef72bda8e1,69b0e5b9-3be2-4ec3-a9a6-bb5b523d4b32,df97bfed-4494-4041-ae94-bfc86d6c9118
9ffa0fc1-3365-4f63-801d-63ef72bda8e1,69b0e5b9-3be2-4ec3-a9a6-bb5b523d4b32,8bf1ea32-e1e8-4196-b346-88614525df2c
9ffa0fc1-3365-4f63-801d-63ef72bda8e1,69b0e5b9-3be2-4ec3-a9a6-bb5b523d4b32,7a1b2a2c-84b5-445e-a06c-fe8b06bc1fbf
9ffa0fc1-3365-4f63-801d-63ef72bda8e1,69b0e5b9-3be2-4ec3-a9a6-bb5b523d4b32,750120c8-1d4b-4fed-8908-ce14e30d3e15
9ffa0fc1-3365-4f63-801d-63ef72bda8e1,69b0e5b9-3be2-4ec3-a9a6-bb5b523d4b32,fcd7f192-b04e-4765-90cf-5cc4f6125619
9ffa0fc1-3365-4f63-801d-63ef72bda8e1,69b0e5b9-3be2-4ec3-a9a6-bb5b523d4b32,21b2b267-3956-491f-8276-a705b80b3831
9ffa0fc1-3365-4f63-801d-63ef72bda8e1,69b0e5b9-3be2-4ec3-a9a6-bb5b523d4b32,a980b931-9769-4975-847a-5d81405b213b
9ffa0fc1-3365-4f63-801d-63ef72bda8e1,8130458f-ae96-4ab3-89b9-21f06a2aac78,a980b931-9769-4975-847a-5d81405b213b
a002079d-3a04-4c1d-b7e5-13951040d533,69b0e5b9-3be2-4ec3-a9a6-bb5b523d4b32,10c35da1-9387-509d-82b6-a39bdf64c7cd
a002079d-3a04-4c1d-b7e5-13951040d533,69b0e5b9-3be2-4ec3-a9a6-bb5b523d4b32,63ecc943-ad36-598a-b75d-b781e97a7800
a002079d-3a04-4c1d-b7e5-13951040d533,69b0e5b9-3be2-4ec3-a9a6-bb5b523d4b32,77b380a4-62e2-11ef-8000-bb3209de79c0
a002079d-3a04-4c1d-b7e5-13951040d533,69b0e5b9-3be2-4ec3-a9a6-bb5b523d4b32,da334c89-29ad-56a6-852b-1ab5940f21f6
a002079d-3a04-4c1d-b7e5-13951040d533,69b0e5b9-3be2-4ec3-a9a6-bb5b523d4b32,621a9182-02e4-5e63-86c8-7ce8915915ed
a002079d-3a04-4c1d-b7e5-13951040d533,69b0e5b9-3be2-4ec3-a9a6-bb5b523d4b32,2b232865-fdfd-45fe-9556-5f1eb6a46979
a002079d-3a04-4c1d-b7e5-13951040d533,69b0e5b9-3be2-4ec3-a9a6-bb5b523d4b32,6f00889f-e68d-40c9-b970-ca2f3d6bfdb7
a002079d-3a04-4c1d-b7e5-13951040d533,69b0e5b9-3be2-4ec3-a9a6-bb5b523d4b32,6cab7470-e18e-4598-8850-4645f3109ef6
a002079d-3a04-4c1d-b7e5-13951040d533,69b0e5b9-3be2-4ec3-a9a6-bb5b523d4b32,57d77eb1-397a-4966-8f9f-51812b2287bc
a002079d-3a04-4c1d-b7e5-13951040d533,7d11b956-0014-43be-9a3e-f89e2b31ec4f,57d77eb1-397a-4966-8f9f-51812b2287bc
a080c348-e46b-4597-80f5-633e93daac4e,69b0e5b9-3be2-4ec3-a9a6-bb5b523d4b32,a445d29b-2ba7-5a46-8885-5a5d11680eba
a080c348-e46b-4597-80f5-633e93daac4e,69b0e5b9-3be2-4ec3-a9a6-bb5b523d4b32,ea87fc92-6cf0-11ef-8000-bb3209de79c0
a080c348-e46b-4597-80f5-633e93daac4e,69b0e5b9-3be2-4ec3-a9a6-bb5b523d4b32,da334c89-29ad-56a6-852b-1ab5940f21f6
a080c348-e46b-4597-80f5-633e93daac4e,69b0e5b9-3be2-4ec3-a9a6-bb5b523d4b32,3b692a00-bded-11ed-8000-bb3209de79c0
a080c348-e46b-4597-80f5-633e93daac4e,69b0e5b9-3be2-4ec3-a9a6-bb5b523d4b32,21b2b267-3956-491f-8276-a705b80b3831
a080c348-e46b-4597-80f5-633e93daac4e,69b0e5b9-3be2-4ec3-a9a6-bb5b523d4b32,31c79380-d8c8-4304-bd35-6448e6378c41
a080c348-e46b-4597-80f5-633e93daac4e,69b0e5b9-3be2-4ec3-a9a6-bb5b523d4b32,6bb0b0b6-41cd-4bb3-a0e8-d483b25f6cf1
a080c348-e46b-4597-80f5-633e93daac4e,8130458f-ae96-4ab3-89b9-21f06a2aac78,6bb0b0b6-41cd-4bb3-a0e8-d483b25f6cf1
a21b3955-8490-44ba-96e7-1f7524dd8d25,69b0e5b9-3be2-4ec3-a9a6-bb5b523d4b32,10c35da1-9387-509d-82b6-a39bdf64c7cd
a21b3955-8490-44ba-96e7-1f7524dd8d25,69b0e5b9-3be2-4ec3-a9a6-bb5b523d4b32,44c79aad-ec66-5883-aa64-47f79d7e6f10
a21b3955-8490-44ba-96e7-1f7524dd8d25,69b0e5b9-3be2-4ec3-a9a6-bb5b523d4b32,77b2c429-62e2-11ef-8000-bb3209de79c0
a21b3955-8490-44ba-96e7-1f7524dd8d25,69b0e5b9-3be2-4ec3-a9a6-bb5b523d4b32,da334c89-29ad-56a6-852b-1ab5940f21f6
a21b3955-8490-44ba-96e7-1f7524dd8d25,69b0e5b9-3be2-4ec3-a9a6-bb5b523d4b32,883348d4-7298-5050-9d5a-a939209a0bbd
a21b3955-8490-44ba-96e7-1f7524dd8d25,69b0e5b9-3be2-4ec3-a9a6-bb5b523d4b32,12d704ea-70be-491b-a11b-67a6ffce69b8
a21b3955-8490-44ba-96e7-1f7524dd8d25,69b0e5b9-3be2-4ec3-a9a6-bb5b523d4b32,9a6cfc6f-45ab-4247-a794-efe73e71f049
a21b3955-8490-44ba-96e7-1f7524dd8d25,69b0e5b9-3be2-4ec3-a9a6-bb5b523d4b32,db2e8f75-21ce-43ac-b936-fb7213faae86
a21b3955-8490-44ba-96e7-1f7524dd8d25,69b0e5b9-3be2-4ec3-a9a6-bb5b523d4b32,57d77eb1-397a-4966-8f9f-51812b2287bc
a21b3955-8490-44ba-96e7-1f7524dd8d25,7d11b956-0014-43be-9a3e-f89e2b31ec4f,57d77eb1-397a-4966-8f9f-51812b2287bc
a293846a-b3f8-4917-8f00-34dd48a14c0d,69b0e5b9-3be2-4ec3-a9a6-bb5b523d4b32,c37bb10c-96d3-5039-9612-6cd415ce6a23
a293846a-b3f8-4917-8f00-34dd48a14c0d,69b0e5b9-3be2-4ec3-a9a6-bb5b523d4b32,eaf3859d-6cf0-11ef-8000-bb3209de79c0
a293846a-b3f8-4917-8f00-34dd48a14c0d,69b0e5b9-3be2-4ec3-a9a6-bb5b523d4b32,da334c89-29ad-56a6-852b-1ab5940f21f6
a293846a-b3f8-4917-8f00-34dd48a14c0d,69b0e5b9-3be2-4ec3-a9a6-bb5b523d4b32,296f50e7-767e-57fc-8f54-14fabf3018d3
a293846a-b3f8-4917-8f00-34dd48a14c0d,69b0e5b9-3be2-4ec3-a9a6-bb5b523d4b32,df97bfed-4494-4041-ae94-bfc86d6c9118
a293846a-b3f8-4917-8f00-34dd48a14c0d,69b0e5b9-3be2-4ec3-a9a6-bb5b523d4b32,8bf1ea32-e1e8-4196-b346-88614525df2c
a293846a-b3f8-4917-8f00-34dd48a14c0d,69b0e5b9-3be2-4ec3-a9a6-bb5b523d4b32,7a1b2a2c-84b5-445e-a06c-fe8b06bc1fbf
a293846a-b3f8-4917-8f00-34dd48a14c0d,69b0e5b9-3be2-4ec3-a9a6-bb5b523d4b32,750120c8-1d4b-4fed-8908-ce14e30d3e15
a293846a-b3f8-4917-8f00-34dd48a14c0d,69b0e5b9-3be2-4ec3-a9a6-bb5b523d4b32,fcd7f192-b04e-4765-90cf-5cc4f6125619
a293846a-b3f8-4917-8f00-34dd48a14c0d,69b0e5b9-3be2-4ec3-a9a6-bb5b523d4b32,21b2b267-3956-491f-8276-a705b80b3831
a293846a-b3f8-4917-8f00-34dd48a14c0d,69b0e5b9-3be2-4ec3-a9a6-bb5b523d4b32,a980b931-9769-4975-847a-5d81405b213b
a293846a-b3f8-4917-8f00-34dd48a14c0d,8130458f-ae96-4ab3-89b9-21f06a2aac78,a980b931-9769-4975-847a-5d81405b213b
a440bfab-0b24-4fb5-8ef2-838262d71b7f,69b0e5b9-3be2-4ec3-a9a6-bb5b523d4b32,c37bb10c-96d3-5039-9612-6cd415ce6a23
a440bfab-0b24-4fb5-8ef2-838262d71b7f,69b0e5b9-3be2-4ec3-a9a6-bb5b523d4b32,eb1fc7a2-6cf0-11ef-8000-bb3209de79c0
a440bfab-0b24-4fb5-8ef2-838262d71b7f,69b0e5b9-3be2-4ec3-a9a6-bb5b523d4b32,da334c89-29ad-56a6-852b-1ab5940f21f6
a440bfab-0b24-4fb5-8ef2-838262d71b7f,69b0e5b9-3be2-4ec3-a9a6-bb5b523d4b32,352cb89c-a986-5572-9bb8-de8f76f6f1ff
a440bfab-0b24-4fb5-8ef2-838262d71b7f,69b0e5b9-3be2-4ec3-a9a6-bb5b523d4b32,df97bfed-4494-4041-ae94-bfc86d6c9118
a440bfab-0b24-4fb5-8ef2-838262d71b7f,69b0e5b9-3be2-4ec3-a9a6-bb5b523d4b32,8bf1ea32-e1e8-4196-b346-88614525df2c
a440bfab-0b24-4fb5-8ef2-838262d71b7f,69b0e5b9-3be2-4ec3-a9a6-bb5b523d4b32,7a1b2a2c-84b5-445e-a06c-fe8b06bc1fbf
a440bfab-0b24-4fb5-8ef2-838262d71b7f,69b0e5b9-3be2-4ec3-a9a6-bb5b523d4b32,750120c8-1d4b-4fed-8908-ce14e30d3e15
a440bfab-0b24-4fb5-8ef2-838262d71b7f,69b0e5b9-3be2-4ec3-a9a6-bb5b523d4b32,fcd7f192-b04e-4765-90cf-5cc4f6125619
a440bfab-0b24-4fb5-8ef2-838262d71b7f,69b0e5b9-3be2-4ec3-a9a6-bb5b523d4b32,21b2b267-3956-491f-8276-a705b80b3831
a440bfab-0b24-4fb5-8ef2-838262d71b7f,69b0e5b9-3be2-4ec3-a9a6-bb5b523d4b32,a980b931-9769-4975-847a-5d81405b213b
a440bfab-0b24-4fb5-8ef2-838262d71b7f,8130458f-ae96-4ab3-89b9-21f06a2aac78,a980b931-9769-4975-847a-5d81405b213b
a46c340b-640a-443c-9b46-fd57a2690c9e,69b0e5b9-3be2-4ec3-a9a6-bb5b523d4b32,d08754c0-1e6a-5794-8d3c-7cbf82cfb1a0
a46c340b-640a-443c-9b46-fd57a2690c9e,69b0e5b9-3be2-4ec3-a9a6-bb5b523d4b32,eb26afb7-6cf0-11ef-8000-bb3209de79c0
a46c340b-640a-443c-9b46-fd57a2690c9e,69b0e5b9-3be2-4ec3-a9a6-bb5b523d4b32,da334c89-29ad-56a6-852b-1ab5940f21f6
a46c340b-640a-443c-9b46-fd57a2690c9e,69b0e5b9-3be2-4ec3-a9a6-bb5b523d4b32,c4da44f5-62e8-5066-a7e6-c85b22e36622
a46c340b-640a-443c-9b46-fd57a2690c9e,69b0e5b9-3be2-4ec3-a9a6-bb5b523d4b32,4ec897fb-cc41-450f-8521-0a43e6db40a6
a46c340b-640a-443c-9b46-fd57a2690c9e,69b0e5b9-3be2-4ec3-a9a6-bb5b523d4b32,01e734f7-3c78-409e-9049-a1a706f66685
a46c340b-640a-443c-9b46-fd57a2690c9e,69b0e5b9-3be2-4ec3-a9a6-bb5b523d4b32,21b2b267-3956-491f-8276-a705b80b3831
a46c340b-640a-443c-9b46-fd57a2690c9e,69b0e5b9-3be2-4ec3-a9a6-bb5b523d4b32,a21b3955-8490-44ba-96e7-1f7524dd8d25
a46c340b-640a-443c-9b46-fd57a2690c9e,69b0e5b9-3be2-4ec3-a9a6-bb5b523d4b32,04c63471-7073-4e6d-8adf-2bfb9c890ba8
a46c340b-640a-443c-9b46-fd57a2690c9e,69b0e5b9-3be2-4ec3-a9a6-bb5b523d4b32,48bc2f4e-fe5a-41d3-bc7c-5c4bc7c0cd91
a46c340b-640a-443c-9b46-fd57a2690c9e,69b0e5b9-3be2-4ec3-a9a6-bb5b523d4b32,20a6c495-a478-4b18-83b1-ab97ef909665
a46c340b-640a-443c-9b46-fd57a2690c9e,8130458f-ae96-4ab3-89b9-21f06a2aac78,20a6c495-a478-4b18-83b1-ab97ef909665
a51d6887-725c-4cbc-9c94-593de8bac94d,69b0e5b9-3be2-4ec3-a9a6-bb5b523d4b32,23f041c3-638d-574b-a4e5-a6b077194c2f
a51d6887-725c-4cbc-9c94-593de8bac94d,69b0e5b9-3be2-4ec3-a9a6-bb5b523d4b32,a07609a3-f75d-532e-be66-5b5a0951b573
a51d6887-725c-4cbc-9c94-593de8bac94d,69b0e5b9-3be2-4ec3-a9a6-bb5b523d4b32,77b44fb6-62e2-11ef-8000-bb3209de79c0
a51d6887-725c-4cbc-9c94-593de8bac94d,69b0e5b9-3be2-4ec3-a9a6-bb5b523d4b32,da334c89-29ad-56a6-852b-1ab5940f21f6
a51d6887-725c-4cbc-9c94-593de8bac94d,69b0e5b9-3be2-4ec3-a9a6-bb5b523d4b32,ce94ae5f-dcfc-59ee-b3ca-082d62c2d603
a51d6887-725c-4cbc-9c94-593de8bac94d,69b0e5b9-3be2-4ec3-a9a6-bb5b523d4b32,40f5398d-83e3-40c0-be69-0ec34feff51a
a51d6887-725c-4cbc-9c94-593de8bac94d,69b0e5b9-3be2-4ec3-a9a6-bb5b523d4b32,bbdadac6-65c2-4a03-9f74-9784b916378e
a51d6887-725c-4cbc-9c94-593de8bac94d,7d11b956-0014-43be-9a3e-f89e2b31ec4f,bbdadac6-65c2-4a03-9f74-9784b916378e
a586b88f-4e88-477d-bb93-6b92e4141076,69b0e5b9-3be2-4ec3-a9a6-bb5b523d4b32,c37bb10c-96d3-5039-9612-6cd415ce6a23
a586b88f-4e88-477d-bb93-6b92e4141076,69b0e5b9-3be2-4ec3-a9a6-bb5b523d4b32,eb1e5585-6cf0-11ef-8000-bb3209de79c0
a586b88f-4e88-477d-bb93-6b92e4141076,69b0e5b9-3be2-4ec3-a9a6-bb5b523d4b32,da334c89-29ad-56a6-852b-1ab5940f21f6
a586b88f-4e88-477d-bb93-6b92e4141076,69b0e5b9-3be2-4ec3-a9a6-bb5b523d4b32,b6315f8d-3488-5a8d-b8e8-06a91717b9d0
a586b88f-4e88-477d-bb93-6b92e4141076,69b0e5b9-3be2-4ec3-a9a6-bb5b523d4b32,df97bfed-4494-4041-ae94-bfc86d6c9118
a586b88f-4e88-477d-bb93-6b92e4141076,69b0e5b9-3be2-4ec3-a9a6-bb5b523d4b32,8bf1ea32-e1e8-4196-b346-88614525df2c
a586b88f-4e88-477d-bb93-6b92e4141076,69b0e5b9-3be2-4ec3-a9a6-bb5b523d4b32,7a1b2a2c-84b5-445e-a06c-fe8b06bc1fbf
a586b88f-4e88-477d-bb93-6b92e4141076,69b0e5b9-3be2-4ec3-a9a6-bb5b523d4b32,750120c8-1d4b-4fed-8908-ce14e30d3e15
a586b88f-4e88-477d-bb93-6b92e4141076,69b0e5b9-3be2-4ec3-a9a6-bb5b523d4b32,fcd7f192-b04e-4765-90cf-5cc4f6125619
a586b88f-4e88-477d-bb93-6b92e4141076,69b0e5b9-3be2-4ec3-a9a6-bb5b523d4b32,21b2b267-3956-491f-8276-a705b80b3831
a586b88f-4e88-477d-bb93-6b92e4141076,69b0e5b9-3be2-4ec3-a9a6-bb5b523d4b32,a980b931-9769-4975-847a-5d81405b213b
a586b88f-4e88-477d-bb93-6b92e4141076,8130458f-ae96-4ab3-89b9-21f06a2aac78,a980b931-9769-4975-847a-5d81405b213b
a66d1d4a-6939-461e-9493-d2e6407c50e2,69b0e5b9-3be2-4ec3-a9a6-bb5b523d4b32,a38a618d-86f2-52ee-abf2-03feefe10c7d
a66d1d4a-6939-461e-9493-d2e6407c50e2,69b0e5b9-3be2-4ec3-a9a6-bb5b523d4b32,eb55e916-6cf0-11ef-8000-bb3209de79c0
a66d1d4a-6939-461e-9493-d2e6407c50e2,69b0e5b9-3be2-4ec3-a9a6-bb5b523d4b32,da334c89-29ad-56a6-852b-1ab5940f21f6
a66d1d4a-6939-461e-9493-d2e6407c50e2,69b0e5b9-3be2-4ec3-a9a6-bb5b523d4b32,15f5c02c-5d83-523d-b968-1264204704b1
a66d1d4a-6939-461e-9493-d2e6407c50e2,69b0e5b9-3be2-4ec3-a9a6-bb5b523d4b32,c7746867-f51f-4dda-a45a-cf5cfdd5229a
a66d1d4a-6939-461e-9493-d2e6407c50e2,69b0e5b9-3be2-4ec3-a9a6-bb5b523d4b32,af1b6f3b-afe2-41be-bd26-e4666d73ea6f
a66d1d4a-6939-461e-9493-d2e6407c50e2,69b0e5b9-3be2-4ec3-a9a6-bb5b523d4b32,59c211c5-337c-4a25-8a31-919f7dd37314
a66d1d4a-6939-461e-9493-d2e6407c50e2,69b0e5b9-3be2-4ec3-a9a6-bb5b523d4b32,21b2b267-3956-491f-8276-a705b80b3831
a66d1d4a-6939-461e-9493-d2e6407c50e2,69b0e5b9-3be2-4ec3-a9a6-bb5b523d4b32,338d45df-ba19-4abf-812e-2930d41e7bf7
a66d1d4a-6939-461e-9493-d2e6407c50e2,69b0e5b9-3be2-4ec3-a9a6-bb5b523d4b32,83ddb527-717c-47b3-8bb2-ee38a6534517
a66d1d4a-6939-461e-9493-d2e6407c50e2,69b0e5b9-3be2-4ec3-a9a6-bb5b523d4b32,b6663c0f-73ac-42a4-a027-333047618cb9
a66d1d4a-6939-461e-9493-d2e6407c50e2,69b0e5b9-3be2-4ec3-a9a6-bb5b523d4b32,f9d69eb8-9ab7-44da-b9d0-8256de2b4497
a66d1d4a-6939-461e-9493-d2e6407c50e2,8130458f-ae96-4ab3-89b9-21f06a2aac78,f9d69eb8-9ab7-44da-b9d0-8256de2b4497
a7fbc436-d312-4a69-98c8-afa67470b110,69b0e5b9-3be2-4ec3-a9a6-bb5b523d4b32,c99d8861-1c48-5bde-96c3-c95dcb2419aa
a7fbc436-d312-4a69-98c8-afa67470b110,69b0e5b9-3be2-4ec3-a9a6-bb5b523d4b32,eb826a7a-6cf0-11ef-8000-bb3209de79c0
a7fbc436-d312-4a69-98c8-afa67470b110,69b0e5b9-3be2-4ec3-a9a6-bb5b523d4b32,da334c89-29ad-56a6-852b-1ab5940f21f6
a7fbc436-d312-4a69-98c8-afa67470b110,69b0e5b9-3be2-4ec3-a9a6-bb5b523d4b32,65c556ef-9b5f-5be4-a901-02c531386efb
a7fbc436-d312-4a69-98c8-afa67470b110,69b0e5b9-3be2-4ec3-a9a6-bb5b523d4b32,4ec897fb-cc41-450f-8521-0a43e6db40a6
a7fbc436-d312-4a69-98c8-afa67470b110,69b0e5b9-3be2-4ec3-a9a6-bb5b523d4b32,01e734f7-3c78-409e-9049-a1a706f66685
a7fbc436-d312-4a69-98c8-afa67470b110,69b0e5b9-3be2-4ec3-a9a6-bb5b523d4b32,c39b6637-1ae4-44ef-9838-13cb31a323ec
a7fbc436-d312-4a69-98c8-afa67470b110,69b0e5b9-3be2-4ec3-a9a6-bb5b523d4b32,21b2b267-3956-491f-8276-a705b80b3831
a7fbc436-d312-4a69-98c8-afa67470b110,69b0e5b9-3be2-4ec3-a9a6-bb5b523d4b32,caf90d3d-2926-46ac-a61e-fd4e63cc9111
a7fbc436-d312-4a69-98c8-afa67470b110,69b0e5b9-3be2-4ec3-a9a6-bb5b523d4b32,4da36995-83eb-4d30-a853-3e6851df60b8
a7fbc436-d312-4a69-98c8-afa67470b110,69b0e5b9-3be2-4ec3-a9a6-bb5b523d4b32,6ccea3fd-df1b-4ce8-85c3-1387deedbbb4
a7fbc436-d312-4a69-98c8-afa67470b110,69b0e5b9-3be2-4ec3-a9a6-bb5b523d4b32,27d798d8-563f-4f75-8dfa-0406184ab541
a7fbc436-d312-4a69-98c8-afa67470b110,69b0e5b9-3be2-4ec3-a9a6-bb5b523d4b32,b2471599-92bc-494d-8108-6be9895128a7
a7fbc436-d312-4a69-98c8-afa67470b110,8130458f-ae96-4ab3-89b9-21f06a2aac78,b2471599-92bc-494d-8108-6be9895128a7
ab9c00da-74cb-4e63-a37c-ca0bea64fba0,69b0e5b9-3be2-4ec3-a9a6-bb5b523d4b32,c37bb10c-96d3-5039-9612-6cd415ce6a23
ab9c00da-74cb-4e63-a37c-ca0bea64fba0,69b0e5b9-3be2-4ec3-a9a6-bb5b523d4b32,eaf58269-6cf0-11ef-8000-bb3209de79c0
ab9c00da-74cb-4e63-a37c-ca0bea64fba0,69b0e5b9-3be2-4ec3-a9a6-bb5b523d4b32,da334c89-29ad-56a6-852b-1ab5940f21f6
ab9c00da-74cb-4e63-a37c-ca0bea64fba0,69b0e5b9-3be2-4ec3-a9a6-bb5b523d4b32,68bca1e8-1834-5409-8d1e-74cb8b88c8eb
ab9c00da-74cb-4e63-a37c-ca0bea64fba0,69b0e5b9-3be2-4ec3-a9a6-bb5b523d4b32,df97bfed-4494-4041-ae94-bfc86d6c9118
ab9c00da-74cb-4e63-a37c-ca0bea64fba0,69b0e5b9-3be2-4ec3-a9a6-bb5b523d4b32,8bf1ea32-e1e8-4196-b346-88614525df2c
ab9c00da-74cb-4e63-a37c-ca0bea64fba0,69b0e5b9-3be2-4ec3-a9a6-bb5b523d4b32,7a1b2a2c-84b5-445e-a06c-fe8b06bc1fbf
ab9c00da-74cb-4e63-a37c-ca0bea64fba0,69b0e5b9-3be2-4ec3-a9a6-bb5b523d4b32,750120c8-1d4b-4fed-8908-ce14e30d3e15
ab9c00da-74cb-4e63-a37c-ca0bea64fba0,69b0e5b9-3be2-4ec3-a9a6-bb5b523d4b32,fcd7f192-b04e-4765-90cf-5cc4f6125619
ab9c00da-74cb-4e63-a37c-ca0bea64fba0,69b0e5b9-3be2-4ec3-a9a6-bb5b523d4b32,21b2b267-3956-491f-8276-a705b80b3831
ab9c00da-74cb-4e63-a37c-ca0bea64fba0,69b0e5b9-3be2-4ec3-a9a6-bb5b523d4b32,a980b931-9769-4975-847a-5d81405b213b
ab9c00da-74cb-4e63-a37c-ca0bea64fba0,8130458f-ae96-4ab3-89b9-21f06a2aac78,a980b931-9769-4975-847a-5d81405b213b
abe0e2bd-0c04-4f86-88f7-977d71eb0bab,69b0e5b9-3be2-4ec3-a9a6-bb5b523d4b32,38b27976-0842-5f8f-a2e6-9718002b14ad
abe0e2bd-0c04-4f86-88f7-977d71eb0bab,69b0e5b9-3be2-4ec3-a9a6-bb5b523d4b32,eb65f6ec-6cf0-11ef-8000-bb3209de79c0
abe0e2bd-0c04-4f86-88f7-977d71eb0bab,69b0e5b9-3be2-4ec3-a9a6-bb5b523d4b32,da334c89-29ad-56a6-852b-1ab5940f21f6
abe0e2bd-0c04-4f86-88f7-977d71eb0bab,69b0e5b9-3be2-4ec3-a9a6-bb5b523d4b32,469996a5-df8b-5307-9ccd-0095a441225e
abe0e2bd-0c04-4f86-88f7-977d71eb0bab,69b0e5b9-3be2-4ec3-a9a6-bb5b523d4b32,e28da3af-502f-4fd9-b421-80a739b9c775
abe0e2bd-0c04-4f86-88f7-977d71eb0bab,69b0e5b9-3be2-4ec3-a9a6-bb5b523d4b32,42170b95-f059-45d6-9f48-2faf19890285
abe0e2bd-0c04-4f86-88f7-977d71eb0bab,69b0e5b9-3be2-4ec3-a9a6-bb5b523d4b32,21b2b267-3956-491f-8276-a705b80b3831
abe0e2bd-0c04-4f86-88f7-977d71eb0bab,69b0e5b9-3be2-4ec3-a9a6-bb5b523d4b32,338d45df-ba19-4abf-812e-2930d41e7bf7
abe0e2bd-0c04-4f86-88f7-977d71eb0bab,69b0e5b9-3be2-4ec3-a9a6-bb5b523d4b32,b6663c0f-73ac-42a4-a027-333047618cb9
abe0e2bd-0c04-4f86-88f7-977d71eb0bab,69b0e5b9-3be2-4ec3-a9a6-bb5b523d4b32,5c790afa-c116-4721-8e7c-83624d1dd4bc
abe0e2bd-0c04-4f86-88f7-977d71eb0bab,8130458f-ae96-4ab3-89b9-21f06a2aac78,5c790afa-c116-4721-8e7c-83624d1dd4bc
ad27f18d-99e2-4402-8803-4825e4a439c6,69b0e5b9-3be2-4ec3-a9a6-bb5b523d4b32,175d9b2a-238d-5b25-a542-d46af126d364
ad27f18d-99e2-4402-8803-4825e4a439c6,69b0e5b9-3be2-4ec3-a9a6-bb5b523d4b32,a8f85f8b-9025-5432-b321-971227938f79
ad27f18d-99e2-4402-8803-4825e4a439c6,69b0e5b9-3be2-4ec3-a9a6-bb5b523d4b32,77b4e546-62e2-11ef-8000-bb3209de79c0
ad27f18d-99e2-4402-8803-4825e4a439c6,69b0e5b9-3be2-4ec3-a9a6-bb5b523d4b32,da334c89-29ad-56a6-852b-1ab5940f21f6
ad27f18d-99e2-4402-8803-4825e4a439c6,69b0e5b9-3be2-4ec3-a9a6-bb5b523d4b32,d260309d-00c0-5045-8dc8-5d64fc351feb
ad27f18d-99e2-4402-8803-4825e4a439c6,69b0e5b9-3be2-4ec3-a9a6-bb5b523d4b32,6304459d-bf6f-4e0d-90ed-ecfcf7c458e0
ad27f18d-99e2-4402-8803-4825e4a439c6,69b0e5b9-3be2-4ec3-a9a6-bb5b523d4b32,cd887fc6-ed0f-418f-b209-8a20d04f2d16
ad27f18d-99e2-4402-8803-4825e4a439c6,7d11b956-0014-43be-9a3e-f89e2b31ec4f,cd887fc6-ed0f-418f-b209-8a20d04f2d16
af1b6f3b-afe2-41be-bd26-e4666d73ea6f,69b0e5b9-3be2-4ec3-a9a6-bb5b523d4b32,a445d29b-2ba7-5a46-8885-5a5d11680eba
af1b6f3b-afe2-41be-bd26-e4666d73ea6f,69b0e5b9-3be2-4ec3-a9a6-bb5b523d4b32,eb55caf1-6cf0-11ef-8000-bb3209de79c0
af1b6f3b-afe2-41be-bd26-e4666d73ea6f,69b0e5b9-3be2-4ec3-a9a6-bb5b523d4b32,da334c89-29ad-56a6-852b-1ab5940f21f6
af1b6f3b-afe2-41be-bd26-e4666d73ea6f,69b0e5b9-3be2-4ec3-a9a6-bb5b523d4b32,0a94e400-a885-11ed-8000-bb3209de79c0
af1b6f3b-afe2-41be-bd26-e4666d73ea6f,69b0e5b9-3be2-4ec3-a9a6-bb5b523d4b32,21b2b267-3956-491f-8276-a705b80b3831
af1b6f3b-afe2-41be-bd26-e4666d73ea6f,69b0e5b9-3be2-4ec3-a9a6-bb5b523d4b32,31c79380-d8c8-4304-bd35-6448e6378c41
af1b6f3b-afe2-41be-bd26-e4666d73ea6f,69b0e5b9-3be2-4ec3-a9a6-bb5b523d4b32,6bb0b0b6-41cd-4bb3-a0e8-d483b25f6cf1
af1b6f3b-afe2-41be-bd26-e4666d73ea6f,8130458f-ae96-4ab3-89b9-21f06a2aac78,6bb0b0b6-41cd-4bb3-a0e8-d483b25f6cf1
b11ad57f-e2a3-4d0a-b2ff-01c2e2e46f47,69b0e5b9-3be2-4ec3-a9a6-bb5b523d4b32,a445d29b-2ba7-5a46-8885-5a5d11680eba
b11ad57f-e2a3-4d0a-b2ff-01c2e2e46f47,69b0e5b9-3be2-4ec3-a9a6-bb5b523d4b32,eb451cbe-6cf0-11ef-8000-bb3209de79c0
b11ad57f-e2a3-4d0a-b2ff-01c2e2e46f47,69b0e5b9-3be2-4ec3-a9a6-bb5b523d4b32,da334c89-29ad-56a6-852b-1ab5940f21f6
b11ad57f-e2a3-4d0a-b2ff-01c2e2e46f47,69b0e5b9-3be2-4ec3-a9a6-bb5b523d4b32,6c464a00-ab2b-11e9-8000-bb3209de79c0
b11ad57f-e2a3-4d0a-b2ff-01c2e2e46f47,69b0e5b9-3be2-4ec3-a9a6-bb5b523d4b32,21b2b267-3956-491f-8276-a705b80b3831
b11ad57f-e2a3-4d0a-b2ff-01c2e2e46f47,69b0e5b9-3be2-4ec3-a9a6-bb5b523d4b32,31c79380-d8c8-4304-bd35-6448e6378c41
b11ad57f-e2a3-4d0a-b2ff-01c2e2e46f47,69b0e5b9-3be2-4ec3-a9a6-bb5b523d4b32,6bb0b0b6-41cd-4bb3-a0e8-d483b25f6cf1
b11ad57f-e2a3-4d0a-b2ff-01c2e2e46f47,8130458f-ae96-4ab3-89b9-21f06a2aac78,6bb0b0b6-41cd-4bb3-a0e8-d483b25f6cf1
b12133f8-0e65-4ff6-8c04-95d1bd333412,69b0e5b9-3be2-4ec3-a9a6-bb5b523d4b32,a445d29b-2ba7-5a46-8885-5a5d11680eba
b12133f8-0e65-4ff6-8c04-95d1bd333412,69b0e5b9-3be2-4ec3-a9a6-bb5b523d4b32,ea7cc3ea-6cf0-11ef-8000-bb3209de79c0
b12133f8-0e65-4ff6-8c04-95d1bd333412,69b0e5b9-3be2-4ec3-a9a6-bb5b523d4b32,da334c89-29ad-56a6-852b-1ab5940f21f6
b12133f8-0e65-4ff6-8c04-95d1bd333412,69b0e5b9-3be2-4ec3-a9a6-bb5b523d4b32,01044a00-0869-11ed-8000-bb3209de79c0
b12133f8-0e65-4ff6-8c04-95d1bd333412,69b0e5b9-3be2-4ec3-a9a6-bb5b523d4b32,21b2b267-3956-491f-8276-a705b80b3831
b12133f8-0e65-4ff6-8c04-95d1bd333412,69b0e5b9-3be2-4ec3-a9a6-bb5b523d4b32,31c79380-d8c8-4304-bd35-6448e6378c41
b12133f8-0e65-4ff6-8c04-95d1bd333412,69b0e5b9-3be2-4ec3-a9a6-bb5b523d4b32,6bb0b0b6-41cd-4bb3-a0e8-d483b25f6cf1
b12133f8-0e65-4ff6-8c04-95d1bd333412,8130458f-ae96-4ab3-89b9-21f06a2aac78,6bb0b0b6-41cd-4bb3-a0e8-d483b25f6cf1
b17a5dd7-0e51-41f3-9692-1a5c17326de5,69b0e5b9-3be2-4ec3-a9a6-bb5b523d4b32,c37bb10c-96d3-5039-9612-6cd415ce6a23
b17a5dd7-0e51-41f3-9692-1a5c17326de5,69b0e5b9-3be2-4ec3-a9a6-bb5b523d4b32,eac0fd7d-6cf0-11ef-8000-bb3209de79c0
b17a5dd7-0e51-41f3-9692-1a5c17326de5,69b0e5b9-3be2-4ec3-a9a6-bb5b523d4b32,da334c89-29ad-56a6-852b-1ab5940f21f6
b17a5dd7-0e51-41f3-9692-1a5c17326de5,69b0e5b9-3be2-4ec3-a9a6-bb5b523d4b32,d2fa009a-7ef3-59cb-b0ce-ca1d0c8743af
b17a5dd7-0e51-41f3-9692-1a5c17326de5,69b0e5b9-3be2-4ec3-a9a6-bb5b523d4b32,7beaf4a9-bbe3-4fd9-bfac-746d25703270
b17a5dd7-0e51-41f3-9692-1a5c17326de5,69b0e5b9-3be2-4ec3-a9a6-bb5b523d4b32,48bc2f4e-fe5a-41d3-bc7c-5c4bc7c0cd91
b17a5dd7-0e51-41f3-9692-1a5c17326de5,69b0e5b9-3be2-4ec3-a9a6-bb5b523d4b32,7a1b2a2c-84b5-445e-a06c-fe8b06bc1fbf
b17a5dd7-0e51-41f3-9692-1a5c17326de5,69b0e5b9-3be2-4ec3-a9a6-bb5b523d4b32,750120c8-1d4b-4fed-8908-ce14e30d3e15
b17a5dd7-0e51-41f3-9692-1a5c17326de5,69b0e5b9-3be2-4ec3-a9a6-bb5b523d4b32,fcd7f192-b04e-4765-90cf-5cc4f6125619
b17a5dd7-0e51-41f3-9692-1a5c17326de5,69b0e5b9-3be2-4ec3-a9a6-bb5b523d4b32,21b2b267-3956-491f-8276-a705b80b3831
b17a5dd7-0e51-41f3-9692-1a5c17326de5,69b0e5b9-3be2-4ec3-a9a6-bb5b523d4b32,a980b931-9769-4975-847a-5d81405b213b
b17a5dd7-0e51-41f3-9692-1a5c17326de5,8130458f-ae96-4ab3-89b9-21f06a2aac78,a980b931-9769-4975-847a-5d81405b213b
b3f4ccd5-6463-45e5-9fac-4552a0a7a567,69b0e5b9-3be2-4ec3-a9a6-bb5b523d4b32,c37bb10c-96d3-5039-9612-6cd415ce6a23
b3f4ccd5-6463-45e5-9fac-4552a0a7a567,69b0e5b9-3be2-4ec3-a9a6-bb5b523d4b32,eaafe183-6cf0-11ef-8000-bb3209de79c0
b3f4ccd5-6463-45e5-9fac-4552a0a7a567,69b0e5b9-3be2-4ec3-a9a6-bb5b523d4b32,da334c89-29ad-56a6-852b-1ab5940f21f6
b3f4ccd5-6463-45e5-9fac-4552a0a7a567,69b0e5b9-3be2-4ec3-a9a6-bb5b523d4b32,fb798f35-9036-59bb-a06d-36fb2781c1c1
b3f4ccd5-6463-45e5-9fac-4552a0a7a567,69b0e5b9-3be2-4ec3-a9a6-bb5b523d4b32,7beaf4a9-bbe3-4fd9-bfac-746d25703270
b3f4ccd5-6463-45e5-9fac-4552a0a7a567,69b0e5b9-3be2-4ec3-a9a6-bb5b523d4b32,48bc2f4e-fe5a-41d3-bc7c-5c4bc7c0cd91
b3f4ccd5-6463-45e5-9fac-4552a0a7a567,69b0e5b9-3be2-4ec3-a9a6-bb5b523d4b32,7a1b2a2c-84b5-445e-a06c-fe8b06bc1fbf
b3f4ccd5-6463-45e5-9fac-4552a0a7a567,69b0e5b9-3be2-4ec3-a9a6-bb5b523d4b32,750120c8-1d4b-4fed-8908-ce14e30d3e15
b3f4ccd5-6463-45e5-9fac-4552a0a7a567,69b0e5b9-3be2-4ec3-a9a6-bb5b523d4b32,fcd7f192-b04e-4765-90cf-5cc4f6125619
b3f4ccd5-6463-45e5-9fac-4552a0a7a567,69b0e5b9-3be2-4ec3-a9a6-bb5b523d4b32,21b2b267-3956-491f-8276-a705b80b3831
b3f4ccd5-6463-45e5-9fac-4552a0a7a567,69b0e5b9-3be2-4ec3-a9a6-bb5b523d4b32,a980b931-9769-4975-847a-5d81405b213b
b3f4ccd5-6463-45e5-9fac-4552a0a7a567,8130458f-ae96-4ab3-89b9-21f06a2aac78,a980b931-9769-4975-847a-5d81405b213b
b4b7f338-7eed-46ce-81bf-35b6d53bdf81,69b0e5b9-3be2-4ec3-a9a6-bb5b523d4b32,f94a8adf-d196-585f-b786-793a96c643a5
b4b7f338-7eed-46ce-81bf-35b6d53bdf81,69b0e5b9-3be2-4ec3-a9a6-bb5b523d4b32,ea69ea7f-6cf0-11ef-8000-bb3209de79c0
b4b7f338-7eed-46ce-81bf-35b6d53bdf81,69b0e5b9-3be2-4ec3-a9a6-bb5b523d4b32,da334c89-29ad-56a6-852b-1ab5940f21f6
b4b7f338-7eed-46ce-81bf-35b6d53bdf81,69b0e5b9-3be2-4ec3-a9a6-bb5b523d4b32,733fb66f-7a80-5290-92b7-fcecc21da04d
b4b7f338-7eed-46ce-81bf-35b6d53bdf81,69b0e5b9-3be2-4ec3-a9a6-bb5b523d4b32,0e93a422-4402-4a2b-aa06-6a0740bc5489
b4b7f338-7eed-46ce-81bf-35b6d53bdf81,69b0e5b9-3be2-4ec3-a9a6-bb5b523d4b32,21b2b267-3956-491f-8276-a705b80b3831
b4b7f338-7eed-46ce-81bf-35b6d53bdf81,69b0e5b9-3be2-4ec3-a9a6-bb5b523d4b32,c951c5a0-4228-4c90-af97-38be3a1cd2a4
b4b7f338-7eed-46ce-81bf-35b6d53bdf81,8130458f-ae96-4ab3-89b9-21f06a2aac78,c951c5a0-4228-4c90-af97-38be3a1cd2a4
b6663c0f-73ac-42a4-a027-333047618cb9,69b0e5b9-3be2-4ec3-a9a6-bb5b523d4b32,fa02ca91-ae28-5513-bdae-4bc44229b991
b6663c0f-73ac-42a4-a027-333047618cb9,69b0e5b9-3be2-4ec3-a9a6-bb5b523d4b32,ea7d87f5-6cf0-11ef-8000-bb3209de79c0
b6663c0f-73ac-42a4-a027-333047618cb9,69b0e5b9-3be2-4ec3-a9a6-bb5b523d4b32,da334c89-29ad-56a6-852b-1ab5940f21f6
b6663c0f-73ac-42a4-a027-333047618cb9,69b0e5b9-3be2-4ec3-a9a6-bb5b523d4b32,b989c09d-2479-516f-b068-a64d616a0139
b6663c0f-73ac-42a4-a027-333047618cb9,69b0e5b9-3be2-4ec3-a9a6-bb5b523d4b32,b12133f8-0e65-4ff6-8c04-95d1bd333412
b6663c0f-73ac-42a4-a027-333047618cb9,69b0e5b9-3be2-4ec3-a9a6-bb5b523d4b32,c3042810-448f-4e1f-8593-fac0d2f1d0c3
b6663c0f-73ac-42a4-a027-333047618cb9,69b0e5b9-3be2-4ec3-a9a6-bb5b523d4b32,8c1d6f78-392e-45a6-829d-056e4b796b0b
b6663c0f-73ac-42a4-a027-333047618cb9,69b0e5b9-3be2-4ec3-a9a6-bb5b523d4b32,0691e1fe-8efe-41fa-9a0c-dae409285e7d
b6663c0f-73ac-42a4-a027-333047618cb9,69b0e5b9-3be2-4ec3-a9a6-bb5b523d4b32,21b2b267-3956-491f-8276-a705b80b3831
b6663c0f-73ac-42a4-a027-333047618cb9,69b0e5b9-3be2-4ec3-a9a6-bb5b523d4b32,dabf85cb-c1e7-489b-aa66-0572dd1bd1dd
b6663c0f-73ac-42a4-a027-333047618cb9,8130458f-ae96-4ab3-89b9-21f06a2aac78,dabf85cb-c1e7-489b-aa66-0572dd1bd1dd
b6ad3dc8-233d-4a50-904d-8adf5fb856fb,69b0e5b9-3be2-4ec3-a9a6-bb5b523d4b32,c37bb10c-96d3-5039-9612-6cd415ce6a23
b6ad3dc8-233d-4a50-904d-8adf5fb856fb,69b0e5b9-3be2-4ec3-a9a6-bb5b523d4b32,eaf7ff81-6cf0-11ef-8000-bb3209de79c0
b6ad3dc8-233d-4a50-904d-8adf5fb856fb,69b0e5b9-3be2-4ec3-a9a6-bb5b523d4b32,da334c89-29ad-56a6-852b-1ab5940f21f6
b6ad3dc8-233d-4a50-904d-8adf5fb856fb,69b0e5b9-3be2-4ec3-a9a6-bb5b523d4b32,5934201c-d3ab-5115-9d93-6c434a47429b
b6ad3dc8-233d-4a50-904d-8adf5fb856fb,69b0e5b9-3be2-4ec3-a9a6-bb5b523d4b32,df97bfed-4494-4041-ae94-bfc86d6c9118
b6ad3dc8-233d-4a50-904d-8adf5fb856fb,69b0e5b9-3be2-4ec3-a9a6-bb5b523d4b32,8bf1ea32-e1e8-4196-b346-88614525df2c
b6ad3dc8-233d-4a50-904d-8adf5fb856fb,69b0e5b9-3be2-4ec3-a9a6-bb5b523d4b32,7a1b2a2c-84b5-445e-a06c-fe8b06bc1fbf
b6ad3dc8-233d-4a50-904d-8adf5fb856fb,69b0e5b9-3be2-4ec3-a9a6-bb5b523d4b32,750120c8-1d4b-4fed-8908-ce14e30d3e15
b6ad3dc8-233d-4a50-904d-8adf5fb856fb,69b0e5b9-3be2-4ec3-a9a6-bb5b523d4b32,fcd7f192-b04e-4765-90cf-5cc4f6125619
b6ad3dc8-233d-4a50-904d-8adf5fb856fb,69b0e5b9-3be2-4ec3-a9a6-bb5b523d4b32,21b2b267-3956-491f-8276-a705b80b3831
b6ad3dc8-233d-4a50-904d-8adf5fb856fb,69b0e5b9-3be2-4ec3-a9a6-bb5b523d4b32,a980b931-9769-4975-847a-5d81405b213b
b6ad3dc8-233d-4a50-904d-8adf5fb856fb,8130458f-ae96-4ab3-89b9-21f06a2aac78,a980b931-9769-4975-847a-5d81405b213b
b7ea5ac8-dac2-47c6-a4da-bfa526e96cb7,69b0e5b9-3be2-4ec3-a9a6-bb5b523d4b32,c37bb10c-96d3-5039-9612-6cd415ce6a23
b7ea5ac8-dac2-47c6-a4da-bfa526e96cb7,69b0e5b9-3be2-4ec3-a9a6-bb5b523d4b32,ead7187e-6cf0-11ef-8000-bb3209de79c0
b7ea5ac8-dac2-47c6-a4da-bfa526e96cb7,69b0e5b9-3be2-4ec3-a9a6-bb5b523d4b32,da334c89-29ad-56a6-852b-1ab5940f21f6
b7ea5ac8-dac2-47c6-a4da-bfa526e96cb7,69b0e5b9-3be2-4ec3-a9a6-bb5b523d4b32,2627629b-340f-5209-8b62-f9bcce28828c
b7ea5ac8-dac2-47c6-a4da-bfa526e96cb7,69b0e5b9-3be2-4ec3-a9a6-bb5b523d4b32,7beaf4a9-bbe3-4fd9-bfac-746d25703270
b7ea5ac8-dac2-47c6-a4da-bfa526e96cb7,69b0e5b9-3be2-4ec3-a9a6-bb5b523d4b32,48bc2f4e-fe5a-41d3-bc7c-5c4bc7c0cd91
b7ea5ac8-dac2-47c6-a4da-bfa526e96cb7,69b0e5b9-3be2-4ec3-a9a6-bb5b523d4b32,7a1b2a2c-84b5-445e-a06c-fe8b06bc1fbf
b7ea5ac8-dac2-47c6-a4da-bfa526e96cb7,69b0e5b9-3be2-4ec3-a9a6-bb5b523d4b32,750120c8-1d4b-4fed-8908-ce14e30d3e15
b7ea5ac8-dac2-47c6-a4da-bfa526e96cb7,69b0e5b9-3be2-4ec3-a9a6-bb5b523d4b32,fcd7f192-b04e-4765-90cf-5cc4f6125619
b7ea5ac8-dac2-47c6-a4da-bfa526e96cb7,69b0e5b9-3be2-4ec3-a9a6-bb5b523d4b32,21b2b267-3956-491f-8276-a705b80b3831
b7ea5ac8-dac2-47c6-a4da-bfa526e96cb7,69b0e5b9-3be2-4ec3-a9a6-bb5b523d4b32,a980b931-9769-4975-847a-5d81405b213b
b7ea5ac8-dac2-47c6-a4da-bfa526e96cb7,8130458f-ae96-4ab3-89b9-21f06a2aac78,a980b931-9769-4975-847a-5d81405b213b
b818e531-faa1-484a-9fd6-4a603e383e2a,69b0e5b9-3be2-4ec3-a9a6-bb5b523d4b32,23f041c3-638d-574b-a4e5-a6b077194c2f
b818e531-faa1-484a-9fd6-4a603e383e2a,69b0e5b9-3be2-4ec3-a9a6-bb5b523d4b32,c297d34e-943a-524d-8816-bd29f3bead49
b818e531-faa1-484a-9fd6-4a603e383e2a,69b0e5b9-3be2-4ec3-a9a6-bb5b523d4b32,77b3d4ea-62e2-11ef-8000-bb3209de79c0
b818e531-faa1-484a-9fd6-4a603e383e2a,69b0e5b9-3be2-4ec3-a9a6-bb5b523d4b32,da334c89-29ad-56a6-852b-1ab5940f21f6
b818e531-faa1-484a-9fd6-4a603e383e2a,69b0e5b9-3be2-4ec3-a9a6-bb5b523d4b32,2d6ddc50-cc0f-5579-aa7a-b7889bf4d83a
b818e531-faa1-484a-9fd6-4a603e383e2a,69b0e5b9-3be2-4ec3-a9a6-bb5b523d4b32,c6f51ca5-f12e-4519-8aaa-d52298bdd431
b818e531-faa1-484a-9fd6-4a603e383e2a,69b0e5b9-3be2-4ec3-a9a6-bb5b523d4b32,c6f51ca5-f12e-4519-8aaa-d52298bdd431
b818e531-faa1-484a-9fd6-4a603e383e2a,69b0e5b9-3be2-4ec3-a9a6-bb5b523d4b32,bbdadac6-65c2-4a03-9f74-9784b916378e
b818e531-faa1-484a-9fd6-4a603e383e2a,7d11b956-0014-43be-9a3e-f89e2b31ec4f,bbdadac6-65c2-4a03-9f74-9784b916378e
b8563f4e-1751-40f8-b6e5-6c6019f0568b,69b0e5b9-3be2-4ec3-a9a6-bb5b523d4b32,f7826127-6dd1-58fc-82ab-d5d8a26872d5
b8563f4e-1751-40f8-b6e5-6c6019f0568b,69b0e5b9-3be2-4ec3-a9a6-bb5b523d4b32,cbc4c9bc-a78e-5004-b393-0094947edf76
b8563f4e-1751-40f8-b6e5-6c6019f0568b,69b0e5b9-3be2-4ec3-a9a6-bb5b523d4b32,77b1f764-62e2-11ef-8000-bb3209de79c0
b8563f4e-1751-40f8-b6e5-6c6019f0568b,69b0e5b9-3be2-4ec3-a9a6-bb5b523d4b32,da334c89-29ad-56a6-852b-1ab5940f21f6
b8563f4e-1751-40f8-b6e5-6c6019f0568b,69b0e5b9-3be2-4ec3-a9a6-bb5b523d4b32,69e73a0f-582f-5c5f-8308-5e0b1dd0649e
b8563f4e-1751-40f8-b6e5-6c6019f0568b,69b0e5b9-3be2-4ec3-a9a6-bb5b523d4b32,0691e1fe-8efe-41fa-9a0c-dae409285e7d
b8563f4e-1751-40f8-b6e5-6c6019f0568b,69b0e5b9-3be2-4ec3-a9a6-bb5b523d4b32,69237cad-6966-4825-ba09-f1402bc93e91
b8563f4e-1751-40f8-b6e5-6c6019f0568b,7d11b956-0014-43be-9a3e-f89e2b31ec4f,69237cad-6966-4825-ba09-f1402bc93e91
b98bb96e-da77-4f5a-9f79-04cbb7ba4079,69b0e5b9-3be2-4ec3-a9a6-bb5b523d4b32,85150212-a4ca-5b7f-93e5-befb0f9b7a58
b98bb96e-da77-4f5a-9f79-04cbb7ba4079,69b0e5b9-3be2-4ec3-a9a6-bb5b523d4b32,eb4b6189-6cf0-11ef-8000-bb3209de79c0
b98bb96e-da77-4f5a-9f79-04cbb7ba4079,69b0e5b9-3be2-4ec3-a9a6-bb5b523d4b32,da334c89-29ad-56a6-852b-1ab5940f21f6
b98bb96e-da77-4f5a-9f79-04cbb7ba4079,69b0e5b9-3be2-4ec3-a9a6-bb5b523d4b32,8c4e2d0a-ae38-58e6-84a4-3563d3c484f4
b98bb96e-da77-4f5a-9f79-04cbb7ba4079,69b0e5b9-3be2-4ec3-a9a6-bb5b523d4b32,94980575-029e-4997-a325-dd0e9ca1f442
b98bb96e-da77-4f5a-9f79-04cbb7ba4079,69b0e5b9-3be2-4ec3-a9a6-bb5b523d4b32,396dbeb1-d478-4bb4-9b4c-295912158f48
b98bb96e-da77-4f5a-9f79-04cbb7ba4079,69b0e5b9-3be2-4ec3-a9a6-bb5b523d4b32,ad27f18d-99e2-4402-8803-4825e4a439c6
b98bb96e-da77-4f5a-9f79-04cbb7ba4079,69b0e5b9-3be2-4ec3-a9a6-bb5b523d4b32,21b2b267-3956-491f-8276-a705b80b3831
b98bb96e-da77-4f5a-9f79-04cbb7ba4079,69b0e5b9-3be2-4ec3-a9a6-bb5b523d4b32,ed3af5ca-0f74-4794-bda3-abd64300b1ca
b98bb96e-da77-4f5a-9f79-04cbb7ba4079,69b0e5b9-3be2-4ec3-a9a6-bb5b523d4b32,3603c6e0-605b-48a0-ad84-47c17d98bf6b
b98bb96e-da77-4f5a-9f79-04cbb7ba4079,8130458f-ae96-4ab3-89b9-21f06a2aac78,3603c6e0-605b-48a0-ad84-47c17d98bf6b
bdbd9e01-c18a-4a39-85cb-8c5d228f9d25,69b0e5b9-3be2-4ec3-a9a6-bb5b523d4b32,a38a618d-86f2-52ee-abf2-03feefe10c7d
bdbd9e01-c18a-4a39-85cb-8c5d228f9d25,69b0e5b9-3be2-4ec3-a9a6-bb5b523d4b32,eb91ef88-6cf0-11ef-8000-bb3209de79c0
bdbd9e01-c18a-4a39-85cb-8c5d228f9d25,69b0e5b9-3be2-4ec3-a9a6-bb5b523d4b32,da334c89-29ad-56a6-852b-1ab5940f21f6
bdbd9e01-c18a-4a39-85cb-8c5d228f9d25,69b0e5b9-3be2-4ec3-a9a6-bb5b523d4b32,fee4bdd6-5947-5726-90a7-0de4632884f9
bdbd9e01-c18a-4a39-85cb-8c5d228f9d25,69b0e5b9-3be2-4ec3-a9a6-bb5b523d4b32,e28a9f4e-cfc7-4eb4-8058-9d5314414e5e
bdbd9e01-c18a-4a39-85cb-8c5d228f9d25,69b0e5b9-3be2-4ec3-a9a6-bb5b523d4b32,5f72e550-6f46-4bd1-a25c-a9b18a8cbb42
bdbd9e01-c18a-4a39-85cb-8c5d228f9d25,69b0e5b9-3be2-4ec3-a9a6-bb5b523d4b32,7ff9e52f-bcb2-4070-bfce-e4fdd643cee4
bdbd9e01-c18a-4a39-85cb-8c5d228f9d25,69b0e5b9-3be2-4ec3-a9a6-bb5b523d4b32,21b2b267-3956-491f-8276-a705b80b3831
bdbd9e01-c18a-4a39-85cb-8c5d228f9d25,69b0e5b9-3be2-4ec3-a9a6-bb5b523d4b32,c6f51ca5-f12e-4519-8aaa-d52298bdd431
bdbd9e01-c18a-4a39-85cb-8c5d228f9d25,69b0e5b9-3be2-4ec3-a9a6-bb5b523d4b32,e6b0b06d-7f1b-4bbb-be2c-3f8ca5703dde
bdbd9e01-c18a-4a39-85cb-8c5d228f9d25,69b0e5b9-3be2-4ec3-a9a6-bb5b523d4b32,e54fe4d9-56c9-4bf7-a629-66c7af9b36cf
bdbd9e01-c18a-4a39-85cb-8c5d228f9d25,69b0e5b9-3be2-4ec3-a9a6-bb5b523d4b32,f9d69eb8-9ab7-44da-b9d0-8256de2b4497
bdbd9e01-c18a-4a39-85cb-8c5d228f9d25,8130458f-ae96-4ab3-89b9-21f06a2aac78,f9d69eb8-9ab7-44da-b9d0-8256de2b4497
bffc603e-a460-42a9-b283-d1eb45c554cb,69b0e5b9-3be2-4ec3-a9a6-bb5b523d4b32,23f041c3-638d-574b-a4e5-a6b077194c2f
bffc603e-a460-42a9-b283-d1eb45c554cb,69b0e5b9-3be2-4ec3-a9a6-bb5b523d4b32,211a86c8-1ad2-5427-a41f-d22041d66ffc
bffc603e-a460-42a9-b283-d1eb45c554cb,69b0e5b9-3be2-4ec3-a9a6-bb5b523d4b32,77b4653d-62e2-11ef-8000-bb3209de79c0
bffc603e-a460-42a9-b283-d1eb45c554cb,69b0e5b9-3be2-4ec3-a9a6-bb5b523d4b32,da334c89-29ad-56a6-852b-1ab5940f21f6
bffc603e-a460-42a9-b283-d1eb45c554cb,69b0e5b9-3be2-4ec3-a9a6-bb5b523d4b32,8ae9c844-e53c-5967-8de3-c13fc18546b5
bffc603e-a460-42a9-b283-d1eb45c554cb,69b0e5b9-3be2-4ec3-a9a6-bb5b523d4b32,c6f51ca5-f12e-4519-8aaa-d52298bdd431
bffc603e-a460-42a9-b283-d1eb45c554cb,69b0e5b9-3be2-4ec3-a9a6-bb5b523d4b32,6376fb84-847c-46b5-a782-2fc1e4e29e83
bffc603e-a460-42a9-b283-d1eb45c554cb,69b0e5b9-3be2-4ec3-a9a6-bb5b523d4b32,bbdadac6-65c2-4a03-9f74-9784b916378e
bffc603e-a460-42a9-b283-d1eb45c554cb,7d11b956-0014-43be-9a3e-f89e2b31ec4f,bbdadac6-65c2-4a03-9f74-9784b916378e
c0115cfa-f988-48de-b8c2-3e918b86ee82,69b0e5b9-3be2-4ec3-a9a6-bb5b523d4b32,5f9589c3-555e-588b-9761-5b468ad3838d
c0115cfa-f988-48de-b8c2-3e918b86ee82,69b0e5b9-3be2-4ec3-a9a6-bb5b523d4b32,ea873f6d-6cf0-11ef-8000-bb3209de79c0
c0115cfa-f988-48de-b8c2-3e918b86ee82,69b0e5b9-3be2-4ec3-a9a6-bb5b523d4b32,da334c89-29ad-56a6-852b-1ab5940f21f6
c0115cfa-f988-48de-b8c2-3e918b86ee82,69b0e5b9-3be2-4ec3-a9a6-bb5b523d4b32,4d90d8e2-4829-5373-80ea-226738e65dd1
c0115cfa-f988-48de-b8c2-3e918b86ee82,69b0e5b9-3be2-4ec3-a9a6-bb5b523d4b32,b12133f8-0e65-4ff6-8c04-95d1bd333412
c0115cfa-f988-48de-b8c2-3e918b86ee82,69b0e5b9-3be2-4ec3-a9a6-bb5b523d4b32,c3042810-448f-4e1f-8593-fac0d2f1d0c3
c0115cfa-f988-48de-b8c2-3e918b86ee82,69b0e5b9-3be2-4ec3-a9a6-bb5b523d4b32,b818e531-faa1-484a-9fd6-4a603e383e2a
c0115cfa-f988-48de-b8c2-3e918b86ee82,69b0e5b9-3be2-4ec3-a9a6-bb5b523d4b32,23f80012-4aca-485f-a307-eaefd31fee56
c0115cfa-f988-48de-b8c2-3e918b86ee82,69b0e5b9-3be2-4ec3-a9a6-bb5b523d4b32,21b2b267-3956-491f-8276-a705b80b3831
c0115cfa-f988-48de-b8c2-3e918b86ee82,69b0e5b9-3be2-4ec3-a9a6-bb5b523d4b32,b6663c0f-73ac-42a4-a027-333047618cb9
c0115cfa-f988-48de-b8c2-3e918b86ee82,69b0e5b9-3be2-4ec3-a9a6-bb5b523d4b32,130e95f1-ebc4-46f1-90ba-3f9fa21cb77b
c0115cfa-f988-48de-b8c2-3e918b86ee82,8130458f-ae96-4ab3-89b9-21f06a2aac78,130e95f1-ebc4-46f1-90ba-3f9fa21cb77b
c0c14f02-6fb9-404d-b104-ffed0cbf29f1,69b0e5b9-3be2-4ec3-a9a6-bb5b523d4b32,c37bb10c-96d3-5039-9612-6cd415ce6a23
c0c14f02-6fb9-404d-b104-ffed0cbf29f1,69b0e5b9-3be2-4ec3-a9a6-bb5b523d4b32,ead3c582-6cf0-11ef-8000-bb3209de79c0
c0c14f02-6fb9-404d-b104-ffed0cbf29f1,69b0e5b9-3be2-4ec3-a9a6-bb5b523d4b32,da334c89-29ad-56a6-852b-1ab5940f21f6
c0c14f02-6fb9-404d-b104-ffed0cbf29f1,69b0e5b9-3be2-4ec3-a9a6-bb5b523d4b32,1de64b36-2c7b-5fe3-b4d2-638bede0c000
c0c14f02-6fb9-404d-b104-ffed0cbf29f1,69b0e5b9-3be2-4ec3-a9a6-bb5b523d4b32,7beaf4a9-bbe3-4fd9-bfac-746d25703270
c0c14f02-6fb9-404d-b104-ffed0cbf29f1,69b0e5b9-3be2-4ec3-a9a6-bb5b523d4b32,48bc2f4e-fe5a-41d3-bc7c-5c4bc7c0cd91
c0c14f02-6fb9-404d-b104-ffed0cbf29f1,69b0e5b9-3be2-4ec3-a9a6-bb5b523d4b32,7a1b2a2c-84b5-445e-a06c-fe8b06bc1fbf
c0c14f02-6fb9-404d-b104-ffed0cbf29f1,69b0e5b9-3be2-4ec3-a9a6-bb5b523d4b32,750120c8-1d4b-4fed-8908-ce14e30d3e15
c0c14f02-6fb9-404d-b104-ffed0cbf29f1,69b0e5b9-3be2-4ec3-a9a6-bb5b523d4b32,fcd7f192-b04e-4765-90cf-5cc4f6125619
c0c14f02-6fb9-404d-b104-ffed0cbf29f1,69b0e5b9-3be2-4ec3-a9a6-bb5b523d4b32,21b2b267-3956-491f-8276-a705b80b3831
c0c14f02-6fb9-404d-b104-ffed0cbf29f1,69b0e5b9-3be2-4ec3-a9a6-bb5b523d4b32,a980b931-9769-4975-847a-5d81405b213b
c0c14f02-6fb9-404d-b104-ffed0cbf29f1,8130458f-ae96-4ab3-89b9-21f06a2aac78,a980b931-9769-4975-847a-5d81405b213b
c2d94774-08ea-4698-9d70-87c4620a3fc5,69b0e5b9-3be2-4ec3-a9a6-bb5b523d4b32,85150212-a4ca-5b7f-93e5-befb0f9b7a58
c2d94774-08ea-4698-9d70-87c4620a3fc5,69b0e5b9-3be2-4ec3-a9a6-bb5b523d4b32,eb4d8e39-6cf0-11ef-8000-bb3209de79c0
c2d94774-08ea-4698-9d70-87c4620a3fc5,69b0e5b9-3be2-4ec3-a9a6-bb5b523d4b32,da334c89-29ad-56a6-852b-1ab5940f21f6
c2d94774-08ea-4698-9d70-87c4620a3fc5,69b0e5b9-3be2-4ec3-a9a6-bb5b523d4b32,4acfe969-d12a-56ae-b8e3-55114ebcd3d1
c2d94774-08ea-4698-9d70-87c4620a3fc5,69b0e5b9-3be2-4ec3-a9a6-bb5b523d4b32,94980575-029e-4997-a325-dd0e9ca1f442
c2d94774-08ea-4698-9d70-87c4620a3fc5,69b0e5b9-3be2-4ec3-a9a6-bb5b523d4b32,396dbeb1-d478-4bb4-9b4c-295912158f48
c2d94774-08ea-4698-9d70-87c4620a3fc5,69b0e5b9-3be2-4ec3-a9a6-bb5b523d4b32,ad27f18d-99e2-4402-8803-4825e4a439c6
c2d94774-08ea-4698-9d70-87c4620a3fc5,69b0e5b9-3be2-4ec3-a9a6-bb5b523d4b32,21b2b267-3956-491f-8276-a705b80b3831
c2d94774-08ea-4698-9d70-87c4620a3fc5,69b0e5b9-3be2-4ec3-a9a6-bb5b523d4b32,ed3af5ca-0f74-4794-bda3-abd64300b1ca
c2d94774-08ea-4698-9d70-87c4620a3fc5,69b0e5b9-3be2-4ec3-a9a6-bb5b523d4b32,3603c6e0-605b-48a0-ad84-47c17d98bf6b
c2d94774-08ea-4698-9d70-87c4620a3fc5,8130458f-ae96-4ab3-89b9-21f06a2aac78,3603c6e0-605b-48a0-ad84-47c17d98bf6b
c3042810-448f-4e1f-8593-fac0d2f1d0c3,69b0e5b9-3be2-4ec3-a9a6-bb5b523d4b32,a445d29b-2ba7-5a46-8885-5a5d11680eba
c3042810-448f-4e1f-8593-fac0d2f1d0c3,69b0e5b9-3be2-4ec3-a9a6-bb5b523d4b32,ea7d6659-6cf0-11ef-8000-bb3209de79c0
c3042810-448f-4e1f-8593-fac0d2f1d0c3,69b0e5b9-3be2-4ec3-a9a6-bb5b523d4b32,da334c89-29ad-56a6-852b-1ab5940f21f6
c3042810-448f-4e1f-8593-fac0d2f1d0c3,69b0e5b9-3be2-4ec3-a9a6-bb5b523d4b32,b4cee380-665b-11f0-8000-bb3209de79c0
c3042810-448f-4e1f-8593-fac0d2f1d0c3,69b0e5b9-3be2-4ec3-a9a6-bb5b523d4b32,21b2b267-3956-491f-8276-a705b80b3831
c3042810-448f-4e1f-8593-fac0d2f1d0c3,69b0e5b9-3be2-4ec3-a9a6-bb5b523d4b32,31c79380-d8c8-4304-bd35-6448e6378c41
c3042810-448f-4e1f-8593-fac0d2f1d0c3,69b0e5b9-3be2-4ec3-a9a6-bb5b523d4b32,6bb0b0b6-41cd-4bb3-a0e8-d483b25f6cf1
c3042810-448f-4e1f-8593-fac0d2f1d0c3,8130458f-ae96-4ab3-89b9-21f06a2aac78,6bb0b0b6-41cd-4bb3-a0e8-d483b25f6cf1
c3937857-bb3f-478b-9701-41b1c34dcc44,69b0e5b9-3be2-4ec3-a9a6-bb5b523d4b32,1d68fe59-181a-5d90-b04c-832b02c9b90d
c3937857-bb3f-478b-9701-41b1c34dcc44,69b0e5b9-3be2-4ec3-a9a6-bb5b523d4b32,77d1aebe-62e2-11ef-8000-bb3209de79c0
c3937857-bb3f-478b-9701-41b1c34dcc44,69b0e5b9-3be2-4ec3-a9a6-bb5b523d4b32,da334c89-29ad-56a6-852b-1ab5940f21f6
c3937857-bb3f-478b-9701-41b1c34dcc44,69b0e5b9-3be2-4ec3-a9a6-bb5b523d4b32,2b67d543-82ec-53d2-81b4-eba820969b69
c3937857-bb3f-478b-9701-41b1c34dcc44,69b0e5b9-3be2-4ec3-a9a6-bb5b523d4b32,518f088d-1e08-4ee9-bada-620d0b8d069d
c3937857-bb3f-478b-9701-41b1c34dcc44,69b0e5b9-3be2-4ec3-a9a6-bb5b523d4b32,b36d464d-fca8-4bf5-bf0d-fe21c1744431
c3937857-bb3f-478b-9701-41b1c34dcc44,69b0e5b9-3be2-4ec3-a9a6-bb5b523d4b32,04ff825a-8191-4fd1-bf47-26ab800999d1
c3937857-bb3f-478b-9701-41b1c34dcc44,69b0e5b9-3be2-4ec3-a9a6-bb5b523d4b32,6c668919-a78c-4239-bdc1-95cf53b3ed94
c3937857-bb3f-478b-9701-41b1c34dcc44,7d11b956-0014-43be-9a3e-f89e2b31ec4f,6c668919-a78c-4239-bdc1-95cf53b3ed94
c39b6637-1ae4-44ef-9838-13cb31a323ec,69b0e5b9-3be2-4ec3-a9a6-bb5b523d4b32,6026404d-fddf-55c3-be51-306a6b510a6a
c39b6637-1ae4-44ef-9838-13cb31a323ec,69b0e5b9-3be2-4ec3-a9a6-bb5b523d4b32,77b9e94f-62e2-11ef-8000-bb3209de79c0
c39b6637-1ae4-44ef-9838-13cb31a323ec,69b0e5b9-3be2-4ec3-a9a6-bb5b523d4b32,da334c89-29ad-56a6-852b-1ab5940f21f6
c39b6637-1ae4-44ef-9838-13cb31a323ec,69b0e5b9-3be2-4ec3-a9a6-bb5b523d4b32,988166d6-34cd-5c56-ad39-24c76f72980d
c39b6637-1ae4-44ef-9838-13cb31a323ec,69b0e5b9-3be2-4ec3-a9a6-bb5b523d4b32,66a6cd3b-ab4d-4161-98a9-6e0b767a2705
c39b6637-1ae4-44ef-9838-13cb31a323ec,69b0e5b9-3be2-4ec3-a9a6-bb5b523d4b32,e795fe3e-8c36-4241-b8c2-489f5f3c37e2
c39b6637-1ae4-44ef-9838-13cb31a323ec,69b0e5b9-3be2-4ec3-a9a6-bb5b523d4b32,4ab749af-25a0-4906-8783-9337a543dffa
c39b6637-1ae4-44ef-9838-13cb31a323ec,7d11b956-0014-43be-9a3e-f89e2b31ec4f,4ab749af-25a0-4906-8783-9337a543dffa
c400477f-b69a-4f64-8ab1-7260300f1cb3,69b0e5b9-3be2-4ec3-a9a6-bb5b523d4b32,c99d8861-1c48-5bde-96c3-c95dcb2419aa
c400477f-b69a-4f64-8ab1-7260300f1cb3,69b0e5b9-3be2-4ec3-a9a6-bb5b523d4b32,eb8770cf-6cf0-11ef-8000-bb3209de79c0
c400477f-b69a-4f64-8ab1-7260300f1cb3,69b0e5b9-3be2-4ec3-a9a6-bb5b523d4b32,da334c89-29ad-56a6-852b-1ab5940f21f6
c400477f-b69a-4f64-8ab1-7260300f1cb3,69b0e5b9-3be2-4ec3-a9a6-bb5b523d4b32,5ae6da7e-14de-5f5b-b093-cc5c0610dca5
c400477f-b69a-4f64-8ab1-7260300f1cb3,69b0e5b9-3be2-4ec3-a9a6-bb5b523d4b32,e28a9f4e-cfc7-4eb4-8058-9d5314414e5e
c400477f-b69a-4f64-8ab1-7260300f1cb3,69b0e5b9-3be2-4ec3-a9a6-bb5b523d4b32,5f72e550-6f46-4bd1-a25c-a9b18a8cbb42
c400477f-b69a-4f64-8ab1-7260300f1cb3,69b0e5b9-3be2-4ec3-a9a6-bb5b523d4b32,77d4fc38-3fe8-4f50-87d8-599c77ab880d
c400477f-b69a-4f64-8ab1-7260300f1cb3,69b0e5b9-3be2-4ec3-a9a6-bb5b523d4b32,21b2b267-3956-491f-8276-a705b80b3831
c400477f-b69a-4f64-8ab1-7260300f1cb3,69b0e5b9-3be2-4ec3-a9a6-bb5b523d4b32,9012284e-24a6-4e2b-a050-4719db46d317
c400477f-b69a-4f64-8ab1-7260300f1cb3,69b0e5b9-3be2-4ec3-a9a6-bb5b523d4b32,9cbe52a2-b45e-45f8-9fec-12248e471752
c400477f-b69a-4f64-8ab1-7260300f1cb3,69b0e5b9-3be2-4ec3-a9a6-bb5b523d4b32,c3937857-bb3f-478b-9701-41b1c34dcc44
c400477f-b69a-4f64-8ab1-7260300f1cb3,69b0e5b9-3be2-4ec3-a9a6-bb5b523d4b32,07974f2d-54ae-4e31-821e-65459b5c6305
c400477f-b69a-4f64-8ab1-7260300f1cb3,69b0e5b9-3be2-4ec3-a9a6-bb5b523d4b32,b2471599-92bc-494d-8108-6be9895128a7
c400477f-b69a-4f64-8ab1-7260300f1cb3,8130458f-ae96-4ab3-89b9-21f06a2aac78,b2471599-92bc-494d-8108-6be9895128a7
c6d71c41-dbe0-47e3-bcfa-542ed1ebc4ec,69b0e5b9-3be2-4ec3-a9a6-bb5b523d4b32,94a67c11-7e60-5557-8a7c-3fb7883d3b9a
c6d71c41-dbe0-47e3-bcfa-542ed1ebc4ec,69b0e5b9-3be2-4ec3-a9a6-bb5b523d4b32,eb69747e-6cf0-11ef-8000-bb3209de79c0
c6d71c41-dbe0-47e3-bcfa-542ed1ebc4ec,69b0e5b9-3be2-4ec3-a9a6-bb5b523d4b32,da334c89-29ad-56a6-852b-1ab5940f21f6
c6d71c41-dbe0-47e3-bcfa-542ed1ebc4ec,69b0e5b9-3be2-4ec3-a9a6-bb5b523d4b32,9206d3db-4ae1-58e4-a2cd-159e7f832e0b
c6d71c41-dbe0-47e3-bcfa-542ed1ebc4ec,69b0e5b9-3be2-4ec3-a9a6-bb5b523d4b32,e28da3af-502f-4fd9-b421-80a739b9c775
c6d71c41-dbe0-47e3-bcfa-542ed1ebc4ec,69b0e5b9-3be2-4ec3-a9a6-bb5b523d4b32,42170b95-f059-45d6-9f48-2faf19890285
c6d71c41-dbe0-47e3-bcfa-542ed1ebc4ec,69b0e5b9-3be2-4ec3-a9a6-bb5b523d4b32,21b2b267-3956-491f-8276-a705b80b3831
c6d71c41-dbe0-47e3-bcfa-542ed1ebc4ec,69b0e5b9-3be2-4ec3-a9a6-bb5b523d4b32,5d372230-d516-45bd-94f4-0064f09f1f67
c6d71c41-dbe0-47e3-bcfa-542ed1ebc4ec,69b0e5b9-3be2-4ec3-a9a6-bb5b523d4b32,dd6a415c-8241-49ec-8e4c-6fc935f9bd11
c6d71c41-dbe0-47e3-bcfa-542ed1ebc4ec,69b0e5b9-3be2-4ec3-a9a6-bb5b523d4b32,e29523ff-13ff-5704-9868-4d47526a556d
c6d71c41-dbe0-47e3-bcfa-542ed1ebc4ec,69b0e5b9-3be2-4ec3-a9a6-bb5b523d4b32,4e292a65-9a0d-4bfa-9e4f-16ae238c2627
c6d71c41-dbe0-47e3-bcfa-542ed1ebc4ec,8130458f-ae96-4ab3-89b9-21f06a2aac78,4e292a65-9a0d-4bfa-9e4f-16ae238c2627
c6f44af8-de12-4d54-b959-61d57564c927,69b0e5b9-3be2-4ec3-a9a6-bb5b523d4b32,c37bb10c-96d3-5039-9612-6cd415ce6a23
c6f44af8-de12-4d54-b959-61d57564c927,69b0e5b9-3be2-4ec3-a9a6-bb5b523d4b32,eb171958-6cf0-11ef-8000-bb3209de79c0
c6f44af8-de12-4d54-b959-61d57564c927,69b0e5b9-3be2-4ec3-a9a6-bb5b523d4b32,da334c89-29ad-56a6-852b-1ab5940f21f6
c6f44af8-de12-4d54-b959-61d57564c927,69b0e5b9-3be2-4ec3-a9a6-bb5b523d4b32,95bf2749-ef83-5be8-b4ee-1643bf4db7dd
c6f44af8-de12-4d54-b959-61d57564c927,69b0e5b9-3be2-4ec3-a9a6-bb5b523d4b32,df97bfed-4494-4041-ae94-bfc86d6c9118
c6f44af8-de12-4d54-b959-61d57564c927,69b0e5b9-3be2-4ec3-a9a6-bb5b523d4b32,8bf1ea32-e1e8-4196-b346-88614525df2c
c6f44af8-de12-4d54-b959-61d57564c927,69b0e5b9-3be2-4ec3-a9a6-bb5b523d4b32,7a1b2a2c-84b5-445e-a06c-fe8b06bc1fbf
c6f44af8-de12-4d54-b959-61d57564c927,69b0e5b9-3be2-4ec3-a9a6-bb5b523d4b32,750120c8-1d4b-4fed-8908-ce14e30d3e15
c6f44af8-de12-4d54-b959-61d57564c927,69b0e5b9-3be2-4ec3-a9a6-bb5b523d4b32,fcd7f192-b04e-4765-90cf-5cc4f6125619
c6f44af8-de12-4d54-b959-61d57564c927,69b0e5b9-3be2-4ec3-a9a6-bb5b523d4b32,21b2b267-3956-491f-8276-a705b80b3831
c6f44af8-de12-4d54-b959-61d57564c927,69b0e5b9-3be2-4ec3-a9a6-bb5b523d4b32,a980b931-9769-4975-847a-5d81405b213b
c6f44af8-de12-4d54-b959-61d57564c927,8130458f-ae96-4ab3-89b9-21f06a2aac78,a980b931-9769-4975-847a-5d81405b213b
c6f51ca5-f12e-4519-8aaa-d52298bdd431,69b0e5b9-3be2-4ec3-a9a6-bb5b523d4b32,e07afcc4-447a-58b4-b0e5-6949419f0ec3
c6f51ca5-f12e-4519-8aaa-d52298bdd431,69b0e5b9-3be2-4ec3-a9a6-bb5b523d4b32,8f84e45a-4aae-51df-b2e0-c6b60b221b4a
c6f51ca5-f12e-4519-8aaa-d52298bdd431,69b0e5b9-3be2-4ec3-a9a6-bb5b523d4b32,77b3b5e6-62e2-11ef-8000-bb3209de79c0
c6f51ca5-f12e-4519-8aaa-d52298bdd431,69b0e5b9-3be2-4ec3-a9a6-bb5b523d4b32,da334c89-29ad-56a6-852b-1ab5940f21f6
c6f51ca5-f12e-4519-8aaa-d52298bdd431,69b0e5b9-3be2-4ec3-a9a6-bb5b523d4b32,e5d99359-3f5c-533b-89b6-ae404016ad04
c6f51ca5-f12e-4519-8aaa-d52298bdd431,69b0e5b9-3be2-4ec3-a9a6-bb5b523d4b32,23f80012-4aca-485f-a307-eaefd31fee56
c6f51ca5-f12e-4519-8aaa-d52298bdd431,69b0e5b9-3be2-4ec3-a9a6-bb5b523d4b32,828b8a81-f980-4c91-b1bd-07228f20c524
c6f51ca5-f12e-4519-8aaa-d52298bdd431,7d11b956-0014-43be-9a3e-f89e2b31ec4f,828b8a81-f980-4c91-b1bd-07228f20c524
c7746867-f51f-4dda-a45a-cf5cfdd5229a,69b0e5b9-3be2-4ec3-a9a6-bb5b523d4b32,a445d29b-2ba7-5a46-8885-5a5d11680eba
c7746867-f51f-4dda-a45a-cf5cfdd5229a,69b0e5b9-3be2-4ec3-a9a6-bb5b523d4b32,eb5513b6-6cf0-11ef-8000-bb3209de79c0
c7746867-f51f-4dda-a45a-cf5cfdd5229a,69b0e5b9-3be2-4ec3-a9a6-bb5b523d4b32,da334c89-29ad-56a6-852b-1ab5940f21f6
c7746867-f51f-4dda-a45a-cf5cfdd5229a,69b0e5b9-3be2-4ec3-a9a6-bb5b523d4b32,46a0ca00-3921-11ed-8000-bb3209de79c0
c7746867-f51f-4dda-a45a-cf5cfdd5229a,69b0e5b9-3be2-4ec3-a9a6-bb5b523d4b32,21b2b267-3956-491f-8276-a705b80b3831
c7746867-f51f-4dda-a45a-cf5cfdd5229a,69b0e5b9-3be2-4ec3-a9a6-bb5b523d4b32,31c79380-d8c8-4304-bd35-6448e6378c41
c7746867-f51f-4dda-a45a-cf5cfdd5229a,69b0e5b9-3be2-4ec3-a9a6-bb5b523d4b32,6bb0b0b6-41cd-4bb3-a0e8-d483b25f6cf1
c7746867-f51f-4dda-a45a-cf5cfdd5229a,8130458f-ae96-4ab3-89b9-21f06a2aac78,6bb0b0b6-41cd-4bb3-a0e8-d483b25f6cf1
c83b24f0-13b5-49f1-985d-e7373eb3ec99,69b0e5b9-3be2-4ec3-a9a6-bb5b523d4b32,c37bb10c-96d3-5039-9612-6cd415ce6a23
c83b24f0-13b5-49f1-985d-e7373eb3ec99,69b0e5b9-3be2-4ec3-a9a6-bb5b523d4b32,eb09ee20-6cf0-11ef-8000-bb3209de79c0
c83b24f0-13b5-49f1-985d-e7373eb3ec99,69b0e5b9-3be2-4ec3-a9a6-bb5b523d4b32,da334c89-29ad-56a6-852b-1ab5940f21f6
c83b24f0-13b5-49f1-985d-e7373eb3ec99,69b0e5b9-3be2-4ec3-a9a6-bb5b523d4b32,d600adb8-9ee0-5d99-8c3f-bd0a73094f2c
c83b24f0-13b5-49f1-985d-e7373eb3ec99,69b0e5b9-3be2-4ec3-a9a6-bb5b523d4b32,df97bfed-4494-4041-ae94-bfc86d6c9118
c83b24f0-13b5-49f1-985d-e7373eb3ec99,69b0e5b9-3be2-4ec3-a9a6-bb5b523d4b32,8bf1ea32-e1e8-4196-b346-88614525df2c
c83b24f0-13b5-49f1-985d-e7373eb3ec99,69b0e5b9-3be2-4ec3-a9a6-bb5b523d4b32,7a1b2a2c-84b5-445e-a06c-fe8b06bc1fbf
c83b24f0-13b5-49f1-985d-e7373eb3ec99,69b0e5b9-3be2-4ec3-a9a6-bb5b523d4b32,750120c8-1d4b-4fed-8908-ce14e30d3e15
c83b24f0-13b5-49f1-985d-e7373eb3ec99,69b0e5b9-3be2-4ec3-a9a6-bb5b523d4b32,fcd7f192-b04e-4765-90cf-5cc4f6125619
c83b24f0-13b5-49f1-985d-e7373eb3ec99,69b0e5b9-3be2-4ec3-a9a6-bb5b523d4b32,21b2b267-3956-491f-8276-a705b80b3831
c83b24f0-13b5-49f1-985d-e7373eb3ec99,69b0e5b9-3be2-4ec3-a9a6-bb5b523d4b32,a980b931-9769-4975-847a-5d81405b213b
c83b24f0-13b5-49f1-985d-e7373eb3ec99,8130458f-ae96-4ab3-89b9-21f06a2aac78,a980b931-9769-4975-847a-5d81405b213b
c8a8cf7b-0d08-431a-b880-6178102d5339,69b0e5b9-3be2-4ec3-a9a6-bb5b523d4b32,a445d29b-2ba7-5a46-8885-5a5d11680eba
c8a8cf7b-0d08-431a-b880-6178102d5339,69b0e5b9-3be2-4ec3-a9a6-bb5b523d4b32,ea88ce78-6cf0-11ef-8000-bb3209de79c0
c8a8cf7b-0d08-431a-b880-6178102d5339,69b0e5b9-3be2-4ec3-a9a6-bb5b523d4b32,da334c89-29ad-56a6-852b-1ab5940f21f6
c8a8cf7b-0d08-431a-b880-6178102d5339,69b0e5b9-3be2-4ec3-a9a6-bb5b523d4b32,feb34480-fe9c-11f0-8000-bb3209de79c0
c8a8cf7b-0d08-431a-b880-6178102d5339,69b0e5b9-3be2-4ec3-a9a6-bb5b523d4b32,21b2b267-3956-491f-8276-a705b80b3831
c8a8cf7b-0d08-431a-b880-6178102d5339,69b0e5b9-3be2-4ec3-a9a6-bb5b523d4b32,31c79380-d8c8-4304-bd35-6448e6378c41
c8a8cf7b-0d08-431a-b880-6178102d5339,69b0e5b9-3be2-4ec3-a9a6-bb5b523d4b32,6bb0b0b6-41cd-4bb3-a0e8-d483b25f6cf1
c8a8cf7b-0d08-431a-b880-6178102d5339,8130458f-ae96-4ab3-89b9-21f06a2aac78,6bb0b0b6-41cd-4bb3-a0e8-d483b25f6cf1
caf90d3d-2926-46ac-a61e-fd4e63cc9111,69b0e5b9-3be2-4ec3-a9a6-bb5b523d4b32,94a67c11-7e60-5557-8a7c-3fb7883d3b9a
caf90d3d-2926-46ac-a61e-fd4e63cc9111,69b0e5b9-3be2-4ec3-a9a6-bb5b523d4b32,eb826b54-6cf0-11ef-8000-bb3209de79c0
caf90d3d-2926-46ac-a61e-fd4e63cc9111,69b0e5b9-3be2-4ec3-a9a6-bb5b523d4b32,da334c89-29ad-56a6-852b-1ab5940f21f6
caf90d3d-2926-46ac-a61e-fd4e63cc9111,69b0e5b9-3be2-4ec3-a9a6-bb5b523d4b32,dfd9b784-55eb-5a14-b5e2-7216e8ace07e
caf90d3d-2926-46ac-a61e-fd4e63cc9111,69b0e5b9-3be2-4ec3-a9a6-bb5b523d4b32,4ec897fb-cc41-450f-8521-0a43e6db40a6
caf90d3d-2926-46ac-a61e-fd4e63cc9111,69b0e5b9-3be2-4ec3-a9a6-bb5b523d4b32,01e734f7-3c78-409e-9049-a1a706f66685
caf90d3d-2926-46ac-a61e-fd4e63cc9111,69b0e5b9-3be2-4ec3-a9a6-bb5b523d4b32,21b2b267-3956-491f-8276-a705b80b3831
caf90d3d-2926-46ac-a61e-fd4e63cc9111,69b0e5b9-3be2-4ec3-a9a6-bb5b523d4b32,f8daaca3-c180-4b35-ab4c-85612ef66dcf
caf90d3d-2926-46ac-a61e-fd4e63cc9111,69b0e5b9-3be2-4ec3-a9a6-bb5b523d4b32,a7fbc436-d312-4a69-98c8-afa67470b110
caf90d3d-2926-46ac-a61e-fd4e63cc9111,69b0e5b9-3be2-4ec3-a9a6-bb5b523d4b32,4acfe969-d12a-56ae-b8e3-55114ebcd3d1
caf90d3d-2926-46ac-a61e-fd4e63cc9111,69b0e5b9-3be2-4ec3-a9a6-bb5b523d4b32,4e292a65-9a0d-4bfa-9e4f-16ae238c2627
caf90d3d-2926-46ac-a61e-fd4e63cc9111,8130458f-ae96-4ab3-89b9-21f06a2aac78,4e292a65-9a0d-4bfa-9e4f-16ae238c2627
cc71ad2e-f001-47c0-84e0-002510c91a8f,69b0e5b9-3be2-4ec3-a9a6-bb5b523d4b32,c37bb10c-96d3-5039-9612-6cd415ce6a23
cc71ad2e-f001-47c0-84e0-002510c91a8f,69b0e5b9-3be2-4ec3-a9a6-bb5b523d4b32,eb21ba7c-6cf0-11ef-8000-bb3209de79c0
cc71ad2e-f001-47c0-84e0-002510c91a8f,69b0e5b9-3be2-4ec3-a9a6-bb5b523d4b32,da334c89-29ad-56a6-852b-1ab5940f21f6
cc71ad2e-f001-47c0-84e0-002510c91a8f,69b0e5b9-3be2-4ec3-a9a6-bb5b523d4b32,e07b4849-03eb-54f2-b0d2-91a1df0f3d73
cc71ad2e-f001-47c0-84e0-002510c91a8f,69b0e5b9-3be2-4ec3-a9a6-bb5b523d4b32,df97bfed-4494-4041-ae94-bfc86d6c9118
cc71ad2e-f001-47c0-84e0-002510c91a8f,69b0e5b9-3be2-4ec3-a9a6-bb5b523d4b32,8bf1ea32-e1e8-4196-b346-88614525df2c
cc71ad2e-f001-47c0-84e0-002510c91a8f,69b0e5b9-3be2-4ec3-a9a6-bb5b523d4b32,7a1b2a2c-84b5-445e-a06c-fe8b06bc1fbf
cc71ad2e-f001-47c0-84e0-002510c91a8f,69b0e5b9-3be2-4ec3-a9a6-bb5b523d4b32,750120c8-1d4b-4fed-8908-ce14e30d3e15
cc71ad2e-f001-47c0-84e0-002510c91a8f,69b0e5b9-3be2-4ec3-a9a6-bb5b523d4b32,fcd7f192-b04e-4765-90cf-5cc4f6125619
cc71ad2e-f001-47c0-84e0-002510c91a8f,69b0e5b9-3be2-4ec3-a9a6-bb5b523d4b32,21b2b267-3956-491f-8276-a705b80b3831
cc71ad2e-f001-47c0-84e0-002510c91a8f,69b0e5b9-3be2-4ec3-a9a6-bb5b523d4b32,a980b931-9769-4975-847a-5d81405b213b
cc71ad2e-f001-47c0-84e0-002510c91a8f,8130458f-ae96-4ab3-89b9-21f06a2aac78,a980b931-9769-4975-847a-5d81405b213b
cc72cb09-1b9c-4436-afd7-4bcba3cddf02,69b0e5b9-3be2-4ec3-a9a6-bb5b523d4b32,5efa2f5e-5f8b-5e1c-93c6-77327c916e5f
cc72cb09-1b9c-4436-afd7-4bcba3cddf02,69b0e5b9-3be2-4ec3-a9a6-bb5b523d4b32,eb6f0982-6cf0-11ef-8000-bb3209de79c0
cc72cb09-1b9c-4436-afd7-4bcba3cddf02,69b0e5b9-3be2-4ec3-a9a6-bb5b523d4b32,da334c89-29ad-56a6-852b-1ab5940f21f6
cc72cb09-1b9c-4436-afd7-4bcba3cddf02,69b0e5b9-3be2-4ec3-a9a6-bb5b523d4b32,e4c5725d-87d6-58dc-a4d6-b23806a477b0
cc72cb09-1b9c-4436-afd7-4bcba3cddf02,69b0e5b9-3be2-4ec3-a9a6-bb5b523d4b32,769bd0c3-9b4c-4723-8cd8-b8c0bd4d7264
cc72cb09-1b9c-4436-afd7-4bcba3cddf02,69b0e5b9-3be2-4ec3-a9a6-bb5b523d4b32,dca5a5b1-68ed-4600-b3f0-acb5652f1357
cc72cb09-1b9c-4436-afd7-4bcba3cddf02,69b0e5b9-3be2-4ec3-a9a6-bb5b523d4b32,7fd08eec-b03b-4245-8b77-4e8e2e92f347
cc72cb09-1b9c-4436-afd7-4bcba3cddf02,69b0e5b9-3be2-4ec3-a9a6-bb5b523d4b32,21b2b267-3956-491f-8276-a705b80b3831
cc72cb09-1b9c-4436-afd7-4bcba3cddf02,69b0e5b9-3be2-4ec3-a9a6-bb5b523d4b32,f0bb3398-a594-438e-9689-b9033fc987f9
cc72cb09-1b9c-4436-afd7-4bcba3cddf02,69b0e5b9-3be2-4ec3-a9a6-bb5b523d4b32,b4b7f338-7eed-46ce-81bf-35b6d53bdf81
cc72cb09-1b9c-4436-afd7-4bcba3cddf02,69b0e5b9-3be2-4ec3-a9a6-bb5b523d4b32,fcae9992-8838-447e-a530-5f63aab304b2
cc72cb09-1b9c-4436-afd7-4bcba3cddf02,8130458f-ae96-4ab3-89b9-21f06a2aac78,fcae9992-8838-447e-a530-5f63aab304b2
ce890a47-d948-4c36-9229-705a85728a5e,69b0e5b9-3be2-4ec3-a9a6-bb5b523d4b32,a38a618d-86f2-52ee-abf2-03feefe10c7d
ce890a47-d948-4c36-9229-705a85728a5e,69b0e5b9-3be2-4ec3-a9a6-bb5b523d4b32,eb55e247-6cf0-11ef-8000-bb3209de79c0
ce890a47-d948-4c36-9229-705a85728a5e,69b0e5b9-3be2-4ec3-a9a6-bb5b523d4b32,da334c89-29ad-56a6-852b-1ab5940f21f6
ce890a47-d948-4c36-9229-705a85728a5e,69b0e5b9-3be2-4ec3-a9a6-bb5b523d4b32,6f9de1f9-0e92-58ef-bee2-4ad49225a899
ce890a47-d948-4c36-9229-705a85728a5e,69b0e5b9-3be2-4ec3-a9a6-bb5b523d4b32,c7746867-f51f-4dda-a45a-cf5cfdd5229a
ce890a47-d948-4c36-9229-705a85728a5e,69b0e5b9-3be2-4ec3-a9a6-bb5b523d4b32,af1b6f3b-afe2-41be-bd26-e4666d73ea6f
ce890a47-d948-4c36-9229-705a85728a5e,69b0e5b9-3be2-4ec3-a9a6-bb5b523d4b32,db8916a6-ae5f-4a37-a816-ea813da7715d
ce890a47-d948-4c36-9229-705a85728a5e,69b0e5b9-3be2-4ec3-a9a6-bb5b523d4b32,21b2b267-3956-491f-8276-a705b80b3831
ce890a47-d948-4c36-9229-705a85728a5e,69b0e5b9-3be2-4ec3-a9a6-bb5b523d4b32,2f476d95-7185-4b13-aa15-e50d42203f8b
ce890a47-d948-4c36-9229-705a85728a5e,69b0e5b9-3be2-4ec3-a9a6-bb5b523d4b32,83ddb527-717c-47b3-8bb2-ee38a6534517
ce890a47-d948-4c36-9229-705a85728a5e,69b0e5b9-3be2-4ec3-a9a6-bb5b523d4b32,15d081f0-e663-4b09-b2e1-3f068043f60e
ce890a47-d948-4c36-9229-705a85728a5e,69b0e5b9-3be2-4ec3-a9a6-bb5b523d4b32,f9d69eb8-9ab7-44da-b9d0-8256de2b4497
ce890a47-d948-4c36-9229-705a85728a5e,8130458f-ae96-4ab3-89b9-21f06a2aac78,f9d69eb8-9ab7-44da-b9d0-8256de2b4497
d31c9a05-349b-467a-9eee-04e364594246,69b0e5b9-3be2-4ec3-a9a6-bb5b523d4b32,c37bb10c-96d3-5039-9612-6cd415ce6a23
d31c9a05-349b-467a-9eee-04e364594246,69b0e5b9-3be2-4ec3-a9a6-bb5b523d4b32,eada1143-6cf0-11ef-8000-bb3209de79c0
d31c9a05-349b-467a-9eee-04e364594246,69b0e5b9-3be2-4ec3-a9a6-bb5b523d4b32,da334c89-29ad-56a6-852b-1ab5940f21f6
d31c9a05-349b-467a-9eee-04e364594246,69b0e5b9-3be2-4ec3-a9a6-bb5b523d4b32,b89ff65d-0af7-581c-b10d-f95fc3e07f95
d31c9a05-349b-467a-9eee-04e364594246,69b0e5b9-3be2-4ec3-a9a6-bb5b523d4b32,7beaf4a9-bbe3-4fd9-bfac-746d25703270
d31c9a05-349b-467a-9eee-04e364594246,69b0e5b9-3be2-4ec3-a9a6-bb5b523d4b32,48bc2f4e-fe5a-41d3-bc7c-5c4bc7c0cd91
d31c9a05-349b-467a-9eee-04e364594246,69b0e5b9-3be2-4ec3-a9a6-bb5b523d4b32,7a1b2a2c-84b5-445e-a06c-fe8b06bc1fbf
d31c9a05-349b-467a-9eee-04e364594246,69b0e5b9-3be2-4ec3-a9a6-bb5b523d4b32,750120c8-1d4b-4fed-8908-ce14e30d3e15
d31c9a05-349b-467a-9eee-04e364594246,69b0e5b9-3be2-4ec3-a9a6-bb5b523d4b32,fcd7f192-b04e-4765-90cf-5cc4f6125619
d31c9a05-349b-467a-9eee-04e364594246,69b0e5b9-3be2-4ec3-a9a6-bb5b523d4b32,21b2b267-3956-491f-8276-a705b80b3831
d31c9a05-349b-467a-9eee-04e364594246,69b0e5b9-3be2-4ec3-a9a6-bb5b523d4b32,a980b931-9769-4975-847a-5d81405b213b
d31c9a05-349b-467a-9eee-04e364594246,8130458f-ae96-4ab3-89b9-21f06a2aac78,a980b931-9769-4975-847a-5d81405b213b
d33ae209-e7ba-4c1a-aa54-de862810c1cd,69b0e5b9-3be2-4ec3-a9a6-bb5b523d4b32,5f9589c3-555e-588b-9761-5b468ad3838d
d33ae209-e7ba-4c1a-aa54-de862810c1cd,69b0e5b9-3be2-4ec3-a9a6-bb5b523d4b32,eb45468a-6cf0-11ef-8000-bb3209de79c0
d33ae209-e7ba-4c1a-aa54-de862810c1cd,69b0e5b9-3be2-4ec3-a9a6-bb5b523d4b32,da334c89-29ad-56a6-852b-1ab5940f21f6
d33ae209-e7ba-4c1a-aa54-de862810c1cd,69b0e5b9-3be2-4ec3-a9a6-bb5b523d4b32,43e0db25-6a60-54f1-ae6b-00031ff94b8b
d33ae209-e7ba-4c1a-aa54-de862810c1cd,69b0e5b9-3be2-4ec3-a9a6-bb5b523d4b32,b11ad57f-e2a3-4d0a-b2ff-01c2e2e46f47
d33ae209-e7ba-4c1a-aa54-de862810c1cd,69b0e5b9-3be2-4ec3-a9a6-bb5b523d4b32,2699b39d-7e68-4850-be72-d76c17355d48
d33ae209-e7ba-4c1a-aa54-de862810c1cd,69b0e5b9-3be2-4ec3-a9a6-bb5b523d4b32,21b2b267-3956-491f-8276-a705b80b3831
d33ae209-e7ba-4c1a-aa54-de862810c1cd,69b0e5b9-3be2-4ec3-a9a6-bb5b523d4b32,130e95f1-ebc4-46f1-90ba-3f9fa21cb77b
d33ae209-e7ba-4c1a-aa54-de862810c1cd,8130458f-ae96-4ab3-89b9-21f06a2aac78,130e95f1-ebc4-46f1-90ba-3f9fa21cb77b
db2e8f75-21ce-43ac-b936-fb7213faae86,69b0e5b9-3be2-4ec3-a9a6-bb5b523d4b32,05d060c1-56c3-5b67-91d7-17d14081dccc
db2e8f75-21ce-43ac-b936-fb7213faae86,69b0e5b9-3be2-4ec3-a9a6-bb5b523d4b32,c0f87fcd-9919-5da3-896e-df0623f2df17
db2e8f75-21ce-43ac-b936-fb7213faae86,69b0e5b9-3be2-4ec3-a9a6-bb5b523d4b32,77b25cb4-62e2-11ef-8000-bb3209de79c0
db2e8f75-21ce-43ac-b936-fb7213faae86,69b0e5b9-3be2-4ec3-a9a6-bb5b523d4b32,da334c89-29ad-56a6-852b-1ab5940f21f6
db2e8f75-21ce-43ac-b936-fb7213faae86,69b0e5b9-3be2-4ec3-a9a6-bb5b523d4b32,2844c293-4fe7-51ad-8d83-09dcba7a6957
db2e8f75-21ce-43ac-b936-fb7213faae86,69b0e5b9-3be2-4ec3-a9a6-bb5b523d4b32,0691e1fe-8efe-41fa-9a0c-dae409285e7d
db2e8f75-21ce-43ac-b936-fb7213faae86,69b0e5b9-3be2-4ec3-a9a6-bb5b523d4b32,6d2f2bff-94e2-483c-a279-10fdd610c55f
db2e8f75-21ce-43ac-b936-fb7213faae86,69b0e5b9-3be2-4ec3-a9a6-bb5b523d4b32,5ccc13dd-c63c-4502-aa0d-786410b138cd
db2e8f75-21ce-43ac-b936-fb7213faae86,7d11b956-0014-43be-9a3e-f89e2b31ec4f,5ccc13dd-c63c-4502-aa0d-786410b138cd
db33e338-f50a-4c9f-b0b5-b02121f4088c,69b0e5b9-3be2-4ec3-a9a6-bb5b523d4b32,d88a5d55-9241-57a2-9dca-141a8db9b0bd
db33e338-f50a-4c9f-b0b5-b02121f4088c,69b0e5b9-3be2-4ec3-a9a6-bb5b523d4b32,64020387-eece-51b2-8225-0563ba4667a4
db33e338-f50a-4c9f-b0b5-b02121f4088c,69b0e5b9-3be2-4ec3-a9a6-bb5b523d4b32,77b568da-62e2-11ef-8000-bb3209de79c0
db33e338-f50a-4c9f-b0b5-b02121f4088c,69b0e5b9-3be2-4ec3-a9a6-bb5b523d4b32,da334c89-29ad-56a6-852b-1ab5940f21f6
db33e338-f50a-4c9f-b0b5-b02121f4088c,69b0e5b9-3be2-4ec3-a9a6-bb5b523d4b32,22ae428d-b383-52be-8d27-bd6eb3a62c90
db33e338-f50a-4c9f-b0b5-b02121f4088c,69b0e5b9-3be2-4ec3-a9a6-bb5b523d4b32,63ee151e-af0d-4dd7-a007-15706ba37820
db33e338-f50a-4c9f-b0b5-b02121f4088c,69b0e5b9-3be2-4ec3-a9a6-bb5b523d4b32,17b9a165-a969-4871-8a7d-2b9b6c7c6168
db33e338-f50a-4c9f-b0b5-b02121f4088c,7d11b956-0014-43be-9a3e-f89e2b31ec4f,17b9a165-a969-4871-8a7d-2b9b6c7c6168
db8916a6-ae5f-4a37-a816-ea813da7715d,69b0e5b9-3be2-4ec3-a9a6-bb5b523d4b32,23f041c3-638d-574b-a4e5-a6b077194c2f
db8916a6-ae5f-4a37-a816-ea813da7715d,69b0e5b9-3be2-4ec3-a9a6-bb5b523d4b32,c1d1eb9e-2dcd-5bdd-a0d8-4c5170a8cf96
db8916a6-ae5f-4a37-a816-ea813da7715d,69b0e5b9-3be2-4ec3-a9a6-bb5b523d4b32,77b56fbd-62e2-11ef-8000-bb3209de79c0
db8916a6-ae5f-4a37-a816-ea813da7715d,69b0e5b9-3be2-4ec3-a9a6-bb5b523d4b32,da334c89-29ad-56a6-852b-1ab5940f21f6
db8916a6-ae5f-4a37-a816-ea813da7715d,69b0e5b9-3be2-4ec3-a9a6-bb5b523d4b32,18efa468-2693-5750-961d-744e24022c93
db8916a6-ae5f-4a37-a816-ea813da7715d,69b0e5b9-3be2-4ec3-a9a6-bb5b523d4b32,187fa880-21ee-41b8-b365-b27cd1d2b8a0
db8916a6-ae5f-4a37-a816-ea813da7715d,69b0e5b9-3be2-4ec3-a9a6-bb5b523d4b32,bbdadac6-65c2-4a03-9f74-9784b916378e
db8916a6-ae5f-4a37-a816-ea813da7715d,7d11b956-0014-43be-9a3e-f89e2b31ec4f,bbdadac6-65c2-4a03-9f74-9784b916378e
dbd05348-f39d-46d8-aab6-ddd811a4a5fe,69b0e5b9-3be2-4ec3-a9a6-bb5b523d4b32,c37bb10c-96d3-5039-9612-6cd415ce6a23
dbd05348-f39d-46d8-aab6-ddd811a4a5fe,69b0e5b9-3be2-4ec3-a9a6-bb5b523d4b32,eb00eb9a-6cf0-11ef-8000-bb3209de79c0
dbd05348-f39d-46d8-aab6-ddd811a4a5fe,69b0e5b9-3be2-4ec3-a9a6-bb5b523d4b32,da334c89-29ad-56a6-852b-1ab5940f21f6
dbd05348-f39d-46d8-aab6-ddd811a4a5fe,69b0e5b9-3be2-4ec3-a9a6-bb5b523d4b32,c2d880b0-c4ca-5578-9f43-2581ea7e5b49
dbd05348-f39d-46d8-aab6-ddd811a4a5fe,69b0e5b9-3be2-4ec3-a9a6-bb5b523d4b32,df97bfed-4494-4041-ae94-bfc86d6c9118
dbd05348-f39d-46d8-aab6-ddd811a4a5fe,69b0e5b9-3be2-4ec3-a9a6-bb5b523d4b32,8bf1ea32-e1e8-4196-b346-88614525df2c
dbd05348-f39d-46d8-aab6-ddd811a4a5fe,69b0e5b9-3be2-4ec3-a9a6-bb5b523d4b32,7a1b2a2c-84b5-445e-a06c-fe8b06bc1fbf
dbd05348-f39d-46d8-aab6-ddd811a4a5fe,69b0e5b9-3be2-4ec3-a9a6-bb5b523d4b32,750120c8-1d4b-4fed-8908-ce14e30d3e15
dbd05348-f39d-46d8-aab6-ddd811a4a5fe,69b0e5b9-3be2-4ec3-a9a6-bb5b523d4b32,fcd7f192-b04e-4765-90cf-5cc4f6125619
dbd05348-f39d-46d8-aab6-ddd811a4a5fe,69b0e5b9-3be2-4ec3-a9a6-bb5b523d4b32,21b2b267-3956-491f-8276-a705b80b3831
dbd05348-f39d-46d8-aab6-ddd811a4a5fe,69b0e5b9-3be2-4ec3-a9a6-bb5b523d4b32,a980b931-9769-4975-847a-5d81405b213b
dbd05348-f39d-46d8-aab6-ddd811a4a5fe,8130458f-ae96-4ab3-89b9-21f06a2aac78,a980b931-9769-4975-847a-5d81405b213b
dca5a5b1-68ed-4600-b3f0-acb5652f1357,69b0e5b9-3be2-4ec3-a9a6-bb5b523d4b32,a445d29b-2ba7-5a46-8885-5a5d11680eba
dca5a5b1-68ed-4600-b3f0-acb5652f1357,69b0e5b9-3be2-4ec3-a9a6-bb5b523d4b32,eb6d0be4-6cf0-11ef-8000-bb3209de79c0
dca5a5b1-68ed-4600-b3f0-acb5652f1357,69b0e5b9-3be2-4ec3-a9a6-bb5b523d4b32,da334c89-29ad-56a6-852b-1ab5940f21f6
dca5a5b1-68ed-4600-b3f0-acb5652f1357,69b0e5b9-3be2-4ec3-a9a6-bb5b523d4b32,14004480-bc9b-11f0-8000-bb3209de79c0
dca5a5b1-68ed-4600-b3f0-acb5652f1357,69b0e5b9-3be2-4ec3-a9a6-bb5b523d4b32,21b2b267-3956-491f-8276-a705b80b3831
dca5a5b1-68ed-4600-b3f0-acb5652f1357,69b0e5b9-3be2-4ec3-a9a6-bb5b523d4b32,31c79380-d8c8-4304-bd35-6448e6378c41
dca5a5b1-68ed-4600-b3f0-acb5652f1357,69b0e5b9-3be2-4ec3-a9a6-bb5b523d4b32,6bb0b0b6-41cd-4bb3-a0e8-d483b25f6cf1
dca5a5b1-68ed-4600-b3f0-acb5652f1357,8130458f-ae96-4ab3-89b9-21f06a2aac78,6bb0b0b6-41cd-4bb3-a0e8-d483b25f6cf1
dd6a415c-8241-49ec-8e4c-6fc935f9bd11,69b0e5b9-3be2-4ec3-a9a6-bb5b523d4b32,c99d8861-1c48-5bde-96c3-c95dcb2419aa
dd6a415c-8241-49ec-8e4c-6fc935f9bd11,69b0e5b9-3be2-4ec3-a9a6-bb5b523d4b32,eb695dbe-6cf0-11ef-8000-bb3209de79c0
dd6a415c-8241-49ec-8e4c-6fc935f9bd11,69b0e5b9-3be2-4ec3-a9a6-bb5b523d4b32,da334c89-29ad-56a6-852b-1ab5940f21f6
dd6a415c-8241-49ec-8e4c-6fc935f9bd11,69b0e5b9-3be2-4ec3-a9a6-bb5b523d4b32,5dee5e02-a11b-5cae-8398-39faeacb09f8
dd6a415c-8241-49ec-8e4c-6fc935f9bd11,69b0e5b9-3be2-4ec3-a9a6-bb5b523d4b32,e28da3af-502f-4fd9-b421-80a739b9c775
dd6a415c-8241-49ec-8e4c-6fc935f9bd11,69b0e5b9-3be2-4ec3-a9a6-bb5b523d4b32,42170b95-f059-45d6-9f48-2faf19890285
dd6a415c-8241-49ec-8e4c-6fc935f9bd11,69b0e5b9-3be2-4ec3-a9a6-bb5b523d4b32,90b8f451-bdba-40e5-a7cc-446e6698c98e
dd6a415c-8241-49ec-8e4c-6fc935f9bd11,69b0e5b9-3be2-4ec3-a9a6-bb5b523d4b32,21b2b267-3956-491f-8276-a705b80b3831
dd6a415c-8241-49ec-8e4c-6fc935f9bd11,69b0e5b9-3be2-4ec3-a9a6-bb5b523d4b32,e27ebd3a-c77c-4e31-99a5-9c0b10565c07
dd6a415c-8241-49ec-8e4c-6fc935f9bd11,69b0e5b9-3be2-4ec3-a9a6-bb5b523d4b32,c6d71c41-dbe0-47e3-bcfa-542ed1ebc4ec
dd6a415c-8241-49ec-8e4c-6fc935f9bd11,69b0e5b9-3be2-4ec3-a9a6-bb5b523d4b32,081f7d92-5f5a-4ac4-9561-dc99f7dcec21
dd6a415c-8241-49ec-8e4c-6fc935f9bd11,69b0e5b9-3be2-4ec3-a9a6-bb5b523d4b32,abe0e2bd-0c04-4f86-88f7-977d71eb0bab
dd6a415c-8241-49ec-8e4c-6fc935f9bd11,69b0e5b9-3be2-4ec3-a9a6-bb5b523d4b32,b2471599-92bc-494d-8108-6be9895128a7
dd6a415c-8241-49ec-8e4c-6fc935f9bd11,8130458f-ae96-4ab3-89b9-21f06a2aac78,b2471599-92bc-494d-8108-6be9895128a7
df97bfed-4494-4041-ae94-bfc86d6c9118,69b0e5b9-3be2-4ec3-a9a6-bb5b523d4b32,a445d29b-2ba7-5a46-8885-5a5d11680eba
df97bfed-4494-4041-ae94-bfc86d6c9118,69b0e5b9-3be2-4ec3-a9a6-bb5b523d4b32,eae3f1d7-6cf0-11ef-8000-bb3209de79c0
df97bfed-4494-4041-ae94-bfc86d6c9118,69b0e5b9-3be2-4ec3-a9a6-bb5b523d4b32,da334c89-29ad-56a6-852b-1ab5940f21f6
df97bfed-4494-4041-ae94-bfc86d6c9118,69b0e5b9-3be2-4ec3-a9a6-bb5b523d4b32,8d9ad480-e997-11eb-8000-bb3209de79c0
df97bfed-4494-4041-ae94-bfc86d6c9118,69b0e5b9-3be2-4ec3-a9a6-bb5b523d4b32,21b2b267-3956-491f-8276-a705b80b3831
df97bfed-4494-4041-ae94-bfc86d6c9118,69b0e5b9-3be2-4ec3-a9a6-bb5b523d4b32,31c79380-d8c8-4304-bd35-6448e6378c41
df97bfed-4494-4041-ae94-bfc86d6c9118,69b0e5b9-3be2-4ec3-a9a6-bb5b523d4b32,6bb0b0b6-41cd-4bb3-a0e8-d483b25f6cf1
df97bfed-4494-4041-ae94-bfc86d6c9118,8130458f-ae96-4ab3-89b9-21f06a2aac78,6bb0b0b6-41cd-4bb3-a0e8-d483b25f6cf1
e27ebd3a-c77c-4e31-99a5-9c0b10565c07,69b0e5b9-3be2-4ec3-a9a6-bb5b523d4b32,5efa2f5e-5f8b-5e1c-93c6-77327c916e5f
e27ebd3a-c77c-4e31-99a5-9c0b10565c07,69b0e5b9-3be2-4ec3-a9a6-bb5b523d4b32,eb691db7-6cf0-11ef-8000-bb3209de79c0
e27ebd3a-c77c-4e31-99a5-9c0b10565c07,69b0e5b9-3be2-4ec3-a9a6-bb5b523d4b32,da334c89-29ad-56a6-852b-1ab5940f21f6
e27ebd3a-c77c-4e31-99a5-9c0b10565c07,69b0e5b9-3be2-4ec3-a9a6-bb5b523d4b32,d910e8a7-b29a-5ed2-854b-f15ad5cfc2a1
e27ebd3a-c77c-4e31-99a5-9c0b10565c07,69b0e5b9-3be2-4ec3-a9a6-bb5b523d4b32,e28da3af-502f-4fd9-b421-80a739b9c775
e27ebd3a-c77c-4e31-99a5-9c0b10565c07,69b0e5b9-3be2-4ec3-a9a6-bb5b523d4b32,42170b95-f059-45d6-9f48-2faf19890285
e27ebd3a-c77c-4e31-99a5-9c0b10565c07,69b0e5b9-3be2-4ec3-a9a6-bb5b523d4b32,7fd08eec-b03b-4245-8b77-4e8e2e92f347
e27ebd3a-c77c-4e31-99a5-9c0b10565c07,69b0e5b9-3be2-4ec3-a9a6-bb5b523d4b32,21b2b267-3956-491f-8276-a705b80b3831
e27ebd3a-c77c-4e31-99a5-9c0b10565c07,69b0e5b9-3be2-4ec3-a9a6-bb5b523d4b32,dd6a415c-8241-49ec-8e4c-6fc935f9bd11
e27ebd3a-c77c-4e31-99a5-9c0b10565c07,69b0e5b9-3be2-4ec3-a9a6-bb5b523d4b32,b4b7f338-7eed-46ce-81bf-35b6d53bdf81
e27ebd3a-c77c-4e31-99a5-9c0b10565c07,69b0e5b9-3be2-4ec3-a9a6-bb5b523d4b32,fcae9992-8838-447e-a530-5f63aab304b2
e27ebd3a-c77c-4e31-99a5-9c0b10565c07,8130458f-ae96-4ab3-89b9-21f06a2aac78,fcae9992-8838-447e-a530-5f63aab304b2
e28a9f4e-cfc7-4eb4-8058-9d5314414e5e,69b0e5b9-3be2-4ec3-a9a6-bb5b523d4b32,a445d29b-2ba7-5a46-8885-5a5d11680eba
e28a9f4e-cfc7-4eb4-8058-9d5314414e5e,69b0e5b9-3be2-4ec3-a9a6-bb5b523d4b32,eb285149-6cf0-11ef-8000-bb3209de79c0
e28a9f4e-cfc7-4eb4-8058-9d5314414e5e,69b0e5b9-3be2-4ec3-a9a6-bb5b523d4b32,da334c89-29ad-56a6-852b-1ab5940f21f6
e28a9f4e-cfc7-4eb4-8058-9d5314414e5e,69b0e5b9-3be2-4ec3-a9a6-bb5b523d4b32,5e376a00-d649-11ed-8000-bb3209de79c0
e28a9f4e-cfc7-4eb4-8058-9d5314414e5e,69b0e5b9-3be2-4ec3-a9a6-bb5b523d4b32,21b2b267-3956-491f-8276-a705b80b3831
e28a9f4e-cfc7-4eb4-8058-9d5314414e5e,69b0e5b9-3be2-4ec3-a9a6-bb5b523d4b32,31c79380-d8c8-4304-bd35-6448e6378c41
e28a9f4e-cfc7-4eb4-8058-9d5314414e5e,69b0e5b9-3be2-4ec3-a9a6-bb5b523d4b32,6bb0b0b6-41cd-4bb3-a0e8-d483b25f6cf1
e28a9f4e-cfc7-4eb4-8058-9d5314414e5e,8130458f-ae96-4ab3-89b9-21f06a2aac78,6bb0b0b6-41cd-4bb3-a0e8-d483b25f6cf1
e28da3af-502f-4fd9-b421-80a739b9c775,69b0e5b9-3be2-4ec3-a9a6-bb5b523d4b32,a445d29b-2ba7-5a46-8885-5a5d11680eba
e28da3af-502f-4fd9-b421-80a739b9c775,69b0e5b9-3be2-4ec3-a9a6-bb5b523d4b32,eb63a508-6cf0-11ef-8000-bb3209de79c0
e28da3af-502f-4fd9-b421-80a739b9c775,69b0e5b9-3be2-4ec3-a9a6-bb5b523d4b32,da334c89-29ad-56a6-852b-1ab5940f21f6
e28da3af-502f-4fd9-b421-80a739b9c775,69b0e5b9-3be2-4ec3-a9a6-bb5b523d4b32,17a68a00-467d-11ed-8000-bb3209de79c0
e28da3af-502f-4fd9-b421-80a739b9c775,69b0e5b9-3be2-4ec3-a9a6-bb5b523d4b32,21b2b267-3956-491f-8276-a705b80b3831
e28da3af-502f-4fd9-b421-80a739b9c775,69b0e5b9-3be2-4ec3-a9a6-bb5b523d4b32,31c79380-d8c8-4304-bd35-6448e6378c41
e28da3af-502f-4fd9-b421-80a739b9c775,69b0e5b9-3be2-4ec3-a9a6-bb5b523d4b32,6bb0b0b6-41cd-4bb3-a0e8-d483b25f6cf1
e28da3af-502f-4fd9-b421-80a739b9c775,8130458f-ae96-4ab3-89b9-21f06a2aac78,6bb0b0b6-41cd-4bb3-a0e8-d483b25f6cf1
e2d88b96-3bff-4bb9-99fb-d36a917d344b,69b0e5b9-3be2-4ec3-a9a6-bb5b523d4b32,6bf3f105-9764-51f5-96d3-e21be73b8822
e2d88b96-3bff-4bb9-99fb-d36a917d344b,69b0e5b9-3be2-4ec3-a9a6-bb5b523d4b32,1712d5d2-54e7-5fc7-b250-aa98b595040a
e2d88b96-3bff-4bb9-99fb-d36a917d344b,69b0e5b9-3be2-4ec3-a9a6-bb5b523d4b32,77b1fc0a-62e2-11ef-8000-bb3209de79c0
e2d88b96-3bff-4bb9-99fb-d36a917d344b,69b0e5b9-3be2-4ec3-a9a6-bb5b523d4b32,da334c89-29ad-56a6-852b-1ab5940f21f6
e2d88b96-3bff-4bb9-99fb-d36a917d344b,69b0e5b9-3be2-4ec3-a9a6-bb5b523d4b32,0c260145-921d-5fc8-b72d-69cde2d06277
e2d88b96-3bff-4bb9-99fb-d36a917d344b,69b0e5b9-3be2-4ec3-a9a6-bb5b523d4b32,338d45df-ba19-4abf-812e-2930d41e7bf7
e2d88b96-3bff-4bb9-99fb-d36a917d344b,69b0e5b9-3be2-4ec3-a9a6-bb5b523d4b32,b8563f4e-1751-40f8-b6e5-6c6019f0568b
e2d88b96-3bff-4bb9-99fb-d36a917d344b,69b0e5b9-3be2-4ec3-a9a6-bb5b523d4b32,b3b33e0d-bdb4-42f6-a39a-2b99e8e7163c
e2d88b96-3bff-4bb9-99fb-d36a917d344b,7d11b956-0014-43be-9a3e-f89e2b31ec4f,b3b33e0d-bdb4-42f6-a39a-2b99e8e7163c
e43e23d6-8c3f-47a4-8cff-2fa4acffde20,69b0e5b9-3be2-4ec3-a9a6-bb5b523d4b32,c37bb10c-96d3-5039-9612-6cd415ce6a23
e43e23d6-8c3f-47a4-8cff-2fa4acffde20,69b0e5b9-3be2-4ec3-a9a6-bb5b523d4b32,ead8ae14-6cf0-11ef-8000-bb3209de79c0
e43e23d6-8c3f-47a4-8cff-2fa4acffde20,69b0e5b9-3be2-4ec3-a9a6-bb5b523d4b32,da334c89-29ad-56a6-852b-1ab5940f21f6
e43e23d6-8c3f-47a4-8cff-2fa4acffde20,69b0e5b9-3be2-4ec3-a9a6-bb5b523d4b32,b0a81a2d-39cb-55a0-8ca9-1ec327d29a9d
e43e23d6-8c3f-47a4-8cff-2fa4acffde20,69b0e5b9-3be2-4ec3-a9a6-bb5b523d4b32,7beaf4a9-bbe3-4fd9-bfac-746d25703270
e43e23d6-8c3f-47a4-8cff-2fa4acffde20,69b0e5b9-3be2-4ec3-a9a6-bb5b523d4b32,48bc2f4e-fe5a-41d3-bc7c-5c4bc7c0cd91
e43e23d6-8c3f-47a4-8cff-2fa4acffde20,69b0e5b9-3be2-4ec3-a9a6-bb5b523d4b32,7a1b2a2c-84b5-445e-a06c-fe8b06bc1fbf
e43e23d6-8c3f-47a4-8cff-2fa4acffde20,69b0e5b9-3be2-4ec3-a9a6-bb5b523d4b32,750120c8-1d4b-4fed-8908-ce14e30d3e15
e43e23d6-8c3f-47a4-8cff-2fa4acffde20,69b0e5b9-3be2-4ec3-a9a6-bb5b523d4b32,fcd7f192-b04e-4765-90cf-5cc4f6125619
e43e23d6-8c3f-47a4-8cff-2fa4acffde20,69b0e5b9-3be2-4ec3-a9a6-bb5b523d4b32,21b2b267-3956-491f-8276-a705b80b3831
e43e23d6-8c3f-47a4-8cff-2fa4acffde20,69b0e5b9-3be2-4ec3-a9a6-bb5b523d4b32,a980b931-9769-4975-847a-5d81405b213b
e43e23d6-8c3f-47a4-8cff-2fa4acffde20,8130458f-ae96-4ab3-89b9-21f06a2aac78,a980b931-9769-4975-847a-5d81405b213b
e54fe4d9-56c9-4bf7-a629-66c7af9b36cf,69b0e5b9-3be2-4ec3-a9a6-bb5b523d4b32,5f9589c3-555e-588b-9761-5b468ad3838d
e54fe4d9-56c9-4bf7-a629-66c7af9b36cf,69b0e5b9-3be2-4ec3-a9a6-bb5b523d4b32,ea8cc28b-6cf0-11ef-8000-bb3209de79c0
e54fe4d9-56c9-4bf7-a629-66c7af9b36cf,69b0e5b9-3be2-4ec3-a9a6-bb5b523d4b32,da334c89-29ad-56a6-852b-1ab5940f21f6
e54fe4d9-56c9-4bf7-a629-66c7af9b36cf,69b0e5b9-3be2-4ec3-a9a6-bb5b523d4b32,c1879cf1-2fb2-5a24-a95c-218232b53e15
e54fe4d9-56c9-4bf7-a629-66c7af9b36cf,69b0e5b9-3be2-4ec3-a9a6-bb5b523d4b32,a080c348-e46b-4597-80f5-633e93daac4e
e54fe4d9-56c9-4bf7-a629-66c7af9b36cf,69b0e5b9-3be2-4ec3-a9a6-bb5b523d4b32,c8a8cf7b-0d08-431a-b880-6178102d5339
e54fe4d9-56c9-4bf7-a629-66c7af9b36cf,69b0e5b9-3be2-4ec3-a9a6-bb5b523d4b32,b818e531-faa1-484a-9fd6-4a603e383e2a
e54fe4d9-56c9-4bf7-a629-66c7af9b36cf,69b0e5b9-3be2-4ec3-a9a6-bb5b523d4b32,23f80012-4aca-485f-a307-eaefd31fee56
e54fe4d9-56c9-4bf7-a629-66c7af9b36cf,69b0e5b9-3be2-4ec3-a9a6-bb5b523d4b32,21b2b267-3956-491f-8276-a705b80b3831
e54fe4d9-56c9-4bf7-a629-66c7af9b36cf,69b0e5b9-3be2-4ec3-a9a6-bb5b523d4b32,7e181b8d-0aed-46ee-928e-b08d60d0ed58
e54fe4d9-56c9-4bf7-a629-66c7af9b36cf,69b0e5b9-3be2-4ec3-a9a6-bb5b523d4b32,130e95f1-ebc4-46f1-90ba-3f9fa21cb77b
e54fe4d9-56c9-4bf7-a629-66c7af9b36cf,8130458f-ae96-4ab3-89b9-21f06a2aac78,130e95f1-ebc4-46f1-90ba-3f9fa21cb77b
e6b0b06d-7f1b-4bbb-be2c-3f8ca5703dde,69b0e5b9-3be2-4ec3-a9a6-bb5b523d4b32,c8fd011e-1c18-5fc9-93d9-08af2a6fd210
e6b0b06d-7f1b-4bbb-be2c-3f8ca5703dde,69b0e5b9-3be2-4ec3-a9a6-bb5b523d4b32,eb91f07e-6cf0-11ef-8000-bb3209de79c0
e6b0b06d-7f1b-4bbb-be2c-3f8ca5703dde,69b0e5b9-3be2-4ec3-a9a6-bb5b523d4b32,da334c89-29ad-56a6-852b-1ab5940f21f6
e6b0b06d-7f1b-4bbb-be2c-3f8ca5703dde,69b0e5b9-3be2-4ec3-a9a6-bb5b523d4b32,0e5a9700-d4d8-5a5e-a658-888bcd23d289
e6b0b06d-7f1b-4bbb-be2c-3f8ca5703dde,69b0e5b9-3be2-4ec3-a9a6-bb5b523d4b32,e28a9f4e-cfc7-4eb4-8058-9d5314414e5e
e6b0b06d-7f1b-4bbb-be2c-3f8ca5703dde,69b0e5b9-3be2-4ec3-a9a6-bb5b523d4b32,5f72e550-6f46-4bd1-a25c-a9b18a8cbb42
e6b0b06d-7f1b-4bbb-be2c-3f8ca5703dde,69b0e5b9-3be2-4ec3-a9a6-bb5b523d4b32,6376fb84-847c-46b5-a782-2fc1e4e29e83
e6b0b06d-7f1b-4bbb-be2c-3f8ca5703dde,69b0e5b9-3be2-4ec3-a9a6-bb5b523d4b32,21b2b267-3956-491f-8276-a705b80b3831
e6b0b06d-7f1b-4bbb-be2c-3f8ca5703dde,69b0e5b9-3be2-4ec3-a9a6-bb5b523d4b32,bdbd9e01-c18a-4a39-85cb-8c5d228f9d25
e6b0b06d-7f1b-4bbb-be2c-3f8ca5703dde,69b0e5b9-3be2-4ec3-a9a6-bb5b523d4b32,fcdafc67-7cf4-44d6-a0b6-408886e33d4c
e6b0b06d-7f1b-4bbb-be2c-3f8ca5703dde,69b0e5b9-3be2-4ec3-a9a6-bb5b523d4b32,07d5cfb9-1dc5-41ca-bd9c-a298a16e6767
e6b0b06d-7f1b-4bbb-be2c-3f8ca5703dde,8130458f-ae96-4ab3-89b9-21f06a2aac78,07d5cfb9-1dc5-41ca-bd9c-a298a16e6767
e795fe3e-8c36-4241-b8c2-489f5f3c37e2,69b0e5b9-3be2-4ec3-a9a6-bb5b523d4b32,23f041c3-638d-574b-a4e5-a6b077194c2f
e795fe3e-8c36-4241-b8c2-489f5f3c37e2,69b0e5b9-3be2-4ec3-a9a6-bb5b523d4b32,0ecae428-b7e0-5db5-a0aa-3e4c60540beb
e795fe3e-8c36-4241-b8c2-489f5f3c37e2,69b0e5b9-3be2-4ec3-a9a6-bb5b523d4b32,332f8db6-c031-4bc0-ae9b-5ba2d6f65af1
e795fe3e-8c36-4241-b8c2-489f5f3c37e2,69b0e5b9-3be2-4ec3-a9a6-bb5b523d4b32,9aa96187-b66b-4730-a110-d06287e3680a
e795fe3e-8c36-4241-b8c2-489f5f3c37e2,69b0e5b9-3be2-4ec3-a9a6-bb5b523d4b32,c39b6637-1ae4-44ef-9838-13cb31a323ec
e795fe3e-8c36-4241-b8c2-489f5f3c37e2,69b0e5b9-3be2-4ec3-a9a6-bb5b523d4b32,bbdadac6-65c2-4a03-9f74-9784b916378e
e795fe3e-8c36-4241-b8c2-489f5f3c37e2,7d11b956-0014-43be-9a3e-f89e2b31ec4f,bbdadac6-65c2-4a03-9f74-9784b916378e
e7a9d64d-310e-4824-b1e2-633acf2a388f,69b0e5b9-3be2-4ec3-a9a6-bb5b523d4b32,c37bb10c-96d3-5039-9612-6cd415ce6a23
e7a9d64d-310e-4824-b1e2-633acf2a388f,69b0e5b9-3be2-4ec3-a9a6-bb5b523d4b32,eb0c96ca-6cf0-11ef-8000-bb3209de79c0
e7a9d64d-310e-4824-b1e2-633acf2a388f,69b0e5b9-3be2-4ec3-a9a6-bb5b523d4b32,da334c89-29ad-56a6-852b-1ab5940f21f6
e7a9d64d-310e-4824-b1e2-633acf2a388f,69b0e5b9-3be2-4ec3-a9a6-bb5b523d4b32,1d03e1ec-43a9-5187-b76f-6f9add1d12e4
e7a9d64d-310e-4824-b1e2-633acf2a388f,69b0e5b9-3be2-4ec3-a9a6-bb5b523d4b32,df97bfed-4494-4041-ae94-bfc86d6c9118
e7a9d64d-310e-4824-b1e2-633acf2a388f,69b0e5b9-3be2-4ec3-a9a6-bb5b523d4b32,8bf1ea32-e1e8-4196-b346-88614525df2c
e7a9d64d-310e-4824-b1e2-633acf2a388f,69b0e5b9-3be2-4ec3-a9a6-bb5b523d4b32,7a1b2a2c-84b5-445e-a06c-fe8b06bc1fbf
e7a9d64d-310e-4824-b1e2-633acf2a388f,69b0e5b9-3be2-4ec3-a9a6-bb5b523d4b32,750120c8-1d4b-4fed-8908-ce14e30d3e15
e7a9d64d-310e-4824-b1e2-633acf2a388f,69b0e5b9-3be2-4ec3-a9a6-bb5b523d4b32,fcd7f192-b04e-4765-90cf-5cc4f6125619
e7a9d64d-310e-4824-b1e2-633acf2a388f,69b0e5b9-3be2-4ec3-a9a6-bb5b523d4b32,21b2b267-3956-491f-8276-a705b80b3831
e7a9d64d-310e-4824-b1e2-633acf2a388f,69b0e5b9-3be2-4ec3-a9a6-bb5b523d4b32,a980b931-9769-4975-847a-5d81405b213b
e7a9d64d-310e-4824-b1e2-633acf2a388f,8130458f-ae96-4ab3-89b9-21f06a2aac78,a980b931-9769-4975-847a-5d81405b213b
e7c2e018-d199-4aaa-bc91-9f5cac780cb0,69b0e5b9-3be2-4ec3-a9a6-bb5b523d4b32,c37bb10c-96d3-5039-9612-6cd415ce6a23
e7c2e018-d199-4aaa-bc91-9f5cac780cb0,69b0e5b9-3be2-4ec3-a9a6-bb5b523d4b32,eb05e8c5-6cf0-11ef-8000-bb3209de79c0
e7c2e018-d199-4aaa-bc91-9f5cac780cb0,69b0e5b9-3be2-4ec3-a9a6-bb5b523d4b32,da334c89-29ad-56a6-852b-1ab5940f21f6
e7c2e018-d199-4aaa-bc91-9f5cac780cb0,69b0e5b9-3be2-4ec3-a9a6-bb5b523d4b32,06c99bfe-2825-500a-b29c-ed8993057cef
e7c2e018-d199-4aaa-bc91-9f5cac780cb0,69b0e5b9-3be2-4ec3-a9a6-bb5b523d4b32,df97bfed-4494-4041-ae94-bfc86d6c9118
e7c2e018-d199-4aaa-bc91-9f5cac780cb0,69b0e5b9-3be2-4ec3-a9a6-bb5b523d4b32,8bf1ea32-e1e8-4196-b346-88614525df2c
e7c2e018-d199-4aaa-bc91-9f5cac780cb0,69b0e5b9-3be2-4ec3-a9a6-bb5b523d4b32,7a1b2a2c-84b5-445e-a06c-fe8b06bc1fbf
e7c2e018-d199-4aaa-bc91-9f5cac780cb0,69b0e5b9-3be2-4ec3-a9a6-bb5b523d4b32,750120c8-1d4b-4fed-8908-ce14e30d3e15
e7c2e018-d199-4aaa-bc91-9f5cac780cb0,69b0e5b9-3be2-4ec3-a9a6-bb5b523d4b32,fcd7f192-b04e-4765-90cf-5cc4f6125619
e7c2e018-d199-4aaa-bc91-9f5cac780cb0,69b0e5b9-3be2-4ec3-a9a6-bb5b523d4b32,21b2b267-3956-491f-8276-a705b80b3831
e7c2e018-d199-4aaa-bc91-9f5cac780cb0,69b0e5b9-3be2-4ec3-a9a6-bb5b523d4b32,a980b931-9769-4975-847a-5d81405b213b
e7c2e018-d199-4aaa-bc91-9f5cac780cb0,8130458f-ae96-4ab3-89b9-21f06a2aac78,a980b931-9769-4975-847a-5d81405b213b
eb205942-d2a9-4582-8f24-1f3b19033008,69b0e5b9-3be2-4ec3-a9a6-bb5b523d4b32,5efa2f5e-5f8b-5e1c-93c6-77327c916e5f
eb205942-d2a9-4582-8f24-1f3b19033008,69b0e5b9-3be2-4ec3-a9a6-bb5b523d4b32,eb80366a-6cf0-11ef-8000-bb3209de79c0
eb205942-d2a9-4582-8f24-1f3b19033008,69b0e5b9-3be2-4ec3-a9a6-bb5b523d4b32,da334c89-29ad-56a6-852b-1ab5940f21f6
eb205942-d2a9-4582-8f24-1f3b19033008,69b0e5b9-3be2-4ec3-a9a6-bb5b523d4b32,791b8f82-bad5-5628-b256-a2341de2d347
eb205942-d2a9-4582-8f24-1f3b19033008,69b0e5b9-3be2-4ec3-a9a6-bb5b523d4b32,4ec897fb-cc41-450f-8521-0a43e6db40a6
eb205942-d2a9-4582-8f24-1f3b19033008,69b0e5b9-3be2-4ec3-a9a6-bb5b523d4b32,01e734f7-3c78-409e-9049-a1a706f66685
eb205942-d2a9-4582-8f24-1f3b19033008,69b0e5b9-3be2-4ec3-a9a6-bb5b523d4b32,3e1ea4e4-bd2e-4624-bcf5-35d345b2c64b
eb205942-d2a9-4582-8f24-1f3b19033008,69b0e5b9-3be2-4ec3-a9a6-bb5b523d4b32,21b2b267-3956-491f-8276-a705b80b3831
eb205942-d2a9-4582-8f24-1f3b19033008,69b0e5b9-3be2-4ec3-a9a6-bb5b523d4b32,25017629-9e9e-4ae4-98ef-9e579ff5f69e
eb205942-d2a9-4582-8f24-1f3b19033008,69b0e5b9-3be2-4ec3-a9a6-bb5b523d4b32,b4b7f338-7eed-46ce-81bf-35b6d53bdf81
eb205942-d2a9-4582-8f24-1f3b19033008,69b0e5b9-3be2-4ec3-a9a6-bb5b523d4b32,fcae9992-8838-447e-a530-5f63aab304b2
eb205942-d2a9-4582-8f24-1f3b19033008,8130458f-ae96-4ab3-89b9-21f06a2aac78,fcae9992-8838-447e-a530-5f63aab304b2
ed3af5ca-0f74-4794-bda3-abd64300b1ca,69b0e5b9-3be2-4ec3-a9a6-bb5b523d4b32,85150212-a4ca-5b7f-93e5-befb0f9b7a58
ed3af5ca-0f74-4794-bda3-abd64300b1ca,69b0e5b9-3be2-4ec3-a9a6-bb5b523d4b32,eb497cb4-6cf0-11ef-8000-bb3209de79c0
ed3af5ca-0f74-4794-bda3-abd64300b1ca,69b0e5b9-3be2-4ec3-a9a6-bb5b523d4b32,da334c89-29ad-56a6-852b-1ab5940f21f6
ed3af5ca-0f74-4794-bda3-abd64300b1ca,69b0e5b9-3be2-4ec3-a9a6-bb5b523d4b32,f5dc30c0-5e3e-55d5-8a7d-9638ff1a4e51
ed3af5ca-0f74-4794-bda3-abd64300b1ca,69b0e5b9-3be2-4ec3-a9a6-bb5b523d4b32,94980575-029e-4997-a325-dd0e9ca1f442
ed3af5ca-0f74-4794-bda3-abd64300b1ca,69b0e5b9-3be2-4ec3-a9a6-bb5b523d4b32,396dbeb1-d478-4bb4-9b4c-295912158f48
ed3af5ca-0f74-4794-bda3-abd64300b1ca,69b0e5b9-3be2-4ec3-a9a6-bb5b523d4b32,ad27f18d-99e2-4402-8803-4825e4a439c6
ed3af5ca-0f74-4794-bda3-abd64300b1ca,69b0e5b9-3be2-4ec3-a9a6-bb5b523d4b32,21b2b267-3956-491f-8276-a705b80b3831
ed3af5ca-0f74-4794-bda3-abd64300b1ca,69b0e5b9-3be2-4ec3-a9a6-bb5b523d4b32,15d081f0-e663-4b09-b2e1-3f068043f60e
ed3af5ca-0f74-4794-bda3-abd64300b1ca,69b0e5b9-3be2-4ec3-a9a6-bb5b523d4b32,6304459d-bf6f-4e0d-90ed-ecfcf7c458e0
ed3af5ca-0f74-4794-bda3-abd64300b1ca,69b0e5b9-3be2-4ec3-a9a6-bb5b523d4b32,63ee151e-af0d-4dd7-a007-15706ba37820
ed3af5ca-0f74-4794-bda3-abd64300b1ca,69b0e5b9-3be2-4ec3-a9a6-bb5b523d4b32,3603c6e0-605b-48a0-ad84-47c17d98bf6b
ed3af5ca-0f74-4794-bda3-abd64300b1ca,8130458f-ae96-4ab3-89b9-21f06a2aac78,3603c6e0-605b-48a0-ad84-47c17d98bf6b
ed7e59d3-b201-46b5-b80c-2451d6a1f1b5,69b0e5b9-3be2-4ec3-a9a6-bb5b523d4b32,c37bb10c-96d3-5039-9612-6cd415ce6a23
ed7e59d3-b201-46b5-b80c-2451d6a1f1b5,69b0e5b9-3be2-4ec3-a9a6-bb5b523d4b32,eb2410e3-6cf0-11ef-8000-bb3209de79c0
ed7e59d3-b201-46b5-b80c-2451d6a1f1b5,69b0e5b9-3be2-4ec3-a9a6-bb5b523d4b32,da334c89-29ad-56a6-852b-1ab5940f21f6
ed7e59d3-b201-46b5-b80c-2451d6a1f1b5,69b0e5b9-3be2-4ec3-a9a6-bb5b523d4b32,b20df521-1ea4-548e-8d4e-b151586897a6
ed7e59d3-b201-46b5-b80c-2451d6a1f1b5,69b0e5b9-3be2-4ec3-a9a6-bb5b523d4b32,df97bfed-4494-4041-ae94-bfc86d6c9118
ed7e59d3-b201-46b5-b80c-2451d6a1f1b5,69b0e5b9-3be2-4ec3-a9a6-bb5b523d4b32,8bf1ea32-e1e8-4196-b346-88614525df2c
ed7e59d3-b201-46b5-b80c-2451d6a1f1b5,69b0e5b9-3be2-4ec3-a9a6-bb5b523d4b32,7a1b2a2c-84b5-445e-a06c-fe8b06bc1fbf
ed7e59d3-b201-46b5-b80c-2451d6a1f1b5,69b0e5b9-3be2-4ec3-a9a6-bb5b523d4b32,750120c8-1d4b-4fed-8908-ce14e30d3e15
ed7e59d3-b201-46b5-b80c-2451d6a1f1b5,69b0e5b9-3be2-4ec3-a9a6-bb5b523d4b32,fcd7f192-b04e-4765-90cf-5cc4f6125619
ed7e59d3-b201-46b5-b80c-2451d6a1f1b5,69b0e5b9-3be2-4ec3-a9a6-bb5b523d4b32,21b2b267-3956-491f-8276-a705b80b3831
ed7e59d3-b201-46b5-b80c-2451d6a1f1b5,69b0e5b9-3be2-4ec3-a9a6-bb5b523d4b32,a980b931-9769-4975-847a-5d81405b213b
ed7e59d3-b201-46b5-b80c-2451d6a1f1b5,8130458f-ae96-4ab3-89b9-21f06a2aac78,a980b931-9769-4975-847a-5d81405b213b
f0bb3398-a594-438e-9689-b9033fc987f9,69b0e5b9-3be2-4ec3-a9a6-bb5b523d4b32,c99d8861-1c48-5bde-96c3-c95dcb2419aa
f0bb3398-a594-438e-9689-b9033fc987f9,69b0e5b9-3be2-4ec3-a9a6-bb5b523d4b32,eb6f0e2f-6cf0-11ef-8000-bb3209de79c0
f0bb3398-a594-438e-9689-b9033fc987f9,69b0e5b9-3be2-4ec3-a9a6-bb5b523d4b32,da334c89-29ad-56a6-852b-1ab5940f21f6
f0bb3398-a594-438e-9689-b9033fc987f9,69b0e5b9-3be2-4ec3-a9a6-bb5b523d4b32,ea6b8b40-371c-5b91-bf1c-5996321061a6
f0bb3398-a594-438e-9689-b9033fc987f9,69b0e5b9-3be2-4ec3-a9a6-bb5b523d4b32,769bd0c3-9b4c-4723-8cd8-b8c0bd4d7264
f0bb3398-a594-438e-9689-b9033fc987f9,69b0e5b9-3be2-4ec3-a9a6-bb5b523d4b32,dca5a5b1-68ed-4600-b3f0-acb5652f1357
f0bb3398-a594-438e-9689-b9033fc987f9,69b0e5b9-3be2-4ec3-a9a6-bb5b523d4b32,90b8f451-bdba-40e5-a7cc-446e6698c98e
f0bb3398-a594-438e-9689-b9033fc987f9,69b0e5b9-3be2-4ec3-a9a6-bb5b523d4b32,21b2b267-3956-491f-8276-a705b80b3831
f0bb3398-a594-438e-9689-b9033fc987f9,69b0e5b9-3be2-4ec3-a9a6-bb5b523d4b32,5ae35f95-51d6-4b79-9880-21b220353324
f0bb3398-a594-438e-9689-b9033fc987f9,69b0e5b9-3be2-4ec3-a9a6-bb5b523d4b32,cc72cb09-1b9c-4436-afd7-4bcba3cddf02
f0bb3398-a594-438e-9689-b9033fc987f9,69b0e5b9-3be2-4ec3-a9a6-bb5b523d4b32,081f7d92-5f5a-4ac4-9561-dc99f7dcec21
f0bb3398-a594-438e-9689-b9033fc987f9,69b0e5b9-3be2-4ec3-a9a6-bb5b523d4b32,2d3a2122-88e0-469f-ba5a-99ab275e7365
f0bb3398-a594-438e-9689-b9033fc987f9,69b0e5b9-3be2-4ec3-a9a6-bb5b523d4b32,b2471599-92bc-494d-8108-6be9895128a7
f0bb3398-a594-438e-9689-b9033fc987f9,8130458f-ae96-4ab3-89b9-21f06a2aac78,b2471599-92bc-494d-8108-6be9895128a7
f1a3d7d1-e652-4ecb-ba6c-d346b5de260d,69b0e5b9-3be2-4ec3-a9a6-bb5b523d4b32,c37bb10c-96d3-5039-9612-6cd415ce6a23
f1a3d7d1-e652-4ecb-ba6c-d346b5de260d,69b0e5b9-3be2-4ec3-a9a6-bb5b523d4b32,eade52c9-6cf0-11ef-8000-bb3209de79c0
f1a3d7d1-e652-4ecb-ba6c-d346b5de260d,69b0e5b9-3be2-4ec3-a9a6-bb5b523d4b32,da334c89-29ad-56a6-852b-1ab5940f21f6
f1a3d7d1-e652-4ecb-ba6c-d346b5de260d,69b0e5b9-3be2-4ec3-a9a6-bb5b523d4b32,b7cf2575-a593-5824-b9ab-f8716fb83074
f1a3d7d1-e652-4ecb-ba6c-d346b5de260d,69b0e5b9-3be2-4ec3-a9a6-bb5b523d4b32,7beaf4a9-bbe3-4fd9-bfac-746d25703270
f1a3d7d1-e652-4ecb-ba6c-d346b5de260d,69b0e5b9-3be2-4ec3-a9a6-bb5b523d4b32,48bc2f4e-fe5a-41d3-bc7c-5c4bc7c0cd91
f1a3d7d1-e652-4ecb-ba6c-d346b5de260d,69b0e5b9-3be2-4ec3-a9a6-bb5b523d4b32,7a1b2a2c-84b5-445e-a06c-fe8b06bc1fbf
f1a3d7d1-e652-4ecb-ba6c-d346b5de260d,69b0e5b9-3be2-4ec3-a9a6-bb5b523d4b32,750120c8-1d4b-4fed-8908-ce14e30d3e15
f1a3d7d1-e652-4ecb-ba6c-d346b5de260d,69b0e5b9-3be2-4ec3-a9a6-bb5b523d4b32,fcd7f192-b04e-4765-90cf-5cc4f6125619
f1a3d7d1-e652-4ecb-ba6c-d346b5de260d,69b0e5b9-3be2-4ec3-a9a6-bb5b523d4b32,21b2b267-3956-491f-8276-a705b80b3831
f1a3d7d1-e652-4ecb-ba6c-d346b5de260d,69b0e5b9-3be2-4ec3-a9a6-bb5b523d4b32,a980b931-9769-4975-847a-5d81405b213b
f1a3d7d1-e652-4ecb-ba6c-d346b5de260d,8130458f-ae96-4ab3-89b9-21f06a2aac78,a980b931-9769-4975-847a-5d81405b213b
f2fa28ac-1aef-4b86-9a27-8ba4ad802e60,69b0e5b9-3be2-4ec3-a9a6-bb5b523d4b32,23f041c3-638d-574b-a4e5-a6b077194c2f
f2fa28ac-1aef-4b86-9a27-8ba4ad802e60,69b0e5b9-3be2-4ec3-a9a6-bb5b523d4b32,b4fcaeb4-3a4b-5e2c-94ac-d8a16a791196
f2fa28ac-1aef-4b86-9a27-8ba4ad802e60,69b0e5b9-3be2-4ec3-a9a6-bb5b523d4b32,77b1fe14-62e2-11ef-8000-bb3209de79c0
f2fa28ac-1aef-4b86-9a27-8ba4ad802e60,69b0e5b9-3be2-4ec3-a9a6-bb5b523d4b32,da334c89-29ad-56a6-852b-1ab5940f21f6
f2fa28ac-1aef-4b86-9a27-8ba4ad802e60,69b0e5b9-3be2-4ec3-a9a6-bb5b523d4b32,ed036982-e854-5a7f-9c92-66bbd4fe48bd
f2fa28ac-1aef-4b86-9a27-8ba4ad802e60,69b0e5b9-3be2-4ec3-a9a6-bb5b523d4b32,bbdadac6-65c2-4a03-9f74-9784b916378e
f2fa28ac-1aef-4b86-9a27-8ba4ad802e60,7d11b956-0014-43be-9a3e-f89e2b31ec4f,bbdadac6-65c2-4a03-9f74-9784b916378e
f49c69b1-9a28-492e-99d4-bc861c1f4a38,69b0e5b9-3be2-4ec3-a9a6-bb5b523d4b32,a38a618d-86f2-52ee-abf2-03feefe10c7d
f49c69b1-9a28-492e-99d4-bc861c1f4a38,69b0e5b9-3be2-4ec3-a9a6-bb5b523d4b32,eb5102c0-6cf0-11ef-8000-bb3209de79c0
f49c69b1-9a28-492e-99d4-bc861c1f4a38,69b0e5b9-3be2-4ec3-a9a6-bb5b523d4b32,da334c89-29ad-56a6-852b-1ab5940f21f6
f49c69b1-9a28-492e-99d4-bc861c1f4a38,69b0e5b9-3be2-4ec3-a9a6-bb5b523d4b32,eff79e18-bc56-52da-be11-00e829493968
f49c69b1-9a28-492e-99d4-bc861c1f4a38,69b0e5b9-3be2-4ec3-a9a6-bb5b523d4b32,b11ad57f-e2a3-4d0a-b2ff-01c2e2e46f47
f49c69b1-9a28-492e-99d4-bc861c1f4a38,69b0e5b9-3be2-4ec3-a9a6-bb5b523d4b32,396dbeb1-d478-4bb4-9b4c-295912158f48
f49c69b1-9a28-492e-99d4-bc861c1f4a38,69b0e5b9-3be2-4ec3-a9a6-bb5b523d4b32,f7406282-1a0b-4ad6-8d04-10d504fd9851
f49c69b1-9a28-492e-99d4-bc861c1f4a38,69b0e5b9-3be2-4ec3-a9a6-bb5b523d4b32,21b2b267-3956-491f-8276-a705b80b3831
f49c69b1-9a28-492e-99d4-bc861c1f4a38,69b0e5b9-3be2-4ec3-a9a6-bb5b523d4b32,5b0e6f24-79ce-42b0-8d26-e1855228af24
f49c69b1-9a28-492e-99d4-bc861c1f4a38,69b0e5b9-3be2-4ec3-a9a6-bb5b523d4b32,9704d53d-8560-4569-9f37-8182baab988c
f49c69b1-9a28-492e-99d4-bc861c1f4a38,69b0e5b9-3be2-4ec3-a9a6-bb5b523d4b32,d33ae209-e7ba-4c1a-aa54-de862810c1cd
f49c69b1-9a28-492e-99d4-bc861c1f4a38,69b0e5b9-3be2-4ec3-a9a6-bb5b523d4b32,f9d69eb8-9ab7-44da-b9d0-8256de2b4497
f49c69b1-9a28-492e-99d4-bc861c1f4a38,8130458f-ae96-4ab3-89b9-21f06a2aac78,f9d69eb8-9ab7-44da-b9d0-8256de2b4497
f4e814aa-3d8d-4185-950f-2629f2e309fb,69b0e5b9-3be2-4ec3-a9a6-bb5b523d4b32,c37bb10c-96d3-5039-9612-6cd415ce6a23
f4e814aa-3d8d-4185-950f-2629f2e309fb,69b0e5b9-3be2-4ec3-a9a6-bb5b523d4b32,eb0fc3e8-6cf0-11ef-8000-bb3209de79c0
f4e814aa-3d8d-4185-950f-2629f2e309fb,69b0e5b9-3be2-4ec3-a9a6-bb5b523d4b32,da334c89-29ad-56a6-852b-1ab5940f21f6
f4e814aa-3d8d-4185-950f-2629f2e309fb,69b0e5b9-3be2-4ec3-a9a6-bb5b523d4b32,8ef0b042-5043-5a67-ba71-1d63ed236117
f4e814aa-3d8d-4185-950f-2629f2e309fb,69b0e5b9-3be2-4ec3-a9a6-bb5b523d4b32,df97bfed-4494-4041-ae94-bfc86d6c9118
f4e814aa-3d8d-4185-950f-2629f2e309fb,69b0e5b9-3be2-4ec3-a9a6-bb5b523d4b32,8bf1ea32-e1e8-4196-b346-88614525df2c
f4e814aa-3d8d-4185-950f-2629f2e309fb,69b0e5b9-3be2-4ec3-a9a6-bb5b523d4b32,7a1b2a2c-84b5-445e-a06c-fe8b06bc1fbf
f4e814aa-3d8d-4185-950f-2629f2e309fb,69b0e5b9-3be2-4ec3-a9a6-bb5b523d4b32,750120c8-1d4b-4fed-8908-ce14e30d3e15
f4e814aa-3d8d-4185-950f-2629f2e309fb,69b0e5b9-3be2-4ec3-a9a6-bb5b523d4b32,fcd7f192-b04e-4765-90cf-5cc4f6125619
f4e814aa-3d8d-4185-950f-2629f2e309fb,69b0e5b9-3be2-4ec3-a9a6-bb5b523d4b32,21b2b267-3956-491f-8276-a705b80b3831
f4e814aa-3d8d-4185-950f-2629f2e309fb,69b0e5b9-3be2-4ec3-a9a6-bb5b523d4b32,a980b931-9769-4975-847a-5d81405b213b
f4e814aa-3d8d-4185-950f-2629f2e309fb,8130458f-ae96-4ab3-89b9-21f06a2aac78,a980b931-9769-4975-847a-5d81405b213b
f58623b7-b184-4ff3-8d2e-5d6ad4c5697b,69b0e5b9-3be2-4ec3-a9a6-bb5b523d4b32,c37bb10c-96d3-5039-9612-6cd415ce6a23
f58623b7-b184-4ff3-8d2e-5d6ad4c5697b,69b0e5b9-3be2-4ec3-a9a6-bb5b523d4b32,eac48ba5-6cf0-11ef-8000-bb3209de79c0
f58623b7-b184-4ff3-8d2e-5d6ad4c5697b,69b0e5b9-3be2-4ec3-a9a6-bb5b523d4b32,da334c89-29ad-56a6-852b-1ab5940f21f6
f58623b7-b184-4ff3-8d2e-5d6ad4c5697b,69b0e5b9-3be2-4ec3-a9a6-bb5b523d4b32,cd6a102d-9181-58e6-9bdd-017accb10113
f58623b7-b184-4ff3-8d2e-5d6ad4c5697b,69b0e5b9-3be2-4ec3-a9a6-bb5b523d4b32,7beaf4a9-bbe3-4fd9-bfac-746d25703270
f58623b7-b184-4ff3-8d2e-5d6ad4c5697b,69b0e5b9-3be2-4ec3-a9a6-bb5b523d4b32,48bc2f4e-fe5a-41d3-bc7c-5c4bc7c0cd91
f58623b7-b184-4ff3-8d2e-5d6ad4c5697b,69b0e5b9-3be2-4ec3-a9a6-bb5b523d4b32,7a1b2a2c-84b5-445e-a06c-fe8b06bc1fbf
f58623b7-b184-4ff3-8d2e-5d6ad4c5697b,69b0e5b9-3be2-4ec3-a9a6-bb5b523d4b32,750120c8-1d4b-4fed-8908-ce14e30d3e15
f58623b7-b184-4ff3-8d2e-5d6ad4c5697b,69b0e5b9-3be2-4ec3-a9a6-bb5b523d4b32,fcd7f192-b04e-4765-90cf-5cc4f6125619
f58623b7-b184-4ff3-8d2e-5d6ad4c5697b,69b0e5b9-3be2-4ec3-a9a6-bb5b523d4b32,21b2b267-3956-491f-8276-a705b80b3831
f58623b7-b184-4ff3-8d2e-5d6ad4c5697b,69b0e5b9-3be2-4ec3-a9a6-bb5b523d4b32,a980b931-9769-4975-847a-5d81405b213b
f58623b7-b184-4ff3-8d2e-5d6ad4c5697b,8130458f-ae96-4ab3-89b9-21f06a2aac78,a980b931-9769-4975-847a-5d81405b213b
f7406282-1a0b-4ad6-8d04-10d504fd9851,69b0e5b9-3be2-4ec3-a9a6-bb5b523d4b32,23f041c3-638d-574b-a4e5-a6b077194c2f
f7406282-1a0b-4ad6-8d04-10d504fd9851,69b0e5b9-3be2-4ec3-a9a6-bb5b523d4b32,c1d1eb9e-2dcd-5bdd-a0d8-4c5170a8cf96
f7406282-1a0b-4ad6-8d04-10d504fd9851,69b0e5b9-3be2-4ec3-a9a6-bb5b523d4b32,77b47d5a-62e2-11ef-8000-bb3209de79c0
f7406282-1a0b-4ad6-8d04-10d504fd9851,69b0e5b9-3be2-4ec3-a9a6-bb5b523d4b32,da334c89-29ad-56a6-852b-1ab5940f21f6
f7406282-1a0b-4ad6-8d04-10d504fd9851,69b0e5b9-3be2-4ec3-a9a6-bb5b523d4b32,15e9d4fa-482e-5a86-8424-3ef9f5f9e4de
f7406282-1a0b-4ad6-8d04-10d504fd9851,69b0e5b9-3be2-4ec3-a9a6-bb5b523d4b32,58b06ec5-b9df-437d-9ebb-a338dbd9a1ab
f7406282-1a0b-4ad6-8d04-10d504fd9851,69b0e5b9-3be2-4ec3-a9a6-bb5b523d4b32,bbdadac6-65c2-4a03-9f74-9784b916378e
f7406282-1a0b-4ad6-8d04-10d504fd9851,7d11b956-0014-43be-9a3e-f89e2b31ec4f,bbdadac6-65c2-4a03-9f74-9784b916378e
f7a136da-d435-4e05-9869-5aaed237b3cc,69b0e5b9-3be2-4ec3-a9a6-bb5b523d4b32,c37bb10c-96d3-5039-9612-6cd415ce6a23
f7a136da-d435-4e05-9869-5aaed237b3cc,69b0e5b9-3be2-4ec3-a9a6-bb5b523d4b32,eb0e20cb-6cf0-11ef-8000-bb3209de79c0
f7a136da-d435-4e05-9869-5aaed237b3cc,69b0e5b9-3be2-4ec3-a9a6-bb5b523d4b32,da334c89-29ad-56a6-852b-1ab5940f21f6
f7a136da-d435-4e05-9869-5aaed237b3cc,69b0e5b9-3be2-4ec3-a9a6-bb5b523d4b32,779888a3-d01c-54eb-8e23-438f3e093712
f7a136da-d435-4e05-9869-5aaed237b3cc,69b0e5b9-3be2-4ec3-a9a6-bb5b523d4b32,df97bfed-4494-4041-ae94-bfc86d6c9118
f7a136da-d435-4e05-9869-5aaed237b3cc,69b0e5b9-3be2-4ec3-a9a6-bb5b523d4b32,8bf1ea32-e1e8-4196-b346-88614525df2c
f7a136da-d435-4e05-9869-5aaed237b3cc,69b0e5b9-3be2-4ec3-a9a6-bb5b523d4b32,7a1b2a2c-84b5-445e-a06c-fe8b06bc1fbf
f7a136da-d435-4e05-9869-5aaed237b3cc,69b0e5b9-3be2-4ec3-a9a6-bb5b523d4b32,750120c8-1d4b-4fed-8908-ce14e30d3e15
f7a136da-d435-4e05-9869-5aaed237b3cc,69b0e5b9-3be2-4ec3-a9a6-bb5b523d4b32,fcd7f192-b04e-4765-90cf-5cc4f6125619
f7a136da-d435-4e05-9869-5aaed237b3cc,69b0e5b9-3be2-4ec3-a9a6-bb5b523d4b32,21b2b267-3956-491f-8276-a705b80b3831
f7a136da-d435-4e05-9869-5aaed237b3cc,69b0e5b9-3be2-4ec3-a9a6-bb5b523d4b32,a980b931-9769-4975-847a-5d81405b213b
f7a136da-d435-4e05-9869-5aaed237b3cc,8130458f-ae96-4ab3-89b9-21f06a2aac78,a980b931-9769-4975-847a-5d81405b213b
f8daaca3-c180-4b35-ab4c-85612ef66dcf,69b0e5b9-3be2-4ec3-a9a6-bb5b523d4b32,2a0cf3ec-3afd-5350-890e-974a5066c126
f8daaca3-c180-4b35-ab4c-85612ef66dcf,69b0e5b9-3be2-4ec3-a9a6-bb5b523d4b32,1fb11b66-8fb6-594c-9a41-b77941474e29
f8daaca3-c180-4b35-ab4c-85612ef66dcf,69b0e5b9-3be2-4ec3-a9a6-bb5b523d4b32,77b8e3f9-62e2-11ef-8000-bb3209de79c0
f8daaca3-c180-4b35-ab4c-85612ef66dcf,69b0e5b9-3be2-4ec3-a9a6-bb5b523d4b32,da334c89-29ad-56a6-852b-1ab5940f21f6
f8daaca3-c180-4b35-ab4c-85612ef66dcf,69b0e5b9-3be2-4ec3-a9a6-bb5b523d4b32,fb87c18a-ab54-54fd-a304-453da22d068b
f8daaca3-c180-4b35-ab4c-85612ef66dcf,69b0e5b9-3be2-4ec3-a9a6-bb5b523d4b32,efbfe0f6-376d-4461-9f47-f4823d8a426b
f8daaca3-c180-4b35-ab4c-85612ef66dcf,7d11b956-0014-43be-9a3e-f89e2b31ec4f,efbfe0f6-376d-4461-9f47-f4823d8a426b
fba565f5-e89e-40f3-bb1d-32805e835d89,69b0e5b9-3be2-4ec3-a9a6-bb5b523d4b32,23f041c3-638d-574b-a4e5-a6b077194c2f
fba565f5-e89e-40f3-bb1d-32805e835d89,69b0e5b9-3be2-4ec3-a9a6-bb5b523d4b32,fb75a34d-6867-5278-b798-f53a304f773a
fba565f5-e89e-40f3-bb1d-32805e835d89,69b0e5b9-3be2-4ec3-a9a6-bb5b523d4b32,77b481c7-62e2-11ef-8000-bb3209de79c0
fba565f5-e89e-40f3-bb1d-32805e835d89,69b0e5b9-3be2-4ec3-a9a6-bb5b523d4b32,da334c89-29ad-56a6-852b-1ab5940f21f6
fba565f5-e89e-40f3-bb1d-32805e835d89,69b0e5b9-3be2-4ec3-a9a6-bb5b523d4b32,b0ac8d9b-bc34-51e0-ab99-af5226663566
fba565f5-e89e-40f3-bb1d-32805e835d89,69b0e5b9-3be2-4ec3-a9a6-bb5b523d4b32,58b06ec5-b9df-437d-9ebb-a338dbd9a1ab
fba565f5-e89e-40f3-bb1d-32805e835d89,69b0e5b9-3be2-4ec3-a9a6-bb5b523d4b32,bbdadac6-65c2-4a03-9f74-9784b916378e
fba565f5-e89e-40f3-bb1d-32805e835d89,7d11b956-0014-43be-9a3e-f89e2b31ec4f,bbdadac6-65c2-4a03-9f74-9784b916378e
fc07e5f2-a733-4421-8c7c-f2b7faf30ccb,69b0e5b9-3be2-4ec3-a9a6-bb5b523d4b32,c37bb10c-96d3-5039-9612-6cd415ce6a23
fc07e5f2-a733-4421-8c7c-f2b7faf30ccb,69b0e5b9-3be2-4ec3-a9a6-bb5b523d4b32,eac7d045-6cf0-11ef-8000-bb3209de79c0
fc07e5f2-a733-4421-8c7c-f2b7faf30ccb,69b0e5b9-3be2-4ec3-a9a6-bb5b523d4b32,da334c89-29ad-56a6-852b-1ab5940f21f6
fc07e5f2-a733-4421-8c7c-f2b7faf30ccb,69b0e5b9-3be2-4ec3-a9a6-bb5b523d4b32,e082e298-1beb-50b1-92fd-0a1f26252198
fc07e5f2-a733-4421-8c7c-f2b7faf30ccb,69b0e5b9-3be2-4ec3-a9a6-bb5b523d4b32,7beaf4a9-bbe3-4fd9-bfac-746d25703270
fc07e5f2-a733-4421-8c7c-f2b7faf30ccb,69b0e5b9-3be2-4ec3-a9a6-bb5b523d4b32,48bc2f4e-fe5a-41d3-bc7c-5c4bc7c0cd91
fc07e5f2-a733-4421-8c7c-f2b7faf30ccb,69b0e5b9-3be2-4ec3-a9a6-bb5b523d4b32,7a1b2a2c-84b5-445e-a06c-fe8b06bc1fbf
fc07e5f2-a733-4421-8c7c-f2b7faf30ccb,69b0e5b9-3be2-4ec3-a9a6-bb5b523d4b32,750120c8-1d4b-4fed-8908-ce14e30d3e15
fc07e5f2-a733-4421-8c7c-f2b7faf30ccb,69b0e5b9-3be2-4ec3-a9a6-bb5b523d4b32,fcd7f192-b04e-4765-90cf-5cc4f6125619
fc07e5f2-a733-4421-8c7c-f2b7faf30ccb,69b0e5b9-3be2-4ec3-a9a6-bb5b523d4b32,21b2b267-3956-491f-8276-a705b80b3831
fc07e5f2-a733-4421-8c7c-f2b7faf30ccb,69b0e5b9-3be2-4ec3-a9a6-bb5b523d4b32,a980b931-9769-4975-847a-5d81405b213b
fc07e5f2-a733-4421-8c7c-f2b7faf30ccb,8130458f-ae96-4ab3-89b9-21f06a2aac78,a980b931-9769-4975-847a-5d81405b213b
fcd7f192-b04e-4765-90cf-5cc4f6125619,69b0e5b9-3be2-4ec3-a9a6-bb5b523d4b32,05d060c1-56c3-5b67-91d7-17d14081dccc
fcd7f192-b04e-4765-90cf-5cc4f6125619,69b0e5b9-3be2-4ec3-a9a6-bb5b523d4b32,7641a27d-fed1-52b0-a16c-6bf3dc2e24c9
fcd7f192-b04e-4765-90cf-5cc4f6125619,69b0e5b9-3be2-4ec3-a9a6-bb5b523d4b32,77b2db5b-62e2-11ef-8000-bb3209de79c0
fcd7f192-b04e-4765-90cf-5cc4f6125619,69b0e5b9-3be2-4ec3-a9a6-bb5b523d4b32,da334c89-29ad-56a6-852b-1ab5940f21f6
fcd7f192-b04e-4765-90cf-5cc4f6125619,69b0e5b9-3be2-4ec3-a9a6-bb5b523d4b32,74029909-7c2c-5d97-a69f-db14e4d4981b
fcd7f192-b04e-4765-90cf-5cc4f6125619,69b0e5b9-3be2-4ec3-a9a6-bb5b523d4b32,0691e1fe-8efe-41fa-9a0c-dae409285e7d
fcd7f192-b04e-4765-90cf-5cc4f6125619,69b0e5b9-3be2-4ec3-a9a6-bb5b523d4b32,750120c8-1d4b-4fed-8908-ce14e30d3e15
fcd7f192-b04e-4765-90cf-5cc4f6125619,69b0e5b9-3be2-4ec3-a9a6-bb5b523d4b32,5ccc13dd-c63c-4502-aa0d-786410b138cd
fcd7f192-b04e-4765-90cf-5cc4f6125619,7d11b956-0014-43be-9a3e-f89e2b31ec4f,5ccc13dd-c63c-4502-aa0d-786410b138cd
fcdafc67-7cf4-44d6-a0b6-408886e33d4c,69b0e5b9-3be2-4ec3-a9a6-bb5b523d4b32,a38a618d-86f2-52ee-abf2-03feefe10c7d
fcdafc67-7cf4-44d6-a0b6-408886e33d4c,69b0e5b9-3be2-4ec3-a9a6-bb5b523d4b32,eb91eca4-6cf0-11ef-8000-bb3209de79c0
fcdafc67-7cf4-44d6-a0b6-408886e33d4c,69b0e5b9-3be2-4ec3-a9a6-bb5b523d4b32,da334c89-29ad-56a6-852b-1ab5940f21f6
fcdafc67-7cf4-44d6-a0b6-408886e33d4c,69b0e5b9-3be2-4ec3-a9a6-bb5b523d4b32,43da926b-ea4d-5f18-8fd0-0f6edc0c4628
fcdafc67-7cf4-44d6-a0b6-408886e33d4c,69b0e5b9-3be2-4ec3-a9a6-bb5b523d4b32,e28a9f4e-cfc7-4eb4-8058-9d5314414e5e
fcdafc67-7cf4-44d6-a0b6-408886e33d4c,69b0e5b9-3be2-4ec3-a9a6-bb5b523d4b32,5f72e550-6f46-4bd1-a25c-a9b18a8cbb42
fcdafc67-7cf4-44d6-a0b6-408886e33d4c,69b0e5b9-3be2-4ec3-a9a6-bb5b523d4b32,bffc603e-a460-42a9-b283-d1eb45c554cb
fcdafc67-7cf4-44d6-a0b6-408886e33d4c,69b0e5b9-3be2-4ec3-a9a6-bb5b523d4b32,21b2b267-3956-491f-8276-a705b80b3831
fcdafc67-7cf4-44d6-a0b6-408886e33d4c,69b0e5b9-3be2-4ec3-a9a6-bb5b523d4b32,c6f51ca5-f12e-4519-8aaa-d52298bdd431
fcdafc67-7cf4-44d6-a0b6-408886e33d4c,69b0e5b9-3be2-4ec3-a9a6-bb5b523d4b32,e6b0b06d-7f1b-4bbb-be2c-3f8ca5703dde
fcdafc67-7cf4-44d6-a0b6-408886e33d4c,69b0e5b9-3be2-4ec3-a9a6-bb5b523d4b32,c0115cfa-f988-48de-b8c2-3e918b86ee82
fcdafc67-7cf4-44d6-a0b6-408886e33d4c,69b0e5b9-3be2-4ec3-a9a6-bb5b523d4b32,f9d69eb8-9ab7-44da-b9d0-8256de2b4497
fcdafc67-7cf4-44d6-a0b6-408886e33d4c,8130458f-ae96-4ab3-89b9-21f06a2aac78,f9d69eb8-9ab7-44da-b9d0-8256de2b4497
ff2a8d80-8561-4e82-a1c7-430cf791c7c9,69b0e5b9-3be2-4ec3-a9a6-bb5b523d4b32,6026404d-fddf-55c3-be51-306a6b510a6a
ff2a8d80-8561-4e82-a1c7-430cf791c7c9,69b0e5b9-3be2-4ec3-a9a6-bb5b523d4b32,89cdb7fc-d832-5f77-bc30-6207b45a7c77
ff2a8d80-8561-4e82-a1c7-430cf791c7c9,69b0e5b9-3be2-4ec3-a9a6-bb5b523d4b32,77b46ea0-62e2-11ef-8000-bb3209de79c0
ff2a8d80-8561-4e82-a1c7-430cf791c7c9,69b0e5b9-3be2-4ec3-a9a6-bb5b523d4b32,da334c89-29ad-56a6-852b-1ab5940f21f6
ff2a8d80-8561-4e82-a1c7-430cf791c7c9,69b0e5b9-3be2-4ec3-a9a6-bb5b523d4b32,23964ee5-745d-593e-9b50-756dbfdda624
ff2a8d80-8561-4e82-a1c7-430cf791c7c9,69b0e5b9-3be2-4ec3-a9a6-bb5b523d4b32,bffc603e-a460-42a9-b283-d1eb45c554cb
ff2a8d80-8561-4e82-a1c7-430cf791c7c9,69b0e5b9-3be2-4ec3-a9a6-bb5b523d4b32,2c6957c0-48c9-420b-8506-80876d0d268f
ff2a8d80-8561-4e82-a1c7-430cf791c7c9,69b0e5b9-3be2-4ec3-a9a6-bb5b523d4b32,7ff9e52f-bcb2-4070-bfce-e4fdd643cee4
ff2a8d80-8561-4e82-a1c7-430cf791c7c9,69b0e5b9-3be2-4ec3-a9a6-bb5b523d4b32,4ab749af-25a0-4906-8783-9337a543dffa
ff2a8d80-8561-4e82-a1c7-430cf791c7c9,7d11b956-0014-43be-9a3e-f89e2b31ec4f,4ab749af-25a0-4906-8783-9337a543dffa
